Cycle,Time,Iso,Sr88,Fish_id,Watershed,Year,Microns
173,90.652,7.0913680720851313e-001,0.35531922252604836,2015_yk_587a,Yukon,2015,181.304
174,91.176,7.0754116803147338e-001,0.7133692541887985,2015_yk_587a,Yukon,2015,182.352
175,91.7,7.0729102260936838e-001,0.8345761037963363,2015_yk_587a,Yukon,2015,183.4
176,92.224,7.0561738337947855e-001,0.8453443530379352,2015_yk_587a,Yukon,2015,184.448
177,92.748,7.0425857112808321e-001,0.8293063123266472,2015_yk_587a,Yukon,2015,185.496
178,93.272,7.0677111721385866e-001,0.8299392589892243,2015_yk_587a,Yukon,2015,186.544
179,93.796,7.0472705409650571e-001,0.8374890465910425,2015_yk_587a,Yukon,2015,187.592
180,94.32000000000001,7.0439174976431940e-001,0.8169112362762696,2015_yk_587a,Yukon,2015,188.64000000000001
181,94.84400000000001,7.0539779550905657e-001,0.8016444536837964,2015_yk_587a,Yukon,2015,189.68800000000002
182,95.36800000000001,7.0459607858318740e-001,0.8137249114576747,2015_yk_587a,Yukon,2015,190.73600000000002
183,95.89200000000001,7.0525181432139683e-001,0.8278979791878115,2015_yk_587a,Yukon,2015,191.78400000000002
184,96.41600000000001,7.0454735477317632e-001,0.8238462823544802,2015_yk_587a,Yukon,2015,192.83200000000002
185,96.94,7.0444384448698583e-001,0.7960497586599676,2015_yk_587a,Yukon,2015,193.88
186,97.464,7.0590661543521627e-001,0.7867471341314861,2015_yk_587a,Yukon,2015,194.928
187,97.988,7.0506204492340629e-001,0.8190546548239032,2015_yk_587a,Yukon,2015,195.976
188,98.512,7.0426179172692394e-001,0.774545982502021,2015_yk_587a,Yukon,2015,197.024
189,99.036,7.0538047901879408e-001,0.741605607508586,2015_yk_587a,Yukon,2015,198.072
190,99.56,7.0563010367789081e-001,0.742458141375945,2015_yk_587a,Yukon,2015,199.12
191,100.084,7.0503827843864497e-001,0.7622089617477464,2015_yk_587a,Yukon,2015,200.168
192,100.608,7.0425309529636571e-001,0.7312952478814725,2015_yk_587a,Yukon,2015,201.216
193,101.132,7.0455630949869230e-001,0.7116351160318829,2015_yk_587a,Yukon,2015,202.264
194,101.656,7.0390090507683101e-001,0.7146160554319219,2015_yk_587a,Yukon,2015,203.312
195,102.18,7.0566034541393108e-001,0.723970613449658,2015_yk_587a,Yukon,2015,204.36
196,102.70400000000001,7.0578924425026790e-001,0.7019448828347435,2015_yk_587a,Yukon,2015,205.40800000000002
197,103.22800000000001,7.0532911272512921e-001,0.7015897322200187,2015_yk_587a,Yukon,2015,206.45600000000002
198,103.75200000000001,7.0528441141303666e-001,0.723891131514899,2015_yk_587a,Yukon,2015,207.50400000000002
199,104.27600000000001,7.0439139795913752e-001,0.7023963286646075,2015_yk_587a,Yukon,2015,208.55200000000002
200,104.80000000000001,7.0555058403853543e-001,0.693933265749173,2015_yk_587a,Yukon,2015,209.60000000000002
201,105.32400000000001,7.0691790381603226e-001,0.6962584727770128,2015_yk_587a,Yukon,2015,210.64800000000002
202,105.848,7.0674935077370349e-001,0.6999987960244949,2015_yk_587a,Yukon,2015,211.696
203,106.372,7.0649268930968678e-001,0.6858489187724707,2015_yk_587a,Yukon,2015,212.744
204,106.896,7.0531360368293694e-001,0.6851597513046707,2015_yk_587a,Yukon,2015,213.792
205,107.42,7.0526668178051233e-001,0.6941042476650495,2015_yk_587a,Yukon,2015,214.84
206,107.944,7.0594747827065463e-001,0.6910570849755635,2015_yk_587a,Yukon,2015,215.888
207,108.468,7.0565144405110536e-001,0.6919275677102209,2015_yk_587a,Yukon,2015,216.936
208,108.992,7.0576312152971821e-001,0.6852017790754537,2015_yk_587a,Yukon,2015,217.984
209,109.516,7.0538520210554623e-001,0.6983834237405347,2015_yk_587a,Yukon,2015,219.032
210,110.04,7.0407173985487925e-001,0.7331332654173354,2015_yk_587a,Yukon,2015,220.08
211,110.56400000000001,7.0469524271262751e-001,0.7230523318610644,2015_yk_587a,Yukon,2015,221.12800000000001
212,111.08800000000001,7.0302807863602934e-001,0.6975204968546087,2015_yk_587a,Yukon,2015,222.17600000000002
213,111.61200000000001,7.0590660351186496e-001,0.698513102717078,2015_yk_587a,Yukon,2015,223.22400000000002
214,112.13600000000001,7.0147631240836694e-001,0.7187101953590913,2015_yk_587a,Yukon,2015,224.27200000000002
215,112.66000000000001,7.0647933331403290e-001,0.6998982846683002,2015_yk_587a,Yukon,2015,225.32000000000002
216,113.18400000000001,7.0547190154216322e-001,0.69523583419209245,2015_yk_587a,Yukon,2015,226.36800000000002
217,113.708,7.0635426252593314e-001,0.7199446067333742,2015_yk_587a,Yukon,2015,227.416
218,114.232,7.0713269864573225e-001,0.7193617934401522,2015_yk_587a,Yukon,2015,228.464
219,114.756,7.0671016555225319e-001,0.7080241104406896,2015_yk_587a,Yukon,2015,229.512
220,115.28,7.0605289896187717e-001,0.7008339069547408,2015_yk_587a,Yukon,2015,230.56
221,115.804,7.0590030590874675e-001,0.7096306588406097,2015_yk_587a,Yukon,2015,231.608
222,116.328,7.0732837094872303e-001,0.7107444766343792,2015_yk_587a,Yukon,2015,232.656
223,116.852,7.0347853212630318e-001,0.7072474591004412,2015_yk_587a,Yukon,2015,233.704
224,117.376,7.0546836787017064e-001,0.7070896677492547,2015_yk_587a,Yukon,2015,234.752
225,117.9,7.0434150074616131e-001,0.7275051666170796,2015_yk_587a,Yukon,2015,235.8
226,118.424,7.0476202939599653e-001,0.7172956365005152,2015_yk_587a,Yukon,2015,236.848
227,118.94800000000001,7.0472975247314107e-001,0.7034489008721828,2015_yk_587a,Yukon,2015,237.89600000000002
228,119.47200000000001,7.0558835457406166e-001,0.729566429738104,2015_yk_587a,Yukon,2015,238.94400000000002
229,119.99600000000001,7.0548770067201483e-001,0.7401255938044602,2015_yk_587a,Yukon,2015,239.99200000000002
230,120.52000000000001,7.0494312442861951e-001,0.710829747460438,2015_yk_587a,Yukon,2015,241.04000000000002
231,121.04400000000001,7.0515429906072036e-001,0.7141630671838128,2015_yk_587a,Yukon,2015,242.08800000000002
232,121.56800000000001,7.0664958713224080e-001,0.7196865510916202,2015_yk_587a,Yukon,2015,243.13600000000002
233,122.09200000000001,7.0418867585475697e-001,0.7192131468557761,2015_yk_587a,Yukon,2015,244.18400000000003
234,122.616,7.0561470222009959e-001,0.7143247852498988,2015_yk_587a,Yukon,2015,245.232
235,123.14,7.0538201246679400e-001,0.7175394093802581,2015_yk_587a,Yukon,2015,246.28
236,123.664,7.0655683788792090e-001,0.7187382756843501,2015_yk_587a,Yukon,2015,247.328
237,124.188,7.0505353035437346e-001,0.7027128799481844,2015_yk_587a,Yukon,2015,248.376
238,124.712,7.0546504298729396e-001,0.693819502941707,2015_yk_587a,Yukon,2015,249.424
239,125.236,7.0736566729034556e-001,0.7009524271348985,2015_yk_587a,Yukon,2015,250.472
240,125.76,7.0504724995278445e-001,0.7221811039031301,2015_yk_587a,Yukon,2015,251.52
241,126.284,7.0627462796244500e-001,0.711964398831171,2015_yk_587a,Yukon,2015,252.568
242,126.808,7.0598536851427440e-001,0.6994247308133363,2015_yk_587a,Yukon,2015,253.616
243,127.33200000000001,7.0577332729420506e-001,0.7059031288109686,2015_yk_587a,Yukon,2015,254.66400000000002
244,127.85600000000001,7.0610142647733776e-001,0.7296675175403106,2015_yk_587a,Yukon,2015,255.71200000000002
245,128.38,7.0487972357466555e-001,0.709599473595868,2015_yk_587a,Yukon,2015,256.76
246,128.904,7.0598783491433126e-001,0.6978712340968765,2015_yk_587a,Yukon,2015,257.808
247,129.428,7.0566623731521017e-001,0.7123552047698699,2015_yk_587a,Yukon,2015,258.856
248,129.952,7.0573215881522566e-001,0.7220987074408856,2015_yk_587a,Yukon,2015,259.904
249,130.476,7.0686263800602966e-001,0.6904405822952658,2015_yk_587a,Yukon,2015,260.952
250,131,7.0616075716588789e-001,0.6954514522442445,2015_yk_587a,Yukon,2015,262
251,131.524,7.0519306412520011e-001,0.7072137139798732,2015_yk_587a,Yukon,2015,263.048
252,132.048,7.0485301246573751e-001,0.7133177449151752,2015_yk_587a,Yukon,2015,264.096
253,132.572,7.0511828636275664e-001,0.69270986313504,2015_yk_587a,Yukon,2015,265.144
254,133.096,7.0704151262946113e-001,0.6852199278394278,2015_yk_587a,Yukon,2015,266.192
255,133.62,7.0540342412940105e-001,0.7020529210676769,2015_yk_587a,Yukon,2015,267.24
256,134.144,7.0552549486032856e-001,0.7056142006551798,2015_yk_587a,Yukon,2015,268.288
257,134.668,7.0731792771941149e-001,0.687935144624963,2015_yk_587a,Yukon,2015,269.336
258,135.192,7.0502808306468412e-001,0.6873290898174395,2015_yk_587a,Yukon,2015,270.384
259,135.716,7.0531093036934744e-001,0.7022905074577521,2015_yk_587a,Yukon,2015,271.432
260,136.24,7.0405376467287950e-001,0.6827164776909058,2015_yk_587a,Yukon,2015,272.48
261,136.764,7.0685787463074079e-001,0.6701714545758907,2015_yk_587a,Yukon,2015,273.528
262,137.288,7.0403604097786554e-001,0.6750070475301027,2015_yk_587a,Yukon,2015,274.576
263,137.812,7.0561732080983997e-001,0.6991463079479612,2015_yk_587a,Yukon,2015,275.624
264,138.336,7.0508301391500938e-001,0.6773192192836243,2015_yk_587a,Yukon,2015,276.672
265,138.86,7.0720842334441592e-001,0.6674418985011471,2015_yk_587a,Yukon,2015,277.72
266,139.38400000000001,7.0665442146724844e-001,0.6920336615010754,2015_yk_587a,Yukon,2015,278.76800000000003
267,139.90800000000002,7.0611555808231263e-001,0.7074792826206541,2015_yk_587a,Yukon,2015,279.81600000000003
268,140.43200000000002,7.0711373849411885e-001,0.6685273781990518,2015_yk_587a,Yukon,2015,280.86400000000003
269,140.95600000000002,7.0609272272923873e-001,0.6718325671798082,2015_yk_587a,Yukon,2015,281.91200000000003
270,141.48000000000002,7.0563870757597980e-001,0.6918227604033749,2015_yk_587a,Yukon,2015,282.96000000000004
271,142.00400000000002,7.0605710306741265e-001,0.6772820811186467,2015_yk_587a,Yukon,2015,284.00800000000004
272,142.52800000000002,7.0628650952100847e-001,0.6712588797163753,2015_yk_587a,Yukon,2015,285.05600000000004
273,143.05200000000002,7.0686201456884745e-001,0.6734511537073871,2015_yk_587a,Yukon,2015,286.10400000000004
274,143.576,7.0703517945235406e-001,0.6954655294047284,2015_yk_587a,Yukon,2015,287.152
275,144.1,7.0761536065135977e-001,0.6960615684081403,2015_yk_587a,Yukon,2015,288.2
276,144.624,7.0564884675778172e-001,0.6791911159605736,2015_yk_587a,Yukon,2015,289.248
277,145.148,7.0642400762598034e-001,0.6864087306051697,2015_yk_587a,Yukon,2015,290.296
278,145.672,7.0650553784916481e-001,0.7072178919013642,2015_yk_587a,Yukon,2015,291.344
279,146.196,7.0685409205269101e-001,0.6906905333952444,2015_yk_587a,Yukon,2015,292.392
280,146.72,7.0532747145732200e-001,0.6806293012095256,2015_yk_587a,Yukon,2015,293.44
281,147.244,7.0788581611417500e-001,0.7054681549983071,2015_yk_587a,Yukon,2015,294.488
282,147.768,7.0659751634949075e-001,0.727344721989526,2015_yk_587a,Yukon,2015,295.536
283,148.292,7.0693693069876218e-001,0.7256951605063886,2015_yk_587a,Yukon,2015,296.584
284,148.816,7.0768041062566811e-001,0.7168636601797913,2015_yk_587a,Yukon,2015,297.632
285,149.34,7.0788541704752805e-001,0.7128822481203161,2015_yk_587a,Yukon,2015,298.68
286,149.864,7.0617855525685025e-001,0.7238643154901239,2015_yk_587a,Yukon,2015,299.728
287,150.388,7.0658475409417421e-001,0.7042230768358863,2015_yk_587a,Yukon,2015,300.776
288,150.912,7.0494157480013209e-001,0.6986325465254782,2015_yk_587a,Yukon,2015,301.824
289,151.436,7.0802970673488308e-001,0.7160284673942908,2015_yk_587a,Yukon,2015,302.872
290,151.96,7.0680505674416017e-001,0.7410512699548468,2015_yk_587a,Yukon,2015,303.92
291,152.484,7.0607697229102051e-001,0.7280105616619312,2015_yk_587a,Yukon,2015,304.968
292,153.008,7.0744626460326265e-001,0.7300129575964786,2015_yk_587a,Yukon,2015,306.016
293,153.532,7.0847433298097362e-001,0.7509526544862406,2015_yk_587a,Yukon,2015,307.064
294,154.056,7.0667541554290725e-001,0.7543357537901314,2015_yk_587a,Yukon,2015,308.112
295,154.58,7.0918316153120708e-001,0.7445797540454362,2015_yk_587a,Yukon,2015,309.16
296,155.104,7.0723503517062647e-001,0.7607858852768301,2015_yk_587a,Yukon,2015,310.208
297,155.62800000000001,7.0782888345649975e-001,0.7634924665610402,2015_yk_587a,Yukon,2015,311.25600000000003
298,156.15200000000002,7.0866123330696673e-001,0.7789912312024534,2015_yk_587a,Yukon,2015,312.30400000000003
299,156.67600000000002,7.0711104701222938e-001,0.7831401542965016,2015_yk_587a,Yukon,2015,313.35200000000003
300,157.20000000000002,7.0843254479252515e-001,0.8060827995721381,2015_yk_587a,Yukon,2015,314.40000000000003
301,157.72400000000002,7.0837430295277259e-001,0.8118096122160425,2015_yk_587a,Yukon,2015,315.44800000000004
302,158.24800000000002,7.0881601523092685e-001,0.8016055448837491,2015_yk_587a,Yukon,2015,316.49600000000004
303,158.77200000000002,7.0885435678781272e-001,0.8100429573158597,2015_yk_587a,Yukon,2015,317.54400000000004
304,159.29600000000002,7.0757610618722189e-001,0.8305120421220197,2015_yk_587a,Yukon,2015,318.59200000000004
305,159.82,7.0840823785015672e-001,0.8566786998220206,2015_yk_587a,Yukon,2015,319.64
306,160.344,7.0797423808891902e-001,0.8501775424181861,2015_yk_587a,Yukon,2015,320.688
307,160.868,7.0663745745816153e-001,0.8479170341268214,2015_yk_587a,Yukon,2015,321.736
308,161.392,7.0799306348697089e-001,0.8944446505346503,2015_yk_587a,Yukon,2015,322.784
309,161.916,7.0846119935470164e-001,0.9062176933748157,2015_yk_587a,Yukon,2015,323.832
310,162.44,7.0841774432753557e-001,0.8771216474300697,2015_yk_587a,Yukon,2015,324.88
311,162.964,7.0857334642499026e-001,0.8863155575008902,2015_yk_587a,Yukon,2015,325.928
312,163.488,7.0933162208679434e-001,0.9217191068017309,2015_yk_587a,Yukon,2015,326.976
313,164.012,7.0676037517697721e-001,0.9322252138849696,2015_yk_587a,Yukon,2015,328.024
314,164.536,7.0914616878676628e-001,0.9459431245717922,2015_yk_587a,Yukon,2015,329.072
315,165.06,7.0917790902282285e-001,0.9732440298429483,2015_yk_587a,Yukon,2015,330.12
316,165.584,7.0763072039816133e-001,0.9601377489238491,2015_yk_587a,Yukon,2015,331.168
317,166.108,7.0878381076002073e-001,0.9704468256159954,2015_yk_587a,Yukon,2015,332.216
318,166.632,7.0833421989311296e-001,0.9856438018685328,2015_yk_587a,Yukon,2015,333.264
319,167.156,7.0780770116127845e-001,1.0182519123131073,2015_yk_587a,Yukon,2015,334.312
320,167.68,7.0979741989344680e-001,1.0229853761942451,2015_yk_587a,Yukon,2015,335.36
321,168.204,7.0895195130762989e-001,1.0306364714439429,2015_yk_587a,Yukon,2015,336.408
322,168.728,7.0916282439580069e-001,1.048963410779878,2015_yk_587a,Yukon,2015,337.456
323,169.252,7.0992938967290131e-001,1.0687278731517498,2015_yk_587a,Yukon,2015,338.504
324,169.776,7.0857318542780889e-001,1.051488168665022,2015_yk_587a,Yukon,2015,339.552
325,170.3,7.0985069753706098e-001,1.059733041158608,2015_yk_587a,Yukon,2015,340.6
326,170.824,7.0782382577150882e-001,1.0860949990379345,2015_yk_587a,Yukon,2015,341.648
327,171.348,7.0935557651670855e-001,1.114575877882173,2015_yk_587a,Yukon,2015,342.696
328,171.872,7.0883562819939494e-001,1.1025044196236835,2015_yk_587a,Yukon,2015,343.744
329,172.39600000000002,7.0781224564258960e-001,1.110756599271831,2015_yk_587a,Yukon,2015,344.79200000000003
330,172.92000000000002,7.0955926473106012e-001,1.1488436948523522,2015_yk_587a,Yukon,2015,345.84000000000003
331,173.44400000000002,7.0933338012214442e-001,1.1567662385563615,2015_yk_587a,Yukon,2015,346.88800000000003
332,173.96800000000002,7.0785101779757520e-001,1.1428606398235464,2015_yk_587a,Yukon,2015,347.93600000000004
333,174.49200000000002,7.0892786095624982e-001,1.1418009939064468,2015_yk_587a,Yukon,2015,348.98400000000004
334,175.01600000000002,7.0858954716975742e-001,1.1851020760725264,2015_yk_587a,Yukon,2015,350.03200000000004
335,175.54000000000002,7.0868188075314165e-001,1.1861477485298275,2015_yk_587a,Yukon,2015,351.08000000000004
336,176.06400000000002,7.0889622244379458e-001,1.1965701598223215,2015_yk_587a,Yukon,2015,352.12800000000004
337,176.58800000000002,7.0931905748784552e-001,1.21585561973083,2015_yk_587a,Yukon,2015,353.17600000000004
338,177.112,7.0969273582249115e-001,1.2456820989964172,2015_yk_587a,Yukon,2015,354.224
339,177.636,7.0855038296506045e-001,1.2308885686565474,2015_yk_587a,Yukon,2015,355.272
340,178.16,7.0808842279906403e-001,1.2366441329890572,2015_yk_587a,Yukon,2015,356.32
341,178.684,7.0984232680617432e-001,1.2281248826694051,2015_yk_587a,Yukon,2015,357.368
342,179.208,7.0968131438910043e-001,1.265079360786882,2015_yk_587a,Yukon,2015,358.416
343,179.732,7.0960077237209063e-001,1.275682880511475,2015_yk_587a,Yukon,2015,359.464
344,180.256,7.0817094002770431e-001,1.2685057720394222,2015_yk_587a,Yukon,2015,360.512
345,180.78,7.0879776042331144e-001,1.259781040778818,2015_yk_587a,Yukon,2015,361.56
346,181.304,7.0922157202527969e-001,1.2983652487349069,2015_yk_587a,Yukon,2015,362.608
347,181.828,7.0854178951406710e-001,1.321772390593284,2015_yk_587a,Yukon,2015,363.656
348,182.352,7.0837128984935682e-001,1.2933301841789724,2015_yk_587a,Yukon,2015,364.704
349,182.876,7.0971307298265418e-001,1.2854482611798146,2015_yk_587a,Yukon,2015,365.752
350,183.4,7.0947899973830275e-001,1.2708925717204873,2015_yk_587a,Yukon,2015,366.8
351,183.924,7.0864395501452415e-001,1.2479076282095465,2015_yk_587a,Yukon,2015,367.848
352,184.448,7.0933355075066740e-001,1.27037787155078,2015_yk_587a,Yukon,2015,368.896
353,184.972,7.0896234816890069e-001,1.310299848709373,2015_yk_587a,Yukon,2015,369.944
354,185.496,7.0986043853824599e-001,1.3205437148937231,2015_yk_587a,Yukon,2015,370.992
355,186.02,7.0892303650746669e-001,1.294167209269547,2015_yk_587a,Yukon,2015,372.04
356,186.544,7.0975010364502444e-001,1.3288193688674144,2015_yk_587a,Yukon,2015,373.088
357,187.068,7.0856443760953713e-001,1.3789296644897997,2015_yk_587a,Yukon,2015,374.136
358,187.592,7.0894621527662283e-001,1.3488978962776563,2015_yk_587a,Yukon,2015,375.184
359,188.116,7.0866965346057920e-001,1.3165992572837115,2015_yk_587a,Yukon,2015,376.232
360,188.64000000000001,7.0925000693745988e-001,1.3629319013235563,2015_yk_587a,Yukon,2015,377.28000000000003
361,189.16400000000002,7.0975753556314913e-001,1.3861270045669507,2015_yk_587a,Yukon,2015,378.32800000000003
362,189.68800000000002,7.0854294545857799e-001,1.3614991960779446,2015_yk_587a,Yukon,2015,379.37600000000003
363,190.21200000000002,7.0854795829093298e-001,1.3687932631764637,2015_yk_587a,Yukon,2015,380.42400000000004
364,190.73600000000002,7.0971949902380105e-001,1.3621131684165213,2015_yk_587a,Yukon,2015,381.47200000000004
365,191.26000000000002,7.0951080854711868e-001,1.3928875379125727,2015_yk_587a,Yukon,2015,382.52000000000004
366,191.78400000000002,7.0895648888584906e-001,1.402517676097416,2015_yk_587a,Yukon,2015,383.56800000000004
367,192.30800000000002,7.0919798155489411e-001,1.355636189791661,2015_yk_587a,Yukon,2015,384.61600000000004
368,192.83200000000002,7.0864824681516625e-001,1.3770663241404295,2015_yk_587a,Yukon,2015,385.66400000000004
369,193.356,7.0928347141262038e-001,1.394179811149605,2015_yk_587a,Yukon,2015,386.712
370,193.88,7.0924885631033863e-001,1.4081168767911512,2015_yk_587a,Yukon,2015,387.76
371,194.404,7.0991403473545633e-001,1.378248820871803,2015_yk_587a,Yukon,2015,388.808
372,194.928,7.0895215938605605e-001,1.3876447901899462,2015_yk_587a,Yukon,2015,389.856
373,195.452,7.0879389162101514e-001,1.350193063246707,2015_yk_587a,Yukon,2015,390.904
374,195.976,7.0898913742543235e-001,1.390149918401365,2015_yk_587a,Yukon,2015,391.952
375,196.5,7.0889502544467953e-001,1.414677020385667,2015_yk_587a,Yukon,2015,393
376,197.024,7.0914587877520152e-001,1.3876689377496998,2015_yk_587a,Yukon,2015,394.048
377,197.548,7.0941457610621006e-001,1.4022218355201934,2015_yk_587a,Yukon,2015,395.096
378,198.072,7.0939568682153864e-001,1.4144137232820433,2015_yk_587a,Yukon,2015,396.144
379,198.596,7.0951796656111088e-001,1.428169119063582,2015_yk_587a,Yukon,2015,397.192
380,199.12,7.0825192230158229e-001,1.3951495635600082,2015_yk_587a,Yukon,2015,398.24
381,199.644,7.0902303515685350e-001,1.3983571718218797,2015_yk_587a,Yukon,2015,399.288
382,200.168,7.0910161119031800e-001,1.3945164397428789,2015_yk_587a,Yukon,2015,400.336
383,200.692,7.0886346192987215e-001,1.3911772644729317,2015_yk_587a,Yukon,2015,401.384
384,201.216,7.0968255771622890e-001,1.4070899095600982,2015_yk_587a,Yukon,2015,402.432
385,201.74,7.0920423303283886e-001,1.4210417491353986,2015_yk_587a,Yukon,2015,403.48
386,202.264,7.0955172337991901e-001,1.4069939685589976,2015_yk_587a,Yukon,2015,404.528
387,202.788,7.0919037078572200e-001,1.387180016972947,2015_yk_587a,Yukon,2015,405.576
388,203.312,7.0963212731085501e-001,1.3755783096225973,2015_yk_587a,Yukon,2015,406.624
389,203.836,7.0894402256025235e-001,1.416908284027446,2015_yk_587a,Yukon,2015,407.672
390,204.36,7.0968435348689907e-001,1.4014214656429262,2015_yk_587a,Yukon,2015,408.72
391,204.88400000000001,7.0902932542454067e-001,1.3710719437193146,2015_yk_587a,Yukon,2015,409.76800000000003
392,205.40800000000002,7.0934305362090311e-001,1.3798460482878785,2015_yk_587a,Yukon,2015,410.81600000000003
393,205.93200000000002,7.0904208670291602e-001,1.3838954532475058,2015_yk_587a,Yukon,2015,411.86400000000003
394,206.45600000000002,7.0908666426999123e-001,1.3799343814372331,2015_yk_587a,Yukon,2015,412.91200000000003
395,206.98000000000002,7.0834168634653927e-001,1.378266871510106,2015_yk_587a,Yukon,2015,413.96000000000004
396,207.50400000000002,7.0933708217091251e-001,1.3864656022840762,2015_yk_587a,Yukon,2015,415.00800000000004
397,208.02800000000002,7.0848829052833906e-001,1.4342305632961718,2015_yk_587a,Yukon,2015,416.05600000000004
398,208.55200000000002,7.0964229021025826e-001,1.4181712168943683,2015_yk_587a,Yukon,2015,417.10400000000004
399,209.07600000000002,7.0880392066956932e-001,1.4344364491486905,2015_yk_587a,Yukon,2015,418.15200000000004
400,209.60000000000002,7.0926097692282619e-001,1.4607932269418165,2015_yk_587a,Yukon,2015,419.20000000000005
401,210.12400000000002,7.0939424576472632e-001,1.4156324999548704,2015_yk_587a,Yukon,2015,420.24800000000005
402,210.648,7.0941643816480471e-001,1.3800375764830364,2015_yk_587a,Yukon,2015,421.296
403,211.172,7.0916581905606779e-001,1.3973471359339902,2015_yk_587a,Yukon,2015,422.344
404,211.696,7.0816989987238765e-001,1.3907764809034746,2015_yk_587a,Yukon,2015,423.392
405,212.22,7.0918169161661571e-001,1.3650942242398505,2015_yk_587a,Yukon,2015,424.44
406,212.744,7.0985703654382237e-001,1.3628684162568463,2015_yk_587a,Yukon,2015,425.488
407,213.268,7.0919942011011017e-001,1.4137773535484617,2015_yk_587a,Yukon,2015,426.536
408,213.792,7.0943376867086450e-001,1.416954546622495,2015_yk_587a,Yukon,2015,427.584
409,214.316,7.0928434082877578e-001,1.3854110257985368,2015_yk_587a,Yukon,2015,428.632
410,214.84,7.0871081250003820e-001,1.408949783918638,2015_yk_587a,Yukon,2015,429.68
411,215.364,7.0915729080818968e-001,1.4382587795259407,2015_yk_587a,Yukon,2015,430.728
412,215.888,7.0893294688920738e-001,1.4245947002684138,2015_yk_587a,Yukon,2015,431.776
413,216.412,7.0939575482498485e-001,1.370374333139305,2015_yk_587a,Yukon,2015,432.824
414,216.936,7.0956320488982016e-001,1.3847049928577833,2015_yk_587a,Yukon,2015,433.872
415,217.46,7.0861329527072059e-001,1.40337363181506,2015_yk_587a,Yukon,2015,434.92
416,217.984,7.0954450394803015e-001,1.354791286758381,2015_yk_587a,Yukon,2015,435.968
417,218.508,7.0917890985825027e-001,1.3434868420493853,2015_yk_587a,Yukon,2015,437.016
418,219.032,7.1007084817403898e-001,1.420438036524143,2015_yk_587a,Yukon,2015,438.064
419,219.556,7.0890002080299352e-001,1.4287754454275414,2015_yk_587a,Yukon,2015,439.112
420,220.08,7.0932748427388181e-001,1.3926933994564965,2015_yk_587a,Yukon,2015,440.16
421,220.604,7.0904733353074711e-001,1.3869450634576472,2015_yk_587a,Yukon,2015,441.208
422,221.12800000000001,7.0863950215282223e-001,1.4139679555874676,2015_yk_587a,Yukon,2015,442.25600000000003
423,221.65200000000002,7.0851150936480467e-001,1.4099102789267142,2015_yk_587a,Yukon,2015,443.30400000000003
424,222.17600000000002,7.0982246438270913e-001,1.3936095096188517,2015_yk_587a,Yukon,2015,444.35200000000003
425,222.70000000000002,7.0882528168611481e-001,1.402525759897733,2015_yk_587a,Yukon,2015,445.40000000000003
426,223.22400000000002,7.0878770290154369e-001,1.4514519720838452,2015_yk_587a,Yukon,2015,446.44800000000004
427,223.74800000000002,7.0947375401143042e-001,1.4449808331616183,2015_yk_587a,Yukon,2015,447.49600000000004
428,224.27200000000002,7.0917306098321364e-001,1.402955873641641,2015_yk_587a,Yukon,2015,448.54400000000004
429,224.79600000000002,7.0813301258978034e-001,1.4250800012548437,2015_yk_587a,Yukon,2015,449.59200000000004
430,225.32000000000002,7.0900146549169740e-001,1.4390046816536295,2015_yk_587a,Yukon,2015,450.64000000000004
431,225.84400000000002,7.0873497469829549e-001,1.4151540739414246,2015_yk_587a,Yukon,2015,451.68800000000005
432,226.36800000000002,7.0903361676910492e-001,1.41591434770293,2015_yk_587a,Yukon,2015,452.73600000000005
433,226.892,7.1016826402554711e-001,1.4509227919971206,2015_yk_587a,Yukon,2015,453.784
434,227.416,7.0882302818856291e-001,1.4596869656289573,2015_yk_587a,Yukon,2015,454.832
435,227.94,7.0885994809381714e-001,1.4209852689722984,2015_yk_587a,Yukon,2015,455.88
436,228.464,7.0923765124912530e-001,1.397381022695558,2015_yk_587a,Yukon,2015,456.928
437,228.988,7.0863698961076982e-001,1.4352414762697523,2015_yk_587a,Yukon,2015,457.976
438,229.512,7.0938432008616870e-001,1.4822245052119751,2015_yk_587a,Yukon,2015,459.024
439,230.036,7.0957263763692513e-001,1.4461466118012245,2015_yk_587a,Yukon,2015,460.072
440,230.56,7.0870755419780473e-001,1.4293603938505632,2015_yk_587a,Yukon,2015,461.12
441,231.084,7.0863975378171051e-001,1.4468116110460167,2015_yk_587a,Yukon,2015,462.168
442,231.608,7.0856341147432178e-001,1.4393571281980293,2015_yk_587a,Yukon,2015,463.216
443,232.132,7.1008020163405960e-001,1.4626371948039931,2015_yk_587a,Yukon,2015,464.264
444,232.656,7.0872101709858981e-001,1.4647878058951889,2015_yk_587a,Yukon,2015,465.312
445,233.18,7.0824255189300866e-001,1.4829485828738604,2015_yk_587a,Yukon,2015,466.36
446,233.704,7.0883691687130834e-001,1.4769026487812775,2015_yk_587a,Yukon,2015,467.408
447,234.228,7.0978793074541757e-001,1.418111926195821,2015_yk_587a,Yukon,2015,468.456
448,234.752,7.0900157495411065e-001,1.4438870526781007,2015_yk_587a,Yukon,2015,469.504
449,235.276,7.0958801449633757e-001,1.431410143631234,2015_yk_587a,Yukon,2015,470.552
450,235.8,7.0965270463545649e-001,1.41546949565095,2015_yk_587a,Yukon,2015,471.6
451,236.324,7.0829231800639669e-001,1.414130186909293,2015_yk_587a,Yukon,2015,472.648
452,236.848,7.0874742524775569e-001,1.425861328702701,2015_yk_587a,Yukon,2015,473.696
453,237.372,7.0907251802454674e-001,1.4332067231602308,2015_yk_587a,Yukon,2015,474.744
454,237.89600000000002,7.0954404947529159e-001,1.4379351255413169,2015_yk_587a,Yukon,2015,475.79200000000003
455,238.42000000000002,7.0852680782328847e-001,1.4406102682422623,2015_yk_587a,Yukon,2015,476.84000000000003
456,238.94400000000002,7.0895674405144038e-001,1.4724748736551965,2015_yk_587a,Yukon,2015,477.88800000000003
457,239.46800000000002,7.0888619084762583e-001,1.4671537437746436,2015_yk_587a,Yukon,2015,478.93600000000004
458,239.99200000000002,7.0944700349866219e-001,1.4262953066364028,2015_yk_587a,Yukon,2015,479.98400000000004
459,240.51600000000002,7.0918738691169736e-001,1.443213454000887,2015_yk_587a,Yukon,2015,481.03200000000004
460,241.04000000000002,7.0941490592916778e-001,1.4770157753109028,2015_yk_587a,Yukon,2015,482.08000000000004
461,241.56400000000002,7.0985619872870565e-001,1.463392450238307,2015_yk_587a,Yukon,2015,483.12800000000004
462,242.08800000000002,7.0954658927443992e-001,1.4434322321095157,2015_yk_587a,Yukon,2015,484.17600000000004
463,242.61200000000002,7.0935627303493842e-001,1.4623970303175415,2015_yk_587a,Yukon,2015,485.22400000000005
464,243.13600000000002,7.0887730223476908e-001,1.4843524646714088,2015_yk_587a,Yukon,2015,486.27200000000005
465,243.66000000000003,7.0868812152699090e-001,1.4412884979638654,2015_yk_587a,Yukon,2015,487.32000000000005
466,244.184,7.0996081521743293e-001,1.41421049713737,2015_yk_587a,Yukon,2015,488.368
467,244.708,7.0939097718644317e-001,1.4498661488055824,2015_yk_587a,Yukon,2015,489.416
468,245.232,7.0837025203251958e-001,1.4733189651727676,2015_yk_587a,Yukon,2015,490.464
469,245.756,7.1030802569935592e-001,1.4698592782756985,2015_yk_587a,Yukon,2015,491.512
470,246.28,7.0854539080002610e-001,1.457326045442641,2015_yk_587a,Yukon,2015,492.56
471,246.804,7.0892613758400669e-001,1.4862471241978197,2015_yk_587a,Yukon,2015,493.608
472,247.328,7.0859019652680366e-001,1.4809086987023723,2015_yk_587a,Yukon,2015,494.656
473,247.852,7.0925943450629214e-001,1.4527755072010116,2015_yk_587a,Yukon,2015,495.704
474,248.376,7.0934724369973523e-001,1.468921216564538,2015_yk_587a,Yukon,2015,496.752
475,248.9,7.0876539530054483e-001,1.4996681665332627,2015_yk_587a,Yukon,2015,497.8
476,249.424,7.0999572268426736e-001,1.474755732831044,2015_yk_587a,Yukon,2015,498.848
477,249.948,7.1012600439265894e-001,1.4450291343352972,2015_yk_587a,Yukon,2015,499.896
478,250.472,7.0921008950539954e-001,1.443463313131425,2015_yk_587a,Yukon,2015,500.944
479,250.996,7.0887584662874648e-001,1.4619414676248823,2015_yk_587a,Yukon,2015,501.992
480,251.52,7.0911338264769719e-001,1.4455796219859447,2015_yk_587a,Yukon,2015,503.04
481,252.044,7.0900917321082324e-001,1.4308312538260806,2015_yk_587a,Yukon,2015,504.088
482,252.568,7.0927203163946995e-001,1.4525703030385273,2015_yk_587a,Yukon,2015,505.136
483,253.092,7.0906880202403311e-001,1.485594088106973,2015_yk_587a,Yukon,2015,506.184
484,253.616,7.0878833213638370e-001,1.4492956921457774,2015_yk_587a,Yukon,2015,507.232
485,254.14000000000001,7.0876728978645842e-001,1.4218521813486236,2015_yk_587a,Yukon,2015,508.28000000000003
486,254.66400000000002,7.0996522192681411e-001,1.4479625655700932,2015_yk_587a,Yukon,2015,509.32800000000003
487,255.18800000000002,7.0884133441489372e-001,1.503008698318828,2015_yk_587a,Yukon,2015,510.37600000000003
488,255.71200000000002,7.0923054841406963e-001,1.4868341136679024,2015_yk_587a,Yukon,2015,511.42400000000004
489,256.236,7.0917546927088126e-001,1.4648186558341838,2015_yk_587a,Yukon,2015,512.472
490,256.76,7.0993573112185726e-001,1.4863378315646492,2015_yk_587a,Yukon,2015,513.52
491,257.284,7.0876473214192193e-001,1.4830346647628276,2015_yk_587a,Yukon,2015,514.568
492,257.808,7.0897772861941799e-001,1.4535416407792765,2015_yk_587a,Yukon,2015,515.616
493,258.332,7.0883922436888813e-001,1.4326757469645195,2015_yk_587a,Yukon,2015,516.664
494,258.856,7.0911513860923714e-001,1.4982058138727448,2015_yk_587a,Yukon,2015,517.712
495,259.38,7.0982798895967669e-001,1.4781160475241732,2015_yk_587a,Yukon,2015,518.76
496,259.904,7.0929866791208707e-001,1.4762752196419366,2015_yk_587a,Yukon,2015,519.808
497,260.428,7.0862813626443644e-001,1.4568298749974553,2015_yk_587a,Yukon,2015,520.856
498,260.952,7.0916014696247975e-001,1.464740915043424,2015_yk_587a,Yukon,2015,521.904
499,261.476,7.0990674864996339e-001,1.4396553145383544,2015_yk_587a,Yukon,2015,522.952
500,262,7.0903729217798395e-001,1.3925327083435746,2015_yk_587a,Yukon,2015,524
501,262.524,7.0941635251460122e-001,1.4363733956043494,2015_yk_587a,Yukon,2015,525.048
502,263.048,7.0891440534960715e-001,1.453287864811292,2015_yk_587a,Yukon,2015,526.096
503,263.572,7.0855671635776440e-001,1.4306206859517456,2015_yk_587a,Yukon,2015,527.144
504,264.096,7.0978118830593928e-001,1.4225366546576983,2015_yk_587a,Yukon,2015,528.192
505,264.62,7.0955701759725731e-001,1.4387270227886926,2015_yk_587a,Yukon,2015,529.24
506,265.144,7.0908333176696425e-001,1.4424828963437253,2015_yk_587a,Yukon,2015,530.288
507,265.668,7.0927775130997783e-001,1.451423274953197,2015_yk_587a,Yukon,2015,531.336
508,266.192,7.0862574009287616e-001,1.4523307459788688,2015_yk_587a,Yukon,2015,532.384
509,266.716,7.0947638948376734e-001,1.4807793222201011,2015_yk_587a,Yukon,2015,533.432
510,267.24,7.0917370713167749e-001,1.4601568244307563,2015_yk_587a,Yukon,2015,534.48
511,267.764,7.0913183487779519e-001,1.4321828451584369,2015_yk_587a,Yukon,2015,535.528
512,268.288,7.0951948646304375e-001,1.426398201066602,2015_yk_587a,Yukon,2015,536.576
513,268.812,7.0856347601011382e-001,1.4641867298600384,2015_yk_587a,Yukon,2015,537.624
514,269.336,7.0882709364292118e-001,1.4553375903394117,2015_yk_587a,Yukon,2015,538.672
515,269.86,7.0938148236593135e-001,1.4041829171725932,2015_yk_587a,Yukon,2015,539.72
516,270.384,7.0943619232710597e-001,1.4302379016991744,2015_yk_587a,Yukon,2015,540.768
517,270.908,7.0934936282125349e-001,1.4704086740443914,2015_yk_587a,Yukon,2015,541.816
518,271.432,7.0913594127219903e-001,1.4751632127466978,2015_yk_587a,Yukon,2015,542.864
519,271.956,7.0862563197048101e-001,1.4455587622947463,2015_yk_587a,Yukon,2015,543.912
520,272.48,7.0896960098771211e-001,1.4594551664568196,2015_yk_587a,Yukon,2015,544.96
521,273.004,7.0892415563649513e-001,1.4367530458152709,2015_yk_587a,Yukon,2015,546.008
522,273.528,7.0842816618655691e-001,1.467072602837571,2015_yk_587a,Yukon,2015,547.056
523,274.052,7.0841472791886062e-001,1.451467550726687,2015_yk_587a,Yukon,2015,548.104
524,274.576,7.0991263985182973e-001,1.4574106015534187,2015_yk_587a,Yukon,2015,549.152
525,275.1,7.0934012252117595e-001,1.4601338012442409,2015_yk_587a,Yukon,2015,550.2
526,275.624,7.0942507652427855e-001,1.4604847213132293,2015_yk_587a,Yukon,2015,551.248
527,276.148,7.0984920894792292e-001,1.4567859693584493,2015_yk_587a,Yukon,2015,552.296
528,276.672,7.0952906797293180e-001,1.4565607118332642,2015_yk_587a,Yukon,2015,553.344
529,277.196,7.0850160000606144e-001,1.4660378752314993,2015_yk_587a,Yukon,2015,554.392
530,277.72,7.0951902702790270e-001,1.4669515163420463,2015_yk_587a,Yukon,2015,555.44
531,278.244,7.0854520259664000e-001,1.4618822697518463,2015_yk_587a,Yukon,2015,556.488
532,278.76800000000003,7.0966529612375395e-001,1.4664157898417651,2015_yk_587a,Yukon,2015,557.5360000000001
533,279.29200000000003,7.0938703875237052e-001,1.4427637174647592,2015_yk_587a,Yukon,2015,558.5840000000001
534,279.81600000000003,7.0935653865189041e-001,1.458463795864636,2015_yk_587a,Yukon,2015,559.6320000000001
535,280.34000000000003,7.0805151663072063e-001,1.4875835202042536,2015_yk_587a,Yukon,2015,560.6800000000001
536,280.86400000000003,7.0804708923219239e-001,1.4755493130641535,2015_yk_587a,Yukon,2015,561.7280000000001
537,281.38800000000003,7.0823986237294345e-001,1.4440944614181264,2015_yk_587a,Yukon,2015,562.7760000000001
538,281.91200000000003,7.0878792029604787e-001,1.4226975341963133,2015_yk_587a,Yukon,2015,563.8240000000001
539,282.43600000000004,7.0873707840134337e-001,1.467963302323236,2015_yk_587a,Yukon,2015,564.8720000000001
540,282.96000000000004,7.0873572882461566e-001,1.4092469448555645,2015_yk_587a,Yukon,2015,565.9200000000001
541,283.48400000000004,7.0912355724254861e-001,1.440190546138151,2015_yk_587a,Yukon,2015,566.9680000000001
542,284.00800000000004,7.0856016473469086e-001,1.4742786036597535,2015_yk_587a,Yukon,2015,568.0160000000001
543,284.53200000000004,7.0842661545818109e-001,1.5095009624521385,2015_yk_587a,Yukon,2015,569.0640000000001
544,285.05600000000004,7.0835459296427850e-001,1.4850675313857329,2015_yk_587a,Yukon,2015,570.1120000000001
545,285.58000000000004,7.0867131426754992e-001,1.4647561338645188,2015_yk_587a,Yukon,2015,571.1600000000001
546,286.104,7.0911330865739186e-001,1.4729997536901709,2015_yk_587a,Yukon,2015,572.208
547,286.628,7.0885876482884858e-001,1.4343031301368243,2015_yk_587a,Yukon,2015,573.256
548,287.152,7.0903228983197364e-001,1.4258499317743891,2015_yk_587a,Yukon,2015,574.304
549,287.676,7.0953136713430720e-001,1.4686959433232667,2015_yk_587a,Yukon,2015,575.352
550,288.2,7.0905133191807446e-001,1.4767659984791934,2015_yk_587a,Yukon,2015,576.4
551,288.724,7.0902322429932219e-001,1.4193355737933673,2015_yk_587a,Yukon,2015,577.448
552,289.248,7.0874580071642590e-001,1.4243470180838744,2015_yk_587a,Yukon,2015,578.496
553,289.772,7.0892426152777799e-001,1.428912702948843,2015_yk_587a,Yukon,2015,579.544
554,290.296,7.0907286003292258e-001,1.4668728558525057,2015_yk_587a,Yukon,2015,580.592
555,290.82,7.0994818160083595e-001,1.4607780263041783,2015_yk_587a,Yukon,2015,581.64
556,291.344,7.0995929294226534e-001,1.4050532387317929,2015_yk_587a,Yukon,2015,582.688
557,291.868,7.0949115352167591e-001,1.4228966233176572,2015_yk_587a,Yukon,2015,583.736
558,292.392,7.0945332601218103e-001,1.4357657222323323,2015_yk_587a,Yukon,2015,584.784
559,292.916,7.0891723779806515e-001,1.4145001321701702,2015_yk_587a,Yukon,2015,585.832
560,293.44,7.1055598598708125e-001,1.398106119830183,2015_yk_587a,Yukon,2015,586.88
561,293.964,7.0878887160906956e-001,1.3904909554219904,2015_yk_587a,Yukon,2015,587.928
562,294.488,7.0860594635121199e-001,1.3755454328921033,2015_yk_587a,Yukon,2015,588.976
563,295.012,7.0895291335385358e-001,1.3933729815907174,2015_yk_587a,Yukon,2015,590.024
564,295.536,7.0898525473224261e-001,1.385906269005597,2015_yk_587a,Yukon,2015,591.072
565,296.06,7.0973104284330812e-001,1.3754680548305125,2015_yk_587a,Yukon,2015,592.12
566,296.584,7.0987688936061510e-001,1.4046857331428635,2015_yk_587a,Yukon,2015,593.168
567,297.108,7.0880674964892876e-001,1.3779419896282905,2015_yk_587a,Yukon,2015,594.216
568,297.632,7.0875510515146833e-001,1.352213735681844,2015_yk_587a,Yukon,2015,595.264
569,298.156,7.0870161527737752e-001,1.3576783066671974,2015_yk_587a,Yukon,2015,596.312
570,298.68,7.0949897245137095e-001,1.4003586609462026,2015_yk_587a,Yukon,2015,597.36
571,299.204,7.0922942424323121e-001,1.37520868387227,2015_yk_587a,Yukon,2015,598.408
572,299.728,7.0926514751994296e-001,1.3592305648461789,2015_yk_587a,Yukon,2015,599.456
573,300.252,7.0919298413212428e-001,1.3845908980255994,2015_yk_587a,Yukon,2015,600.504
574,300.776,7.0903951126255715e-001,1.4115675243103412,2015_yk_587a,Yukon,2015,601.552
575,301.3,7.0864492876676544e-001,1.4041170447701592,2015_yk_587a,Yukon,2015,602.6
576,301.824,7.0964698649900526e-001,1.4099844037612377,2015_yk_587a,Yukon,2015,603.648
577,302.348,7.0979931439708865e-001,1.411587773780689,2015_yk_587a,Yukon,2015,604.696
578,302.872,7.0991937331892807e-001,1.412471290434097,2015_yk_587a,Yukon,2015,605.744
579,303.396,7.0877851272067172e-001,1.4033598979019395,2015_yk_587a,Yukon,2015,606.792
580,303.92,7.0968356594570003e-001,1.3815232191263354,2015_yk_587a,Yukon,2015,607.84
581,304.444,7.0951469913463772e-001,1.4062157109547293,2015_yk_587a,Yukon,2015,608.888
582,304.968,7.0835717128253295e-001,1.4025880064510037,2015_yk_587a,Yukon,2015,609.936
583,305.492,7.0849135894723980e-001,1.3636831241956142,2015_yk_587a,Yukon,2015,610.984
584,306.016,7.0909519724958703e-001,1.3608459111816713,2015_yk_587a,Yukon,2015,612.032
585,306.54,7.0845567083677485e-001,1.3437996407923447,2015_yk_587a,Yukon,2015,613.08
586,307.064,7.0987521848108293e-001,1.3848110597643717,2015_yk_587a,Yukon,2015,614.128
587,307.588,7.0943704230677618e-001,1.3733617726822998,2015_yk_587a,Yukon,2015,615.176
588,308.112,7.0846753765660153e-001,1.3654303118161029,2015_yk_587a,Yukon,2015,616.224
589,308.636,7.0917066367433867e-001,1.384432624312392,2015_yk_587a,Yukon,2015,617.272
590,309.16,7.0975494911297521e-001,1.3911877384838047,2015_yk_587a,Yukon,2015,618.32
591,309.684,7.0965978842940325e-001,1.3751000566059453,2015_yk_587a,Yukon,2015,619.368
592,310.208,7.0885904078498474e-001,1.3782845212102437,2015_yk_587a,Yukon,2015,620.416
593,310.732,7.0973893350829376e-001,1.4074376597256302,2015_yk_587a,Yukon,2015,621.464
594,311.25600000000003,7.0894984648230686e-001,1.400684457656448,2015_yk_587a,Yukon,2015,622.5120000000001
595,311.78000000000003,7.0899383509169711e-001,1.355769278029738,2015_yk_587a,Yukon,2015,623.5600000000001
596,312.30400000000003,7.0904976640184048e-001,1.3735119337178,2015_yk_587a,Yukon,2015,624.6080000000001
597,312.82800000000003,7.0930428192397632e-001,1.4198666159892126,2015_yk_587a,Yukon,2015,625.6560000000001
598,313.35200000000003,7.0926335806421670e-001,1.4012453622694905,2015_yk_587a,Yukon,2015,626.7040000000001
599,313.87600000000003,7.0954011631531644e-001,1.3995898352909333,2015_yk_587a,Yukon,2015,627.7520000000001
600,314.40000000000003,7.0940405378525273e-001,1.4051923375164896,2015_yk_587a,Yukon,2015,628.8000000000001
601,314.92400000000004,7.0927602141454593e-001,1.4192409941890294,2015_yk_587a,Yukon,2015,629.8480000000001
602,315.44800000000004,7.0842433388592785e-001,1.3780462658691597,2015_yk_587a,Yukon,2015,630.8960000000001
603,315.97200000000004,7.0852929968179479e-001,1.3436567305279632,2015_yk_587a,Yukon,2015,631.9440000000001
604,316.49600000000004,7.0834886875785408e-001,1.363722272096345,2015_yk_587a,Yukon,2015,632.9920000000001
605,317.02000000000004,7.0864563865570418e-001,1.3784088766146028,2015_yk_587a,Yukon,2015,634.0400000000001
606,317.54400000000004,7.0872699739326517e-001,1.3466461514076935,2015_yk_587a,Yukon,2015,635.0880000000001
607,318.06800000000004,7.0875516451984477e-001,1.3443189846047678,2015_yk_587a,Yukon,2015,636.1360000000001
608,318.59200000000004,7.1025638443391070e-001,1.3861511304223644,2015_yk_587a,Yukon,2015,637.1840000000001
609,319.116,7.0972850361133077e-001,1.4171830373434546,2015_yk_587a,Yukon,2015,638.232
610,319.64,7.0845876330923752e-001,1.3661482363222868,2015_yk_587a,Yukon,2015,639.28
611,320.164,7.0888091341586201e-001,1.3831060788410008,2015_yk_587a,Yukon,2015,640.328
612,320.688,7.0875668067976971e-001,1.4217635596732463,2015_yk_587a,Yukon,2015,641.376
613,321.212,7.0918359036843548e-001,1.4229173461735591,2015_yk_587a,Yukon,2015,642.424
614,321.736,7.0912660233637437e-001,1.3998981308222629,2015_yk_587a,Yukon,2015,643.472
615,322.26,7.0910925961070603e-001,1.3842207154623218,2015_yk_587a,Yukon,2015,644.52
616,322.784,7.0923606459393884e-001,1.4058969023892078,2015_yk_587a,Yukon,2015,645.568
617,323.308,7.0936079160291032e-001,1.382213052368269,2015_yk_587a,Yukon,2015,646.616
618,323.832,7.0916483405967357e-001,1.3818098792127087,2015_yk_587a,Yukon,2015,647.664
619,324.356,7.0921694150824932e-001,1.3971938471527614,2015_yk_587a,Yukon,2015,648.712
620,324.88,7.0876734104788419e-001,1.4087538642675983,2015_yk_587a,Yukon,2015,649.76
621,325.404,7.0973202652750322e-001,1.3768298442968834,2015_yk_587a,Yukon,2015,650.808
622,325.928,7.0857771126119951e-001,1.3555329939277947,2015_yk_587a,Yukon,2015,651.856
623,326.452,7.0883435112805526e-001,1.3723522501971197,2015_yk_587a,Yukon,2015,652.904
624,326.976,7.0859975095574490e-001,1.3934390610488163,2015_yk_587a,Yukon,2015,653.952
625,327.5,7.0844280051835073e-001,1.3439719433514228,2015_yk_587a,Yukon,2015,655
626,328.024,7.0993559634001147e-001,1.3290719411839893,2015_yk_587a,Yukon,2015,656.048
627,328.548,7.0950777297609791e-001,1.3645006262406187,2015_yk_587a,Yukon,2015,657.096
628,329.072,7.0945045599189682e-001,1.355432194850186,2015_yk_587a,Yukon,2015,658.144
629,329.596,7.0892422792064536e-001,1.339772736552398,2015_yk_587a,Yukon,2015,659.192
630,330.12,7.0932645615995082e-001,1.361222037993585,2015_yk_587a,Yukon,2015,660.24
631,330.644,7.0933567005881593e-001,1.4554759126505397,2015_yk_587a,Yukon,2015,661.288
632,331.168,7.0877441026781030e-001,1.4446452184640488,2015_yk_587a,Yukon,2015,662.336
633,331.692,7.0884918766051919e-001,1.4179365027900708,2015_yk_587a,Yukon,2015,663.384
634,332.216,7.1019404616821580e-001,1.417435914498488,2015_yk_587a,Yukon,2015,664.432
635,332.74,7.0975689363173844e-001,1.4074097525059468,2015_yk_587a,Yukon,2015,665.48
636,333.264,7.0890124200321292e-001,1.350639636596872,2015_yk_587a,Yukon,2015,666.528
637,333.788,7.1028882360497347e-001,1.335989924515945,2015_yk_587a,Yukon,2015,667.576
638,334.312,7.0891737935714372e-001,1.3904877339710775,2015_yk_587a,Yukon,2015,668.624
639,334.836,7.0905836971910607e-001,1.3947777258280438,2015_yk_587a,Yukon,2015,669.672
640,335.36,7.0920949179432546e-001,1.3609565044607697,2015_yk_587a,Yukon,2015,670.72
641,335.884,7.0942297276735156e-001,1.3767573037510317,2015_yk_587a,Yukon,2015,671.768
642,336.408,7.0984417062602490e-001,1.4081010967792404,2015_yk_587a,Yukon,2015,672.816
643,336.932,7.0953305447253689e-001,1.4111638002144624,2015_yk_587a,Yukon,2015,673.864
644,337.456,7.0979029814123673e-001,1.3998271048891031,2015_yk_587a,Yukon,2015,674.912
645,337.98,7.0839399543866810e-001,1.38516104750862,2015_yk_587a,Yukon,2015,675.96
646,338.504,7.0915033925762883e-001,1.4114367185427783,2015_yk_587a,Yukon,2015,677.008
647,339.028,7.0917328843149785e-001,1.3893730781169131,2015_yk_587a,Yukon,2015,678.056
648,339.552,7.0948818326287255e-001,1.3774624021005055,2015_yk_587a,Yukon,2015,679.104
649,340.076,7.0950008970443323e-001,1.372671577711723,2015_yk_587a,Yukon,2015,680.152
650,340.6,7.0982511574636897e-001,1.4327332410389322,2015_yk_587a,Yukon,2015,681.2
651,341.124,7.0957321011860441e-001,1.4302737331847626,2015_yk_587a,Yukon,2015,682.248
652,341.648,7.0994349978365034e-001,1.379711549889286,2015_yk_587a,Yukon,2015,683.296
653,342.172,7.0914817126638352e-001,1.4155120698959176,2015_yk_587a,Yukon,2015,684.344
654,342.696,7.0853414642276302e-001,1.4355119426639842,2015_yk_587a,Yukon,2015,685.392
655,343.22,7.0857289382612287e-001,1.4029599165815425,2015_yk_587a,Yukon,2015,686.44
656,343.744,7.0954690162717837e-001,1.3998133843133287,2015_yk_587a,Yukon,2015,687.488
657,344.26800000000003,7.0889263289920634e-001,1.426327841754329,2015_yk_587a,Yukon,2015,688.5360000000001
658,344.79200000000003,7.0919736697453750e-001,1.4428863611941587,2015_yk_587a,Yukon,2015,689.5840000000001
659,345.31600000000003,7.0866104960108456e-001,1.4026316612411076,2015_yk_587a,Yukon,2015,690.6320000000001
660,345.84000000000003,7.0984327667283043e-001,1.3866115982688758,2015_yk_587a,Yukon,2015,691.6800000000001
661,346.36400000000003,7.0860806629898299e-001,1.4307811550563336,2015_yk_587a,Yukon,2015,692.7280000000001
662,346.88800000000003,7.0918778941652894e-001,1.4281100860166989,2015_yk_587a,Yukon,2015,693.7760000000001
663,347.41200000000003,7.0913043917866936e-001,1.379278818962986,2015_yk_587a,Yukon,2015,694.8240000000001
664,347.93600000000004,7.0909497669556965e-001,1.3776279967299911,2015_yk_587a,Yukon,2015,695.8720000000001
665,348.46000000000004,7.0925459045834349e-001,1.4252163008657124,2015_yk_587a,Yukon,2015,696.9200000000001
666,348.98400000000004,7.0947718959700934e-001,1.4463507903336013,2015_yk_587a,Yukon,2015,697.9680000000001
667,349.50800000000004,7.0955940335853573e-001,1.4053929186278789,2015_yk_587a,Yukon,2015,699.0160000000001
668,350.03200000000004,7.0877430586658974e-001,1.4094773410757553,2015_yk_587a,Yukon,2015,700.0640000000001
669,350.55600000000004,7.0922934857226350e-001,1.4315209738807513,2015_yk_587a,Yukon,2015,701.1120000000001
670,351.08000000000004,7.0914225961627475e-001,1.4109556990626066,2015_yk_587a,Yukon,2015,702.1600000000001
671,351.60400000000004,7.0964877431003559e-001,1.375256385884861,2015_yk_587a,Yukon,2015,703.2080000000001
672,352.12800000000004,7.0884013751550856e-001,1.378526420972897,2015_yk_587a,Yukon,2015,704.2560000000001
673,352.65200000000004,7.0973741785324118e-001,1.4000801483666545,2015_yk_587a,Yukon,2015,705.3040000000001
674,353.176,7.0987329377313890e-001,1.374454851037147,2015_yk_587a,Yukon,2015,706.352
675,353.7,7.0900554793770421e-001,1.3688036691529686,2015_yk_587a,Yukon,2015,707.4
676,354.224,7.0979827502927895e-001,1.3813204987819208,2015_yk_587a,Yukon,2015,708.448
677,354.748,7.1007286339893738e-001,1.4388523720299553,2015_yk_587a,Yukon,2015,709.496
678,355.272,7.0951973047152328e-001,1.4261489062765802,2015_yk_587a,Yukon,2015,710.544
679,355.796,7.1002131295705195e-001,1.4143857326112903,2015_yk_587a,Yukon,2015,711.592
680,356.32,7.0946099132255047e-001,1.423153848358432,2015_yk_587a,Yukon,2015,712.64
681,356.844,7.1027041559783954e-001,1.4438187400988511,2015_yk_587a,Yukon,2015,713.688
682,357.368,7.0956071351409777e-001,1.3921131308812336,2015_yk_587a,Yukon,2015,714.736
683,357.892,7.0945866727487505e-001,1.3927280366344237,2015_yk_587a,Yukon,2015,715.784
684,358.416,7.0902406715914090e-001,1.396403016916816,2015_yk_587a,Yukon,2015,716.832
685,358.94,7.0984302453611992e-001,1.3892189600565268,2015_yk_587a,Yukon,2015,717.88
686,359.464,7.0963405234577115e-001,1.3946910292121266,2015_yk_587a,Yukon,2015,718.928
687,359.988,7.0965019247235206e-001,1.3969812827848924,2015_yk_587a,Yukon,2015,719.976
688,360.512,7.0967210080000831e-001,1.4299182365797012,2015_yk_587a,Yukon,2015,721.024
689,361.036,7.0871034954370205e-001,1.3886959487766115,2015_yk_587a,Yukon,2015,722.072
690,361.56,7.0869678305494999e-001,1.3777077926946522,2015_yk_587a,Yukon,2015,723.12
691,362.084,7.0958854592444576e-001,1.3950814006354175,2015_yk_587a,Yukon,2015,724.168
692,362.608,7.0950465856883604e-001,1.43226152053627,2015_yk_587a,Yukon,2015,725.216
693,363.132,7.0969761924203367e-001,1.384039783125955,2015_yk_587a,Yukon,2015,726.264
694,363.656,7.0868590882277871e-001,1.3771484986449858,2015_yk_587a,Yukon,2015,727.312
695,364.18,7.0916629448772761e-001,1.3971236616588107,2015_yk_587a,Yukon,2015,728.36
696,364.704,7.0780153622581510e-001,1.3974806698404836,2015_yk_587a,Yukon,2015,729.408
697,365.228,7.0889319658056149e-001,1.3755145614252466,2015_yk_587a,Yukon,2015,730.456
698,365.752,7.0917029094308492e-001,1.39197342905914,2015_yk_587a,Yukon,2015,731.504
699,366.276,7.0971050542317082e-001,1.4094943487133007,2015_yk_587a,Yukon,2015,732.552
700,366.8,7.0888809231347039e-001,1.4097916049128167,2015_yk_587a,Yukon,2015,733.6
701,367.324,7.0973969054496777e-001,1.3740133685196645,2015_yk_587a,Yukon,2015,734.648
702,367.848,7.0907294731750925e-001,1.3689377519275785,2015_yk_587a,Yukon,2015,735.696
703,368.372,7.0857715166993929e-001,1.3977441377074913,2015_yk_587a,Yukon,2015,736.744
704,368.896,7.0998020208606594e-001,1.3550011780162905,2015_yk_587a,Yukon,2015,737.792
705,369.42,7.0952378552701001e-001,1.3518554937795575,2015_yk_587a,Yukon,2015,738.84
706,369.944,7.0895514406126658e-001,1.3514062078319102,2015_yk_587a,Yukon,2015,739.888
707,370.468,7.0962347764114031e-001,1.3996834478984173,2015_yk_587a,Yukon,2015,740.936
708,370.992,7.0921425978149788e-001,1.38643503723045,2015_yk_587a,Yukon,2015,741.984
709,371.516,7.0922155759984462e-001,1.3658461671988456,2015_yk_587a,Yukon,2015,743.032
710,372.04,7.0972078486034218e-001,1.3949596015367094,2015_yk_587a,Yukon,2015,744.08
711,372.564,7.0970527562778252e-001,1.4120665415086098,2015_yk_587a,Yukon,2015,745.128
712,373.088,7.0995807657203891e-001,1.3529798350067854,2015_yk_587a,Yukon,2015,746.176
713,373.612,7.0856480882524864e-001,1.3547000898509474,2015_yk_587a,Yukon,2015,747.224
714,374.136,7.0814352739760955e-001,1.370381936053264,2015_yk_587a,Yukon,2015,748.272
715,374.66,7.0821447519094105e-001,1.408890681809342,2015_yk_587a,Yukon,2015,749.32
716,375.184,7.0864910787628232e-001,1.3701210557294607,2015_yk_587a,Yukon,2015,750.368
717,375.708,7.0920390521049359e-001,1.3757759844862596,2015_yk_587a,Yukon,2015,751.416
718,376.232,7.0896191947836329e-001,1.3923430399913208,2015_yk_587a,Yukon,2015,752.464
719,376.75600000000003,7.0957507145585019e-001,1.3932577516397928,2015_yk_587a,Yukon,2015,753.5120000000001
720,377.28000000000003,7.0915042100674919e-001,1.345668526083887,2015_yk_587a,Yukon,2015,754.5600000000001
721,377.80400000000003,7.0877607531126063e-001,1.341653128951405,2015_yk_587a,Yukon,2015,755.6080000000001
722,378.32800000000003,7.0915791100489589e-001,1.3734234371911933,2015_yk_587a,Yukon,2015,756.6560000000001
723,378.85200000000003,7.0931048066454994e-001,1.380274908922292,2015_yk_587a,Yukon,2015,757.7040000000001
724,379.37600000000003,7.0940302013524059e-001,1.3715243647331334,2015_yk_587a,Yukon,2015,758.7520000000001
725,379.90000000000003,7.0889438103282043e-001,1.3830393767574878,2015_yk_587a,Yukon,2015,759.8000000000001
726,380.42400000000004,7.0892456729152553e-001,1.4053261904250829,2015_yk_587a,Yukon,2015,760.8480000000001
727,380.94800000000004,7.0947401014707145e-001,1.3712100593395231,2015_yk_587a,Yukon,2015,761.8960000000001
728,381.47200000000004,7.0866856297259750e-001,1.3456128860635326,2015_yk_587a,Yukon,2015,762.9440000000001
729,381.99600000000004,7.0991546164082675e-001,1.3701450614283714,2015_yk_587a,Yukon,2015,763.9920000000001
730,382.52000000000004,7.0925811426979657e-001,1.219071174877434,2015_yk_587a,Yukon,2015,765.0400000000001
731,383.04400000000004,7.0736765102224297e-001,0.6487045782596982,2015_yk_587a,Yukon,2015,766.0880000000001
732,383.56800000000004,7.1035567075943362e-001,0.24152026236060825,2015_yk_587a,Yukon,2015,767.1360000000001
