Cycle,Time,Iso,Sr88,Microns,FishID,Watershed,Year
89,46.636,7.1011975845096664e-001,0.255712137788643,93.272,2016_yk_180_redob,Yukon,2016
90,47.160000000000004,7.1141046660644081e-001,0.5725242466082078,94.32000000000001,2016_yk_180_redob,Yukon,2016
91,47.684000000000005,7.0962177953420080e-001,0.7069680743863022,95.36800000000001,2016_yk_180_redob,Yukon,2016
92,48.208000000000006,7.1074458964714060e-001,0.7411917327069283,96.41600000000001,2016_yk_180_redob,Yukon,2016
93,48.732,7.1026086798091603e-001,0.7565395251394249,97.464,2016_yk_180_redob,Yukon,2016
94,49.256,7.1031636725114911e-001,0.7446588088341526,98.512,2016_yk_180_redob,Yukon,2016
95,49.78,7.1030887249711105e-001,0.7235365912251335,99.56,2016_yk_180_redob,Yukon,2016
96,50.304,7.1058990784717002e-001,0.7019504987636723,100.608,2016_yk_180_redob,Yukon,2016
97,50.828,7.1022227368253399e-001,0.689396725656823,101.656,2016_yk_180_redob,Yukon,2016
98,51.352000000000004,7.0962335415079580e-001,0.6878900144032015,102.70400000000001,2016_yk_180_redob,Yukon,2016
99,51.876000000000005,7.0905894339852860e-001,0.6871458925949295,103.75200000000001,2016_yk_180_redob,Yukon,2016
100,52.400000000000006,7.1183416274194666e-001,0.6792824962676193,104.80000000000001,2016_yk_180_redob,Yukon,2016
101,52.92400000000001,7.0979764303869697e-001,0.6759430078175043,105.84800000000001,2016_yk_180_redob,Yukon,2016
102,53.448,7.1176518936068811e-001,0.6601411207486734,106.896,2016_yk_180_redob,Yukon,2016
103,53.972,7.1054339822826240e-001,0.6505081974002501,107.944,2016_yk_180_redob,Yukon,2016
104,54.496,7.1065665578038761e-001,0.6563014235249608,108.992,2016_yk_180_redob,Yukon,2016
105,55.02,7.1109079502216910e-001,0.6603440678844152,110.04,2016_yk_180_redob,Yukon,2016
106,55.544000000000004,7.1115532796982228e-001,0.6691490272864231,111.08800000000001,2016_yk_180_redob,Yukon,2016
107,56.068000000000005,7.1245814436032140e-001,0.6672635710181786,112.13600000000001,2016_yk_180_redob,Yukon,2016
108,56.592000000000006,7.0950651242721385e-001,0.6641389725197632,113.18400000000001,2016_yk_180_redob,Yukon,2016
109,57.116,7.1074011853857655e-001,0.6651046964497769,114.232,2016_yk_180_redob,Yukon,2016
110,57.64,7.1093517715293830e-001,0.6628281173823366,115.28,2016_yk_180_redob,Yukon,2016
111,58.164,7.0880878802828240e-001,0.6624103947042967,116.328,2016_yk_180_redob,Yukon,2016
112,58.688,7.1047315490944618e-001,0.6598552168975317,117.376,2016_yk_180_redob,Yukon,2016
113,59.212,7.1016355713527213e-001,0.6508695903438677,118.424,2016_yk_180_redob,Yukon,2016
114,59.736000000000004,7.1104448915189500e-001,0.6417673554800204,119.47200000000001,2016_yk_180_redob,Yukon,2016
115,60.260000000000005,7.0948936954021979e-001,0.6337986288247096,120.52000000000001,2016_yk_180_redob,Yukon,2016
116,60.784000000000006,7.1022884433675648e-001,0.6318092395498431,121.56800000000001,2016_yk_180_redob,Yukon,2016
117,61.30800000000001,7.1182173638815072e-001,0.6271975238528942,122.61600000000001,2016_yk_180_redob,Yukon,2016
118,61.832,7.0888622402345358e-001,0.610248145643045,123.664,2016_yk_180_redob,Yukon,2016
119,62.356,7.0901904216683809e-001,0.6088863130432564,124.712,2016_yk_180_redob,Yukon,2016
120,62.88,7.0800410984298334e-001,0.6118606097191359,125.76,2016_yk_180_redob,Yukon,2016
121,63.404,7.1043935647298517e-001,0.6099073215132536,126.808,2016_yk_180_redob,Yukon,2016
122,63.928000000000004,7.1113065597114733e-001,0.6056623132871577,127.85600000000001,2016_yk_180_redob,Yukon,2016
123,64.452,7.1042885790864307e-001,0.5928825044075998,128.904,2016_yk_180_redob,Yukon,2016
124,64.976,7.1096254079019316e-001,0.5839941665067858,129.952,2016_yk_180_redob,Yukon,2016
125,65.5,7.0937802993822152e-001,0.5901319100405534,131,2016_yk_180_redob,Yukon,2016
126,66.024,7.0906996139714451e-001,0.5850036037604601,132.048,2016_yk_180_redob,Yukon,2016
127,66.548,7.1005586608828097e-001,0.5862643504075526,133.096,2016_yk_180_redob,Yukon,2016
128,67.072,7.0865402269826683e-001,0.5881909411042465,134.144,2016_yk_180_redob,Yukon,2016
129,67.596,7.1085502510370524e-001,0.5848140439142816,135.192,2016_yk_180_redob,Yukon,2016
130,68.12,7.0967219794855252e-001,0.573145048863545,136.24,2016_yk_180_redob,Yukon,2016
131,68.644,7.0904693933339391e-001,0.5753180371699584,137.288,2016_yk_180_redob,Yukon,2016
132,69.168,7.1417147033084016e-001,0.5822956729591515,138.336,2016_yk_180_redob,Yukon,2016
133,69.69200000000001,7.0990586448073900e-001,0.5887910767919338,139.38400000000001,2016_yk_180_redob,Yukon,2016
134,70.21600000000001,7.1172662704180423e-001,0.5883702768395425,140.43200000000002,2016_yk_180_redob,Yukon,2016
135,70.74000000000001,7.0886232052940801e-001,0.5843138994758886,141.48000000000002,2016_yk_180_redob,Yukon,2016
136,71.26400000000001,7.1025888286176697e-001,0.5838982314605021,142.52800000000002,2016_yk_180_redob,Yukon,2016
137,71.78800000000001,7.0860614747374617e-001,0.579326663387654,143.57600000000002,2016_yk_180_redob,Yukon,2016
138,72.312,7.1012235950088476e-001,0.5679240730740731,144.624,2016_yk_180_redob,Yukon,2016
139,72.836,7.1033239513482083e-001,0.5724748151155544,145.672,2016_yk_180_redob,Yukon,2016
140,73.36,7.1068568137672161e-001,0.5736342111944325,146.72,2016_yk_180_redob,Yukon,2016
141,73.884,7.1181186668351992e-001,0.5730699505887564,147.768,2016_yk_180_redob,Yukon,2016
142,74.408,7.0939969685593274e-001,0.5794251521081185,148.816,2016_yk_180_redob,Yukon,2016
143,74.932,7.0949323619010729e-001,0.5753329994817973,149.864,2016_yk_180_redob,Yukon,2016
144,75.456,7.1075783857149921e-001,0.5759850983782542,150.912,2016_yk_180_redob,Yukon,2016
145,75.98,7.0964009151181895e-001,0.5669032036416767,151.96,2016_yk_180_redob,Yukon,2016
146,76.504,7.0927507494339737e-001,0.5598280215023212,153.008,2016_yk_180_redob,Yukon,2016
147,77.028,7.1072543634006935e-001,0.5619510566853976,154.056,2016_yk_180_redob,Yukon,2016
148,77.552,7.1023562296085962e-001,0.5569329519597914,155.104,2016_yk_180_redob,Yukon,2016
149,78.07600000000001,7.1012952145860153e-001,0.5640702162656318,156.15200000000002,2016_yk_180_redob,Yukon,2016
150,78.60000000000001,7.0957862626343149e-001,0.5578232571338945,157.20000000000002,2016_yk_180_redob,Yukon,2016
151,79.12400000000001,7.1075670440924676e-001,0.5466998252513177,158.24800000000002,2016_yk_180_redob,Yukon,2016
152,79.64800000000001,7.0830782073672904e-001,0.548887318695382,159.29600000000002,2016_yk_180_redob,Yukon,2016
153,80.172,7.0921350235559100e-001,0.5327174788774548,160.344,2016_yk_180_redob,Yukon,2016
154,80.696,7.1147957241917037e-001,0.5249044186453096,161.392,2016_yk_180_redob,Yukon,2016
155,81.22,7.1034339945533786e-001,0.5209424226175878,162.44,2016_yk_180_redob,Yukon,2016
156,81.744,7.1083662651319368e-001,0.5197644777328958,163.488,2016_yk_180_redob,Yukon,2016
157,82.268,7.1023211076416548e-001,0.5275130794749294,164.536,2016_yk_180_redob,Yukon,2016
158,82.792,7.1222694912330986e-001,0.5263852607353856,165.584,2016_yk_180_redob,Yukon,2016
159,83.316,7.1018864401945314e-001,0.523380479896508,166.632,2016_yk_180_redob,Yukon,2016
160,83.84,7.0895010494353194e-001,0.5184753596923078,167.68,2016_yk_180_redob,Yukon,2016
161,84.364,7.1018903000176503e-001,0.5179469504672968,168.728,2016_yk_180_redob,Yukon,2016
162,84.888,7.1087760896808527e-001,0.5139576947856181,169.776,2016_yk_180_redob,Yukon,2016
163,85.412,7.0953297724042119e-001,0.5087189060057133,170.824,2016_yk_180_redob,Yukon,2016
164,85.936,7.0955330252027515e-001,0.5096617908521656,171.872,2016_yk_180_redob,Yukon,2016
165,86.46000000000001,7.1025684342384598e-001,0.513894823501998,172.92000000000002,2016_yk_180_redob,Yukon,2016
166,86.98400000000001,7.0888321577398783e-001,0.5064149739836283,173.96800000000002,2016_yk_180_redob,Yukon,2016
167,87.50800000000001,7.1226671377033213e-001,0.5015737665969016,175.01600000000002,2016_yk_180_redob,Yukon,2016
168,88.03200000000001,7.1162710732302403e-001,0.5037318886028841,176.06400000000002,2016_yk_180_redob,Yukon,2016
169,88.55600000000001,7.1085264082934796e-001,0.4962386955363507,177.11200000000002,2016_yk_180_redob,Yukon,2016
170,89.08,7.0955372862680521e-001,0.4911623248714549,178.16,2016_yk_180_redob,Yukon,2016
171,89.604,7.1148729952814549e-001,0.4914520095941672,179.208,2016_yk_180_redob,Yukon,2016
172,90.128,7.0726137693470559e-001,0.5063698180344335,180.256,2016_yk_180_redob,Yukon,2016
173,90.652,7.0906093482632349e-001,0.5117486383769487,181.304,2016_yk_180_redob,Yukon,2016
174,91.176,7.0963085918997637e-001,0.5036894330049346,182.352,2016_yk_180_redob,Yukon,2016
175,91.7,7.1061920403826218e-001,0.5080979007101182,183.4,2016_yk_180_redob,Yukon,2016
176,92.224,7.0879196822309831e-001,0.5074620400574804,184.448,2016_yk_180_redob,Yukon,2016
177,92.748,7.1145293279607169e-001,0.4960779684347053,185.496,2016_yk_180_redob,Yukon,2016
178,93.272,7.1020780255787697e-001,0.4913167559095468,186.544,2016_yk_180_redob,Yukon,2016
179,93.796,7.1002476463664776e-001,0.4923327004006397,187.592,2016_yk_180_redob,Yukon,2016
180,94.32000000000001,7.1005282602308806e-001,0.49298335361038315,188.64000000000001,2016_yk_180_redob,Yukon,2016
181,94.84400000000001,7.0938584236267233e-001,0.4981367281266379,189.68800000000002,2016_yk_180_redob,Yukon,2016
182,95.36800000000001,7.0766341982934367e-001,0.49573408819646886,190.73600000000002,2016_yk_180_redob,Yukon,2016
183,95.89200000000001,7.0924018603591088e-001,0.49122580757826034,191.78400000000002,2016_yk_180_redob,Yukon,2016
184,96.41600000000001,7.0867885144672182e-001,0.4878662538519388,192.83200000000002,2016_yk_180_redob,Yukon,2016
185,96.94,7.0966205834208640e-001,0.4735848304723791,193.88,2016_yk_180_redob,Yukon,2016
186,97.464,7.1000721568121650e-001,0.4680269120996379,194.928,2016_yk_180_redob,Yukon,2016
187,97.988,7.0897876545391858e-001,0.4659310839547274,195.976,2016_yk_180_redob,Yukon,2016
188,98.512,7.1135391558149141e-001,0.4739409923612635,197.024,2016_yk_180_redob,Yukon,2016
189,99.036,7.0869723593205491e-001,0.48426810134223225,198.072,2016_yk_180_redob,Yukon,2016
190,99.56,7.0932836775972741e-001,0.48459889560367,199.12,2016_yk_180_redob,Yukon,2016
191,100.084,7.1180314057451699e-001,0.46772696783602113,200.168,2016_yk_180_redob,Yukon,2016
192,100.608,7.1295993333254704e-001,0.46396362795251506,201.216,2016_yk_180_redob,Yukon,2016
193,101.132,7.1177299955044526e-001,0.46676095508084586,202.264,2016_yk_180_redob,Yukon,2016
194,101.656,7.0983543245986103e-001,0.46177081776061263,203.312,2016_yk_180_redob,Yukon,2016
195,102.18,7.1122707754062875e-001,0.4584377152244186,204.36,2016_yk_180_redob,Yukon,2016
196,102.70400000000001,7.0929712550994573e-001,0.4528172587255655,205.40800000000002,2016_yk_180_redob,Yukon,2016
197,103.22800000000001,7.0960462506117172e-001,0.4533821265420858,206.45600000000002,2016_yk_180_redob,Yukon,2016
198,103.75200000000001,7.0861298451516952e-001,0.4480369085848765,207.50400000000002,2016_yk_180_redob,Yukon,2016
199,104.27600000000001,7.0984298512370736e-001,0.4503259098987035,208.55200000000002,2016_yk_180_redob,Yukon,2016
200,104.80000000000001,7.1227097686170748e-001,0.45391176389606275,209.60000000000002,2016_yk_180_redob,Yukon,2016
201,105.32400000000001,7.0902089154350589e-001,0.4623631850466898,210.64800000000002,2016_yk_180_redob,Yukon,2016
202,105.848,7.0772110015918110e-001,0.45477491614970833,211.696,2016_yk_180_redob,Yukon,2016
203,106.372,7.1153390678612183e-001,0.4467925200707288,212.744,2016_yk_180_redob,Yukon,2016
204,106.896,7.1021110913615448e-001,0.4452868477836122,213.792,2016_yk_180_redob,Yukon,2016
205,107.42,7.1296414314786838e-001,0.448984776651212,214.84,2016_yk_180_redob,Yukon,2016
206,107.944,7.0984419010105759e-001,0.44840782950625074,215.888,2016_yk_180_redob,Yukon,2016
207,108.468,7.1099741796607352e-001,0.45402347952084227,216.936,2016_yk_180_redob,Yukon,2016
208,108.992,7.0969524940284034e-001,0.4472634791485164,217.984,2016_yk_180_redob,Yukon,2016
209,109.516,7.1168647468649671e-001,0.4494291412589609,219.032,2016_yk_180_redob,Yukon,2016
210,110.04,7.0889144347499711e-001,0.4387854466669298,220.08,2016_yk_180_redob,Yukon,2016
211,110.56400000000001,7.0865447382013114e-001,0.44145726592938944,221.12800000000001,2016_yk_180_redob,Yukon,2016
212,111.08800000000001,7.1202815566019462e-001,0.4419355791313665,222.17600000000002,2016_yk_180_redob,Yukon,2016
213,111.61200000000001,7.1117829053453674e-001,0.4357159484612591,223.22400000000002,2016_yk_180_redob,Yukon,2016
214,112.13600000000001,7.1186111138521402e-001,0.4336700815478022,224.27200000000002,2016_yk_180_redob,Yukon,2016
215,112.66000000000001,7.0884698793657752e-001,0.433095708198004,225.32000000000002,2016_yk_180_redob,Yukon,2016
216,113.18400000000001,7.1257983178952988e-001,0.4225117952742043,226.36800000000002,2016_yk_180_redob,Yukon,2016
217,113.708,7.0888188455876189e-001,0.4245314713030407,227.416,2016_yk_180_redob,Yukon,2016
218,114.232,7.1182017624921279e-001,0.4236760718881547,228.464,2016_yk_180_redob,Yukon,2016
219,114.756,7.0944777374793178e-001,0.4287301999994553,229.512,2016_yk_180_redob,Yukon,2016
220,115.28,7.1093231241548915e-001,0.422051244390151,230.56,2016_yk_180_redob,Yukon,2016
221,115.804,7.1213619613956325e-001,0.4175780977087558,231.608,2016_yk_180_redob,Yukon,2016
222,116.328,7.1149546219876214e-001,0.42356114507390097,232.656,2016_yk_180_redob,Yukon,2016
223,116.852,7.1058085856830766e-001,0.4280447588023571,233.704,2016_yk_180_redob,Yukon,2016
224,117.376,7.0801926903023193e-001,0.42242166385514046,234.752,2016_yk_180_redob,Yukon,2016
225,117.9,7.1217212795690221e-001,0.4198675742288306,235.8,2016_yk_180_redob,Yukon,2016
226,118.424,7.0972886262450763e-001,0.42137145618640937,236.848,2016_yk_180_redob,Yukon,2016
227,118.94800000000001,7.0969523302775450e-001,0.4209570482468806,237.89600000000002,2016_yk_180_redob,Yukon,2016
228,119.47200000000001,7.1062193206077218e-001,0.4182783394580169,238.94400000000002,2016_yk_180_redob,Yukon,2016
229,119.99600000000001,7.1239047748970796e-001,0.4140828218467389,239.99200000000002,2016_yk_180_redob,Yukon,2016
230,120.52000000000001,7.1010428984248630e-001,0.4113513516605294,241.04000000000002,2016_yk_180_redob,Yukon,2016
231,121.04400000000001,7.1436701355983345e-001,0.4107282871365952,242.08800000000002,2016_yk_180_redob,Yukon,2016
232,121.56800000000001,7.1436957864007311e-001,0.4067857096983275,243.13600000000002,2016_yk_180_redob,Yukon,2016
233,122.09200000000001,7.1160007240414913e-001,0.4092645265844519,244.18400000000003,2016_yk_180_redob,Yukon,2016
234,122.616,7.1053046192074665e-001,0.4159130395676812,245.232,2016_yk_180_redob,Yukon,2016
235,123.14,7.1242903117139633e-001,0.412574710011462,246.28,2016_yk_180_redob,Yukon,2016
236,123.664,7.1030562540241271e-001,0.4131772696297973,247.328,2016_yk_180_redob,Yukon,2016
237,124.188,7.1374435893692945e-001,0.4180777779601489,248.376,2016_yk_180_redob,Yukon,2016
238,124.712,7.0998846763456047e-001,0.4116125579105416,249.424,2016_yk_180_redob,Yukon,2016
239,125.236,7.1177465621134439e-001,0.4105792177883416,250.472,2016_yk_180_redob,Yukon,2016
240,125.76,7.0926671592050139e-001,0.4088457518671213,251.52,2016_yk_180_redob,Yukon,2016
241,126.284,7.0991827677700803e-001,0.41637163193002386,252.568,2016_yk_180_redob,Yukon,2016
242,126.808,7.0966389653750406e-001,0.4241818799841376,253.616,2016_yk_180_redob,Yukon,2016
243,127.33200000000001,7.1257303228038715e-001,0.4160576734925373,254.66400000000002,2016_yk_180_redob,Yukon,2016
244,127.85600000000001,7.1038025450022013e-001,0.41606998966020126,255.71200000000002,2016_yk_180_redob,Yukon,2016
245,128.38,7.0924955446802940e-001,0.4148610292755842,256.76,2016_yk_180_redob,Yukon,2016
246,128.904,7.0959649969340555e-001,0.4194955534613002,257.808,2016_yk_180_redob,Yukon,2016
247,129.428,7.1113222361127748e-001,0.4202870600506208,258.856,2016_yk_180_redob,Yukon,2016
248,129.952,7.0824117736741821e-001,0.4210650160741016,259.904,2016_yk_180_redob,Yukon,2016
249,130.476,7.0786169215145844e-001,0.42114054187380257,260.952,2016_yk_180_redob,Yukon,2016
250,131,7.1091646470022307e-001,0.4233847537159046,262,2016_yk_180_redob,Yukon,2016
251,131.524,7.0838868018171774e-001,0.42968297502266933,263.048,2016_yk_180_redob,Yukon,2016
252,132.048,7.0836936354813929e-001,0.4301678119885057,264.096,2016_yk_180_redob,Yukon,2016
253,132.572,7.0855014095666413e-001,0.43570208416704514,265.144,2016_yk_180_redob,Yukon,2016
254,133.096,7.0991689036337358e-001,0.43079690662448855,266.192,2016_yk_180_redob,Yukon,2016
255,133.62,7.0997790000487637e-001,0.42970748156051536,267.24,2016_yk_180_redob,Yukon,2016
256,134.144,7.1079388394930632e-001,0.4352385881010627,268.288,2016_yk_180_redob,Yukon,2016
257,134.668,7.0923356750066957e-001,0.435499625768516,269.336,2016_yk_180_redob,Yukon,2016
258,135.192,7.1058734777157240e-001,0.434767187959215,270.384,2016_yk_180_redob,Yukon,2016
259,135.716,7.1014476109079672e-001,0.43758330410449714,271.432,2016_yk_180_redob,Yukon,2016
260,136.24,7.0834537891300942e-001,0.4365966559677093,272.48,2016_yk_180_redob,Yukon,2016
261,136.764,7.0664483216328955e-001,0.44344119335196014,273.528,2016_yk_180_redob,Yukon,2016
262,137.288,7.0940097979987382e-001,0.4522445009290929,274.576,2016_yk_180_redob,Yukon,2016
263,137.812,7.0755079842467217e-001,0.457460577309907,275.624,2016_yk_180_redob,Yukon,2016
264,138.336,7.1021136368832893e-001,0.45958195504943106,276.672,2016_yk_180_redob,Yukon,2016
265,138.86,7.1040472024655765e-001,0.4727441221525012,277.72,2016_yk_180_redob,Yukon,2016
266,139.38400000000001,7.0961774530337496e-001,0.4742702550226271,278.76800000000003,2016_yk_180_redob,Yukon,2016
267,139.90800000000002,7.0977248722655906e-001,0.4732654285732972,279.81600000000003,2016_yk_180_redob,Yukon,2016
268,140.43200000000002,7.1063861418900476e-001,0.4670421912885879,280.86400000000003,2016_yk_180_redob,Yukon,2016
269,140.95600000000002,7.1054829896136551e-001,0.46180029797608835,281.91200000000003,2016_yk_180_redob,Yukon,2016
270,141.48000000000002,7.0935810904036301e-001,0.45953789237149073,282.96000000000004,2016_yk_180_redob,Yukon,2016
271,142.00400000000002,7.0998701198150860e-001,0.4600121601353688,284.00800000000004,2016_yk_180_redob,Yukon,2016
272,142.52800000000002,7.0877093734055019e-001,0.4628483278137314,285.05600000000004,2016_yk_180_redob,Yukon,2016
273,143.05200000000002,7.0963146896403362e-001,0.46974517540434063,286.10400000000004,2016_yk_180_redob,Yukon,2016
274,143.576,7.1082866636150899e-001,0.4721963726278595,287.152,2016_yk_180_redob,Yukon,2016
275,144.1,7.1094011477551222e-001,0.47181405959590794,288.2,2016_yk_180_redob,Yukon,2016
276,144.624,7.0693187134074420e-001,0.47451593878780646,289.248,2016_yk_180_redob,Yukon,2016
277,145.148,7.0893558019496783e-001,0.4760729955652624,290.296,2016_yk_180_redob,Yukon,2016
278,145.672,7.1049998807428005e-001,0.49189596977394034,291.344,2016_yk_180_redob,Yukon,2016
279,146.196,7.0999387989185658e-001,0.4965086928185498,292.392,2016_yk_180_redob,Yukon,2016
280,146.72,7.0983641963448185e-001,0.49288607389765426,293.44,2016_yk_180_redob,Yukon,2016
281,147.244,7.0928440472135568e-001,0.4853836707316176,294.488,2016_yk_180_redob,Yukon,2016
282,147.768,7.0875625575305579e-001,0.48313264529036454,295.536,2016_yk_180_redob,Yukon,2016
283,148.292,7.1106696113508527e-001,0.4926770518041009,296.584,2016_yk_180_redob,Yukon,2016
284,148.816,7.0798556145808511e-001,0.499267114909918,297.632,2016_yk_180_redob,Yukon,2016
285,149.34,7.0998621218331492e-001,0.4951909395329072,298.68,2016_yk_180_redob,Yukon,2016
286,149.864,7.1016408761594518e-001,0.495376991498006,299.728,2016_yk_180_redob,Yukon,2016
287,150.388,7.1039497294641596e-001,0.5017026000665177,300.776,2016_yk_180_redob,Yukon,2016
288,150.912,7.1074017474655915e-001,0.5005409091601245,301.824,2016_yk_180_redob,Yukon,2016
289,151.436,7.1038327645585475e-001,0.5075170479417224,302.872,2016_yk_180_redob,Yukon,2016
290,151.96,7.0926867951624295e-001,0.5106775440723107,303.92,2016_yk_180_redob,Yukon,2016
291,152.484,7.1178025076233020e-001,0.5055511178664138,304.968,2016_yk_180_redob,Yukon,2016
292,153.008,7.1036895375976350e-001,0.5063101077426511,306.016,2016_yk_180_redob,Yukon,2016
293,153.532,7.1221770248203375e-001,0.5041247457049153,307.064,2016_yk_180_redob,Yukon,2016
294,154.056,7.0976256313036035e-001,0.5090097271512876,308.112,2016_yk_180_redob,Yukon,2016
295,154.58,7.0889366234408757e-001,0.5086439047818946,309.16,2016_yk_180_redob,Yukon,2016
296,155.104,7.0898087206142235e-001,0.5066797039005903,310.208,2016_yk_180_redob,Yukon,2016
297,155.62800000000001,7.1046290499485265e-001,0.5050106874259536,311.25600000000003,2016_yk_180_redob,Yukon,2016
298,156.15200000000002,7.1004514810596986e-001,0.5082038098098227,312.30400000000003,2016_yk_180_redob,Yukon,2016
299,156.67600000000002,7.0880689431130295e-001,0.5094652945248802,313.35200000000003,2016_yk_180_redob,Yukon,2016
300,157.20000000000002,7.0800827130155142e-001,0.5094054359966795,314.40000000000003,2016_yk_180_redob,Yukon,2016
301,157.72400000000002,7.1221326249761086e-001,0.5126826117625568,315.44800000000004,2016_yk_180_redob,Yukon,2016
302,158.24800000000002,7.0969424917520607e-001,0.5180514205006376,316.49600000000004,2016_yk_180_redob,Yukon,2016
303,158.77200000000002,7.1141350052957442e-001,0.5202356425859739,317.54400000000004,2016_yk_180_redob,Yukon,2016
304,159.29600000000002,7.1129865195434749e-001,0.5065534228038527,318.59200000000004,2016_yk_180_redob,Yukon,2016
305,159.82,7.1098520265883958e-001,0.5074876109886264,319.64,2016_yk_180_redob,Yukon,2016
306,160.344,7.0984189332729519e-001,0.5083903625717797,320.688,2016_yk_180_redob,Yukon,2016
307,160.868,7.1126669447599122e-001,0.5028563490630213,321.736,2016_yk_180_redob,Yukon,2016
308,161.392,7.1269512224148224e-001,0.4994155632307454,322.784,2016_yk_180_redob,Yukon,2016
309,161.916,7.1251649493227498e-001,0.5022814987889092,323.832,2016_yk_180_redob,Yukon,2016
310,162.44,7.1088169498002829e-001,0.5033940652094684,324.88,2016_yk_180_redob,Yukon,2016
311,162.964,7.0813606004374441e-001,0.4870814037812051,325.928,2016_yk_180_redob,Yukon,2016
312,163.488,7.0843837124840658e-001,0.4817471929243853,326.976,2016_yk_180_redob,Yukon,2016
313,164.012,7.1208145389687383e-001,0.47864653459686446,328.024,2016_yk_180_redob,Yukon,2016
314,164.536,7.1187401565978603e-001,0.4814346054918864,329.072,2016_yk_180_redob,Yukon,2016
315,165.06,7.1112142201902129e-001,0.4806420124172951,330.12,2016_yk_180_redob,Yukon,2016
316,165.584,7.1076428692044913e-001,0.4811053263360867,331.168,2016_yk_180_redob,Yukon,2016
317,166.108,7.0971554404373283e-001,0.4788565325256224,332.216,2016_yk_180_redob,Yukon,2016
318,166.632,7.0924185810818330e-001,0.4701587834767963,333.264,2016_yk_180_redob,Yukon,2016
319,167.156,7.1069887752297412e-001,0.4725656151925204,334.312,2016_yk_180_redob,Yukon,2016
320,167.68,7.1163852873534283e-001,0.47672967759697343,335.36,2016_yk_180_redob,Yukon,2016
321,168.204,7.1088197798972175e-001,0.47479749334355714,336.408,2016_yk_180_redob,Yukon,2016
322,168.728,7.0956851124072517e-001,0.4656264219165404,337.456,2016_yk_180_redob,Yukon,2016
323,169.252,7.1401207043530646e-001,0.46808072685242214,338.504,2016_yk_180_redob,Yukon,2016
324,169.776,7.1098383353069206e-001,0.47090726386587406,339.552,2016_yk_180_redob,Yukon,2016
325,170.3,7.0961167405392500e-001,0.46646427827584686,340.6,2016_yk_180_redob,Yukon,2016
326,170.824,7.0822406784322134e-001,0.4645697549278258,341.648,2016_yk_180_redob,Yukon,2016
327,171.348,7.1087233424552565e-001,0.4706935751934446,342.696,2016_yk_180_redob,Yukon,2016
328,171.872,7.1275038094166387e-001,0.4700038106108136,343.744,2016_yk_180_redob,Yukon,2016
329,172.39600000000002,7.0985440713966785e-001,0.47024843643481234,344.79200000000003,2016_yk_180_redob,Yukon,2016
330,172.92000000000002,7.1285468009786612e-001,0.4657600311774054,345.84000000000003,2016_yk_180_redob,Yukon,2016
331,173.44400000000002,7.1107663519133002e-001,0.4606201842871898,346.88800000000003,2016_yk_180_redob,Yukon,2016
332,173.96800000000002,7.1077362781350772e-001,0.46202302787033944,347.93600000000004,2016_yk_180_redob,Yukon,2016
333,174.49200000000002,7.0821780337782236e-001,0.46589511703255826,348.98400000000004,2016_yk_180_redob,Yukon,2016
334,175.01600000000002,7.1154984551859124e-001,0.46482156584324574,350.03200000000004,2016_yk_180_redob,Yukon,2016
335,175.54000000000002,7.1147527571263913e-001,0.4644140786762689,351.08000000000004,2016_yk_180_redob,Yukon,2016
336,176.06400000000002,7.0805855187568578e-001,0.46400497507054794,352.12800000000004,2016_yk_180_redob,Yukon,2016
337,176.58800000000002,7.0909375821981246e-001,0.46220783975618734,353.17600000000004,2016_yk_180_redob,Yukon,2016
338,177.112,7.1199410961508558e-001,0.4586639699274725,354.224,2016_yk_180_redob,Yukon,2016
339,177.636,7.1061609259265712e-001,0.4549143698323994,355.272,2016_yk_180_redob,Yukon,2016
340,178.16,7.1161758273848275e-001,0.45377475165151054,356.32,2016_yk_180_redob,Yukon,2016
341,178.684,7.1211491182802378e-001,0.4629196112007499,357.368,2016_yk_180_redob,Yukon,2016
342,179.208,7.1211341038384246e-001,0.46798304312146194,358.416,2016_yk_180_redob,Yukon,2016
343,179.732,7.1094335410420018e-001,0.46707760644902846,359.464,2016_yk_180_redob,Yukon,2016
344,180.256,7.1266818121017583e-001,0.46146117241097856,360.512,2016_yk_180_redob,Yukon,2016
345,180.78,7.1072500504135805e-001,0.4656708592685876,361.56,2016_yk_180_redob,Yukon,2016
346,181.304,7.1139542074893281e-001,0.4726221835614583,362.608,2016_yk_180_redob,Yukon,2016
347,181.828,7.1312348210980436e-001,0.4714620310602155,363.656,2016_yk_180_redob,Yukon,2016
348,182.352,7.1184784744617724e-001,0.4715162896975202,364.704,2016_yk_180_redob,Yukon,2016
349,182.876,7.1333942361534575e-001,0.4606137689766522,365.752,2016_yk_180_redob,Yukon,2016
350,183.4,7.1159844274057693e-001,0.45757797911246706,366.8,2016_yk_180_redob,Yukon,2016
351,183.924,7.1151905207124777e-001,0.4607604547033728,367.848,2016_yk_180_redob,Yukon,2016
352,184.448,7.0954350855937609e-001,0.4776849420058474,368.896,2016_yk_180_redob,Yukon,2016
353,184.972,7.1185037426463005e-001,0.4855293052564616,369.944,2016_yk_180_redob,Yukon,2016
354,185.496,7.1015699584275915e-001,0.4845664897631348,370.992,2016_yk_180_redob,Yukon,2016
355,186.02,7.1107977377135245e-001,0.48387144165835494,372.04,2016_yk_180_redob,Yukon,2016
356,186.544,7.1313986394093420e-001,0.4692836921519026,373.088,2016_yk_180_redob,Yukon,2016
357,187.068,7.0981508959208095e-001,0.46631479671433945,374.136,2016_yk_180_redob,Yukon,2016
358,187.592,7.1015033469642896e-001,0.47202937071519474,375.184,2016_yk_180_redob,Yukon,2016
359,188.116,7.1168276012546949e-001,0.48257437109652235,376.232,2016_yk_180_redob,Yukon,2016
360,188.64000000000001,7.1122882531826548e-001,0.4840012917319276,377.28000000000003,2016_yk_180_redob,Yukon,2016
361,189.16400000000002,7.1151930828834897e-001,0.4872196451728026,378.32800000000003,2016_yk_180_redob,Yukon,2016
362,189.68800000000002,7.0942258189481766e-001,0.4759165824680189,379.37600000000003,2016_yk_180_redob,Yukon,2016
363,190.21200000000002,7.1115686807941780e-001,0.472583787131203,380.42400000000004,2016_yk_180_redob,Yukon,2016
364,190.73600000000002,7.0992018113175392e-001,0.4623220107868696,381.47200000000004,2016_yk_180_redob,Yukon,2016
365,191.26000000000002,7.1068654970634970e-001,0.45877332192317954,382.52000000000004,2016_yk_180_redob,Yukon,2016
366,191.78400000000002,7.1030447701336419e-001,0.45951775829822383,383.56800000000004,2016_yk_180_redob,Yukon,2016
367,192.30800000000002,7.1162161114324296e-001,0.4731167545775839,384.61600000000004,2016_yk_180_redob,Yukon,2016
368,192.83200000000002,7.1124592201565406e-001,0.48794795165700705,385.66400000000004,2016_yk_180_redob,Yukon,2016
369,193.356,7.1289411927342694e-001,0.48825473521012486,386.712,2016_yk_180_redob,Yukon,2016
370,193.88,7.0884295222577520e-001,0.4770092478899778,387.76,2016_yk_180_redob,Yukon,2016
371,194.404,7.1062771594172014e-001,0.4647774513802709,388.808,2016_yk_180_redob,Yukon,2016
372,194.928,7.1137954460730390e-001,0.46057586100942255,389.856,2016_yk_180_redob,Yukon,2016
373,195.452,7.1183320177199394e-001,0.4588923079939612,390.904,2016_yk_180_redob,Yukon,2016
374,195.976,7.1191819709407000e-001,0.47239709789810463,391.952,2016_yk_180_redob,Yukon,2016
375,196.5,7.1273503441904529e-001,0.4767088298316792,393,2016_yk_180_redob,Yukon,2016
376,197.024,7.0939215948648804e-001,0.46946668349859166,394.048,2016_yk_180_redob,Yukon,2016
377,197.548,7.0804345124255241e-001,0.47410150424779224,395.096,2016_yk_180_redob,Yukon,2016
378,198.072,7.1203075308704589e-001,0.4801685822497937,396.144,2016_yk_180_redob,Yukon,2016
379,198.596,7.1313450615949114e-001,0.47877447025694014,397.192,2016_yk_180_redob,Yukon,2016
380,199.12,7.1149893069457715e-001,0.47272565471462014,398.24,2016_yk_180_redob,Yukon,2016
381,199.644,7.1157229452146187e-001,0.4758543748964398,399.288,2016_yk_180_redob,Yukon,2016
382,200.168,7.1378120873646023e-001,0.46767308529987767,400.336,2016_yk_180_redob,Yukon,2016
383,200.692,7.1429333630225633e-001,0.4708624125473884,401.384,2016_yk_180_redob,Yukon,2016
384,201.216,7.1101164912562664e-001,0.473542590756174,402.432,2016_yk_180_redob,Yukon,2016
385,201.74,7.1051443764154498e-001,0.472556822415288,403.48,2016_yk_180_redob,Yukon,2016
386,202.264,7.0772834763281678e-001,0.4736168045545141,404.528,2016_yk_180_redob,Yukon,2016
387,202.788,7.1204129088388934e-001,0.4684065904333144,405.576,2016_yk_180_redob,Yukon,2016
388,203.312,7.1279981976672790e-001,0.4651646026065629,406.624,2016_yk_180_redob,Yukon,2016
389,203.836,7.0990502440281722e-001,0.46534697123960983,407.672,2016_yk_180_redob,Yukon,2016
390,204.36,7.1084512954671430e-001,0.4681617458991024,408.72,2016_yk_180_redob,Yukon,2016
391,204.88400000000001,7.1048303424467307e-001,0.4673489614448964,409.76800000000003,2016_yk_180_redob,Yukon,2016
392,205.40800000000002,7.1104758991319161e-001,0.4635347486600098,410.81600000000003,2016_yk_180_redob,Yukon,2016
393,205.93200000000002,7.1183685960889120e-001,0.46409723777111617,411.86400000000003,2016_yk_180_redob,Yukon,2016
394,206.45600000000002,7.1087384087823968e-001,0.46629168866485166,412.91200000000003,2016_yk_180_redob,Yukon,2016
395,206.98000000000002,7.0935054838058231e-001,0.4749983494748022,413.96000000000004,2016_yk_180_redob,Yukon,2016
396,207.50400000000002,7.1038181341659179e-001,0.47194089818495566,415.00800000000004,2016_yk_180_redob,Yukon,2016
397,208.02800000000002,7.1280449906199472e-001,0.46251095654612745,416.05600000000004,2016_yk_180_redob,Yukon,2016
398,208.55200000000002,7.1076166333802537e-001,0.45933569128140217,417.10400000000004,2016_yk_180_redob,Yukon,2016
399,209.07600000000002,7.0839570410692387e-001,0.4637349906035008,418.15200000000004,2016_yk_180_redob,Yukon,2016
400,209.60000000000002,7.0742221605943922e-001,0.47446808971952464,419.20000000000005,2016_yk_180_redob,Yukon,2016
401,210.12400000000002,7.1271026271770277e-001,0.46570184942692167,420.24800000000005,2016_yk_180_redob,Yukon,2016
402,210.648,7.1252903730239092e-001,0.4645560265841646,421.296,2016_yk_180_redob,Yukon,2016
403,211.172,7.0917429662827713e-001,0.454636642723085,422.344,2016_yk_180_redob,Yukon,2016
404,211.696,7.1303294226931346e-001,0.47081052776850946,423.392,2016_yk_180_redob,Yukon,2016
405,212.22,7.1087498330422128e-001,0.4706666102627231,424.44,2016_yk_180_redob,Yukon,2016
406,212.744,7.1066098132138711e-001,0.4699560629837632,425.488,2016_yk_180_redob,Yukon,2016
407,213.268,7.1103740892390344e-001,0.45296230277471233,426.536,2016_yk_180_redob,Yukon,2016
408,213.792,7.1116734724381292e-001,0.45836483279836165,427.584,2016_yk_180_redob,Yukon,2016
409,214.316,7.0864922367709238e-001,0.4622163073191325,428.632,2016_yk_180_redob,Yukon,2016
410,214.84,7.0770653492926439e-001,0.4558481586949706,429.68,2016_yk_180_redob,Yukon,2016
411,215.364,7.1106827881581736e-001,0.4556211992694028,430.728,2016_yk_180_redob,Yukon,2016
412,215.888,7.1200336857785251e-001,0.4652432165302195,431.776,2016_yk_180_redob,Yukon,2016
413,216.412,7.1103246216362359e-001,0.470295023395895,432.824,2016_yk_180_redob,Yukon,2016
414,216.936,7.1118942556035303e-001,0.4634783360309334,433.872,2016_yk_180_redob,Yukon,2016
415,217.46,7.1195415118311522e-001,0.46070825240144353,434.92,2016_yk_180_redob,Yukon,2016
416,217.984,7.1083901173947728e-001,0.4625868934951928,435.968,2016_yk_180_redob,Yukon,2016
417,218.508,7.1282256148347722e-001,0.4672049338510492,437.016,2016_yk_180_redob,Yukon,2016
418,219.032,7.1076292562580801e-001,0.4708703273670938,438.064,2016_yk_180_redob,Yukon,2016
419,219.556,7.0968567824539952e-001,0.4735833637912817,439.112,2016_yk_180_redob,Yukon,2016
420,220.08,7.0920432708703574e-001,0.47041662661067185,440.16,2016_yk_180_redob,Yukon,2016
421,220.604,7.1268173478140173e-001,0.4717153513123899,441.208,2016_yk_180_redob,Yukon,2016
422,221.12800000000001,7.1219333723876854e-001,0.4613774269351706,442.25600000000003,2016_yk_180_redob,Yukon,2016
423,221.65200000000002,7.1188666306781689e-001,0.460317243343863,443.30400000000003,2016_yk_180_redob,Yukon,2016
424,222.17600000000002,7.1079537475463894e-001,0.45752146170169605,444.35200000000003,2016_yk_180_redob,Yukon,2016
425,222.70000000000002,7.0955306725227085e-001,0.4556252777575658,445.40000000000003,2016_yk_180_redob,Yukon,2016
426,223.22400000000002,7.1010548812936436e-001,0.4556972361797963,446.44800000000004,2016_yk_180_redob,Yukon,2016
427,223.74800000000002,7.0997178548132245e-001,0.45893343086998034,447.49600000000004,2016_yk_180_redob,Yukon,2016
428,224.27200000000002,7.0930112716636784e-001,0.4653563242078397,448.54400000000004,2016_yk_180_redob,Yukon,2016
429,224.79600000000002,7.0925489474782100e-001,0.4784906768914968,449.59200000000004,2016_yk_180_redob,Yukon,2016
430,225.32000000000002,7.1089210286735038e-001,0.47922608534131206,450.64000000000004,2016_yk_180_redob,Yukon,2016
431,225.84400000000002,7.1260158554150022e-001,0.48142253920126754,451.68800000000005,2016_yk_180_redob,Yukon,2016
432,226.36800000000002,7.1027260806787529e-001,0.47485856893589473,452.73600000000005,2016_yk_180_redob,Yukon,2016
433,226.892,7.1045275182840451e-001,0.47790741450671353,453.784,2016_yk_180_redob,Yukon,2016
434,227.416,7.1169844645856917e-001,0.47873564699946,454.832,2016_yk_180_redob,Yukon,2016
435,227.94,7.1073896254400359e-001,0.49012983011449573,455.88,2016_yk_180_redob,Yukon,2016
436,228.464,7.1208073784317993e-001,0.4909352900666412,456.928,2016_yk_180_redob,Yukon,2016
437,228.988,7.1103611782283771e-001,0.4821543816065001,457.976,2016_yk_180_redob,Yukon,2016
438,229.512,7.1271355097801248e-001,0.48331627295205826,459.024,2016_yk_180_redob,Yukon,2016
439,230.036,7.0935788797428456e-001,0.4843028556174702,460.072,2016_yk_180_redob,Yukon,2016
440,230.56,7.1190965951974550e-001,0.49108319748944496,461.12,2016_yk_180_redob,Yukon,2016
441,231.084,7.1031625732119286e-001,0.49277727158237983,462.168,2016_yk_180_redob,Yukon,2016
442,231.608,7.1151188945483734e-001,0.49354825886084414,463.216,2016_yk_180_redob,Yukon,2016
443,232.132,7.1182151363750534e-001,0.5062233695242185,464.264,2016_yk_180_redob,Yukon,2016
444,232.656,7.1228240252551567e-001,0.507982779379682,465.312,2016_yk_180_redob,Yukon,2016
445,233.18,7.0970077494598061e-001,0.5038610456422641,466.36,2016_yk_180_redob,Yukon,2016
446,233.704,7.1255246509440284e-001,0.5110267325385119,467.408,2016_yk_180_redob,Yukon,2016
447,234.228,7.1002472192225485e-001,0.5155937559601397,468.456,2016_yk_180_redob,Yukon,2016
448,234.752,7.1049728013179536e-001,0.5089781711211531,469.504,2016_yk_180_redob,Yukon,2016
449,235.276,7.1031511394522195e-001,0.5149536275891257,470.552,2016_yk_180_redob,Yukon,2016
450,235.8,7.1122069632949270e-001,0.5213180971566705,471.6,2016_yk_180_redob,Yukon,2016
451,236.324,7.1301524762620982e-001,0.5277319868611433,472.648,2016_yk_180_redob,Yukon,2016
452,236.848,7.1069838677969943e-001,0.522816995905892,473.696,2016_yk_180_redob,Yukon,2016
453,237.372,7.0837933519236540e-001,0.5316407618626734,474.744,2016_yk_180_redob,Yukon,2016
454,237.89600000000002,7.1267078720315369e-001,0.5289858185986781,475.79200000000003,2016_yk_180_redob,Yukon,2016
455,238.42000000000002,7.1129041751161082e-001,0.5348283211368342,476.84000000000003,2016_yk_180_redob,Yukon,2016
456,238.94400000000002,7.0911480256679782e-001,0.5289321653266879,477.88800000000003,2016_yk_180_redob,Yukon,2016
457,239.46800000000002,7.1001469985661148e-001,0.5361002558962217,478.93600000000004,2016_yk_180_redob,Yukon,2016
458,239.99200000000002,7.1157447588940625e-001,0.5353465068938377,479.98400000000004,2016_yk_180_redob,Yukon,2016
459,240.51600000000002,7.1088719669843115e-001,0.5398568333416387,481.03200000000004,2016_yk_180_redob,Yukon,2016
460,241.04000000000002,7.0867092175803514e-001,0.5569341648992889,482.08000000000004,2016_yk_180_redob,Yukon,2016
461,241.56400000000002,7.0994958104930850e-001,0.5700692136601399,483.12800000000004,2016_yk_180_redob,Yukon,2016
462,242.08800000000002,7.1200943632627400e-001,0.5696813042790998,484.17600000000004,2016_yk_180_redob,Yukon,2016
463,242.61200000000002,7.1130658611767306e-001,0.5574940598530357,485.22400000000005,2016_yk_180_redob,Yukon,2016
464,243.13600000000002,7.0965898951016959e-001,0.5506096483648824,486.27200000000005,2016_yk_180_redob,Yukon,2016
465,243.66000000000003,7.1147491709700128e-001,0.5547711102315646,487.32000000000005,2016_yk_180_redob,Yukon,2016
466,244.184,7.1057823465863257e-001,0.5619437612431486,488.368,2016_yk_180_redob,Yukon,2016
467,244.708,7.0976290671788311e-001,0.5590175769000114,489.416,2016_yk_180_redob,Yukon,2016
468,245.232,7.1037122652267637e-001,0.5653782142532553,490.464,2016_yk_180_redob,Yukon,2016
469,245.756,7.1102466893419047e-001,0.5654850425617431,491.512,2016_yk_180_redob,Yukon,2016
470,246.28,7.1008786861899975e-001,0.5652558748596048,492.56,2016_yk_180_redob,Yukon,2016
471,246.804,7.1035826776536715e-001,0.5713000058423688,493.608,2016_yk_180_redob,Yukon,2016
472,247.328,7.1052854054921555e-001,0.5728434613183349,494.656,2016_yk_180_redob,Yukon,2016
473,247.852,7.1253815459174985e-001,0.5761451958266384,495.704,2016_yk_180_redob,Yukon,2016
474,248.376,7.1005964627124551e-001,0.5807407923139166,496.752,2016_yk_180_redob,Yukon,2016
475,248.9,7.0999855050753469e-001,0.5773288257535266,497.8,2016_yk_180_redob,Yukon,2016
476,249.424,7.1051582442868910e-001,0.5750887386839495,498.848,2016_yk_180_redob,Yukon,2016
477,249.948,7.1161848056715615e-001,0.5740074681120451,499.896,2016_yk_180_redob,Yukon,2016
478,250.472,7.1077924607046084e-001,0.5703461894843104,500.944,2016_yk_180_redob,Yukon,2016
479,250.996,7.1018689336205587e-001,0.5746143950526383,501.992,2016_yk_180_redob,Yukon,2016
480,251.52,7.1115289649391944e-001,0.5789119925150031,503.04,2016_yk_180_redob,Yukon,2016
481,252.044,7.1076305881569579e-001,0.5755733364573168,504.088,2016_yk_180_redob,Yukon,2016
482,252.568,7.1008671012786340e-001,0.5820299981334704,505.136,2016_yk_180_redob,Yukon,2016
483,253.092,7.1124665059115555e-001,0.5734451806366443,506.184,2016_yk_180_redob,Yukon,2016
484,253.616,7.1146787716364668e-001,0.5736085575929999,507.232,2016_yk_180_redob,Yukon,2016
485,254.14000000000001,7.1013391543511217e-001,0.5778895357425321,508.28000000000003,2016_yk_180_redob,Yukon,2016
486,254.66400000000002,7.1049996600202703e-001,0.5720571646631142,509.32800000000003,2016_yk_180_redob,Yukon,2016
487,255.18800000000002,7.1124064741566995e-001,0.5681597741545287,510.37600000000003,2016_yk_180_redob,Yukon,2016
488,255.71200000000002,7.0826621388006761e-001,0.5690713168730893,511.42400000000004,2016_yk_180_redob,Yukon,2016
489,256.236,7.1053390121786297e-001,0.5611457702712783,512.472,2016_yk_180_redob,Yukon,2016
490,256.76,7.1188122657124475e-001,0.564183928479316,513.52,2016_yk_180_redob,Yukon,2016
491,257.284,7.1009538083223622e-001,0.5565275916798159,514.568,2016_yk_180_redob,Yukon,2016
492,257.808,7.1071145219192733e-001,0.5515760528734515,515.616,2016_yk_180_redob,Yukon,2016
493,258.332,7.0880149093266942e-001,0.5595045615698605,516.664,2016_yk_180_redob,Yukon,2016
494,258.856,7.1147030713957915e-001,0.5612384282862238,517.712,2016_yk_180_redob,Yukon,2016
495,259.38,7.1090733682085649e-001,0.5703831037857061,518.76,2016_yk_180_redob,Yukon,2016
496,259.904,7.0883856515508814e-001,0.5609701942078633,519.808,2016_yk_180_redob,Yukon,2016
497,260.428,7.1038384496554052e-001,0.5602216852812363,520.856,2016_yk_180_redob,Yukon,2016
498,260.952,7.0842662630230058e-001,0.561496994946069,521.904,2016_yk_180_redob,Yukon,2016
499,261.476,7.1192422625339669e-001,0.5630354143723642,522.952,2016_yk_180_redob,Yukon,2016
500,262,7.0994193822300122e-001,0.5602402029173199,524,2016_yk_180_redob,Yukon,2016
501,262.524,7.0891740038161954e-001,0.5575856804100828,525.048,2016_yk_180_redob,Yukon,2016
502,263.048,7.0905091370555262e-001,0.5497280800770289,526.096,2016_yk_180_redob,Yukon,2016
503,263.572,7.0810426654161340e-001,0.5454827258535813,527.144,2016_yk_180_redob,Yukon,2016
504,264.096,7.0882727765077547e-001,0.5442942379687359,528.192,2016_yk_180_redob,Yukon,2016
505,264.62,7.1092970516610166e-001,0.545452841589826,529.24,2016_yk_180_redob,Yukon,2016
506,265.144,7.1028022905226007e-001,0.5472093606371745,530.288,2016_yk_180_redob,Yukon,2016
507,265.668,7.0936925621566438e-001,0.54954391748903475,531.336,2016_yk_180_redob,Yukon,2016
508,266.192,7.1277527000913243e-001,0.5535111436084719,532.384,2016_yk_180_redob,Yukon,2016
509,266.716,7.1021674235985877e-001,0.5588742236812448,533.432,2016_yk_180_redob,Yukon,2016
510,267.24,7.1120444480268863e-001,0.562699365089652,534.48,2016_yk_180_redob,Yukon,2016
511,267.764,7.0640367697077788e-001,0.5603795491686885,535.528,2016_yk_180_redob,Yukon,2016
512,268.288,7.1052668025161436e-001,0.5581085291306065,536.576,2016_yk_180_redob,Yukon,2016
513,268.812,7.0770711645102602e-001,0.5509431944382528,537.624,2016_yk_180_redob,Yukon,2016
514,269.336,7.0813866490949051e-001,0.5495248677118546,538.672,2016_yk_180_redob,Yukon,2016
515,269.86,7.0968488931811591e-001,0.5580663412663425,539.72,2016_yk_180_redob,Yukon,2016
516,270.384,7.1097474533789573e-001,0.5578281122928587,540.768,2016_yk_180_redob,Yukon,2016
517,270.908,7.0829778990387193e-001,0.5619659516762295,541.816,2016_yk_180_redob,Yukon,2016
518,271.432,7.0943117561082480e-001,0.5597709700722917,542.864,2016_yk_180_redob,Yukon,2016
519,271.956,7.0977261754130327e-001,0.5609616894070117,543.912,2016_yk_180_redob,Yukon,2016
520,272.48,7.0960113380071721e-001,0.5632894025652654,544.96,2016_yk_180_redob,Yukon,2016
521,273.004,7.0824079270056528e-001,0.5696285552486583,546.008,2016_yk_180_redob,Yukon,2016
522,273.528,7.1032586575646817e-001,0.5626452264696374,547.056,2016_yk_180_redob,Yukon,2016
523,274.052,7.0800950970228371e-001,0.56554896120687,548.104,2016_yk_180_redob,Yukon,2016
524,274.576,7.0990783275727620e-001,0.5647620715266227,549.152,2016_yk_180_redob,Yukon,2016
525,275.1,7.1014696255047838e-001,0.5755904396617113,550.2,2016_yk_180_redob,Yukon,2016
526,275.624,7.0839312446776237e-001,0.5862953175247712,551.248,2016_yk_180_redob,Yukon,2016
527,276.148,7.0863282692037022e-001,0.5955629213022728,552.296,2016_yk_180_redob,Yukon,2016
528,276.672,7.0847015162614280e-001,0.6009599429809853,553.344,2016_yk_180_redob,Yukon,2016
529,277.196,7.0970244786613779e-001,0.6140468158802629,554.392,2016_yk_180_redob,Yukon,2016
530,277.72,7.0941232626232875e-001,0.6154033783004842,555.44,2016_yk_180_redob,Yukon,2016
531,278.244,7.1059961078484957e-001,0.6168032270665224,556.488,2016_yk_180_redob,Yukon,2016
532,278.76800000000003,7.0812367261022402e-001,0.6127542327140164,557.5360000000001,2016_yk_180_redob,Yukon,2016
533,279.29200000000003,7.0669458806189012e-001,0.6183398985720631,558.5840000000001,2016_yk_180_redob,Yukon,2016
534,279.81600000000003,7.0844184078458017e-001,0.6303780633440906,559.6320000000001,2016_yk_180_redob,Yukon,2016
535,280.34000000000003,7.0851006226430380e-001,0.632309503298707,560.6800000000001,2016_yk_180_redob,Yukon,2016
536,280.86400000000003,7.0870122669434577e-001,0.6428636168235701,561.7280000000001,2016_yk_180_redob,Yukon,2016
537,281.38800000000003,7.1003875673271877e-001,0.6360455146094498,562.7760000000001,2016_yk_180_redob,Yukon,2016
538,281.91200000000003,7.0875989991559807e-001,0.6457428186789204,563.8240000000001,2016_yk_180_redob,Yukon,2016
539,282.43600000000004,7.0879882669275640e-001,0.6530343613377569,564.8720000000001,2016_yk_180_redob,Yukon,2016
540,282.96000000000004,7.0538209630171556e-001,0.6601237627949438,565.9200000000001,2016_yk_180_redob,Yukon,2016
541,283.48400000000004,7.0885657709522676e-001,0.6634690075771047,566.9680000000001,2016_yk_180_redob,Yukon,2016
542,284.00800000000004,7.0925724486711716e-001,0.6621922713807435,568.0160000000001,2016_yk_180_redob,Yukon,2016
543,284.53200000000004,7.0912333299470920e-001,0.6661291549219212,569.0640000000001,2016_yk_180_redob,Yukon,2016
544,285.05600000000004,7.0914660137258734e-001,0.663407084509383,570.1120000000001,2016_yk_180_redob,Yukon,2016
545,285.58000000000004,7.0754051437675924e-001,0.6751969618638093,571.1600000000001,2016_yk_180_redob,Yukon,2016
546,286.104,7.0892109948403725e-001,0.6712941888988002,572.208,2016_yk_180_redob,Yukon,2016
547,286.628,7.0869286091929562e-001,0.672930717753025,573.256,2016_yk_180_redob,Yukon,2016
548,287.152,7.0996426017268566e-001,0.6795606861710877,574.304,2016_yk_180_redob,Yukon,2016
549,287.676,7.0764481362532516e-001,0.6967461998197705,575.352,2016_yk_180_redob,Yukon,2016
550,288.2,7.0831575536938363e-001,0.7066901565089421,576.4,2016_yk_180_redob,Yukon,2016
551,288.724,7.0836684790267923e-001,0.7122714004774628,577.448,2016_yk_180_redob,Yukon,2016
552,289.248,7.0840950337662290e-001,0.7178079311887646,578.496,2016_yk_180_redob,Yukon,2016
553,289.772,7.0842488814599713e-001,0.7175863575408628,579.544,2016_yk_180_redob,Yukon,2016
554,290.296,7.0985924217793483e-001,0.7249501704772152,580.592,2016_yk_180_redob,Yukon,2016
555,290.82,7.0888204131028842e-001,0.730142496609812,581.64,2016_yk_180_redob,Yukon,2016
556,291.344,7.0885322371700843e-001,0.744503747175346,582.688,2016_yk_180_redob,Yukon,2016
557,291.868,7.0904238512763806e-001,0.7614710705750452,583.736,2016_yk_180_redob,Yukon,2016
558,292.392,7.0874082366743396e-001,0.7665873527463689,584.784,2016_yk_180_redob,Yukon,2016
559,292.916,7.0718585323784244e-001,0.7540318040852964,585.832,2016_yk_180_redob,Yukon,2016
560,293.44,7.0781760286335937e-001,0.7465636608739008,586.88,2016_yk_180_redob,Yukon,2016
561,293.964,7.0773427358101859e-001,0.7520162644458724,587.928,2016_yk_180_redob,Yukon,2016
562,294.488,7.0777361097376834e-001,0.7567280345509133,588.976,2016_yk_180_redob,Yukon,2016
563,295.012,7.0825769751397627e-001,0.7891642584624602,590.024,2016_yk_180_redob,Yukon,2016
564,295.536,7.0890568973124313e-001,0.7983554474389833,591.072,2016_yk_180_redob,Yukon,2016
565,296.06,7.0745159284464043e-001,0.7796812810400202,592.12,2016_yk_180_redob,Yukon,2016
566,296.584,7.0775117103465357e-001,0.7807100009784994,593.168,2016_yk_180_redob,Yukon,2016
567,297.108,7.0773627175642695e-001,0.7983624243657905,594.216,2016_yk_180_redob,Yukon,2016
568,297.632,7.0727801237604082e-001,0.8059055173331551,595.264,2016_yk_180_redob,Yukon,2016
569,298.156,7.0725951362780370e-001,0.7969484834956804,596.312,2016_yk_180_redob,Yukon,2016
570,298.68,7.0567399839485767e-001,0.8170255536020448,597.36,2016_yk_180_redob,Yukon,2016
571,299.204,7.0768636037936272e-001,0.8347492685096405,598.408,2016_yk_180_redob,Yukon,2016
572,299.728,7.0671892271434478e-001,0.835787711243325,599.456,2016_yk_180_redob,Yukon,2016
573,300.252,7.0780273738285138e-001,0.8200525942319185,600.504,2016_yk_180_redob,Yukon,2016
574,300.776,7.0673529085620346e-001,0.8342259621203576,601.552,2016_yk_180_redob,Yukon,2016
575,301.3,7.0782939840822789e-001,0.8332525096990351,602.6,2016_yk_180_redob,Yukon,2016
576,301.824,7.0671638244657753e-001,0.8371255170858412,603.648,2016_yk_180_redob,Yukon,2016
577,302.348,7.0864693906289367e-001,0.8388756806114132,604.696,2016_yk_180_redob,Yukon,2016
578,302.872,7.0738266738960975e-001,0.845320663248059,605.744,2016_yk_180_redob,Yukon,2016
579,303.396,7.0596145998062554e-001,0.852123289854124,606.792,2016_yk_180_redob,Yukon,2016
580,303.92,7.0771767334259217e-001,0.8478520949411602,607.84,2016_yk_180_redob,Yukon,2016
581,304.444,7.0814081809805529e-001,0.861544743472319,608.888,2016_yk_180_redob,Yukon,2016
582,304.968,7.0742006923072021e-001,0.8746546454976198,609.936,2016_yk_180_redob,Yukon,2016
583,305.492,7.0729456586116912e-001,0.879183602974368,610.984,2016_yk_180_redob,Yukon,2016
584,306.016,7.0777124653505585e-001,0.8720241687472003,612.032,2016_yk_180_redob,Yukon,2016
585,306.54,7.0833015417875256e-001,0.8615111241975392,613.08,2016_yk_180_redob,Yukon,2016
586,307.064,7.0747752052129365e-001,0.8681533563896694,614.128,2016_yk_180_redob,Yukon,2016
587,307.588,7.0647559712718500e-001,0.8664617895750466,615.176,2016_yk_180_redob,Yukon,2016
588,308.112,7.0758522724650930e-001,0.8644448277762894,616.224,2016_yk_180_redob,Yukon,2016
589,308.636,7.0759545872499263e-001,0.8727119297700989,617.272,2016_yk_180_redob,Yukon,2016
590,309.16,7.0717684289873506e-001,0.8828996190050361,618.32,2016_yk_180_redob,Yukon,2016
591,309.684,7.0741400519256636e-001,0.8902353623651931,619.368,2016_yk_180_redob,Yukon,2016
592,310.208,7.0733474874604541e-001,0.8736790350732208,620.416,2016_yk_180_redob,Yukon,2016
593,310.732,7.0675141108320416e-001,0.8670305633773624,621.464,2016_yk_180_redob,Yukon,2016
594,311.25600000000003,7.0706874362176797e-001,0.8640262175323375,622.5120000000001,2016_yk_180_redob,Yukon,2016
595,311.78000000000003,7.0738977475786746e-001,0.852448726965824,623.5600000000001,2016_yk_180_redob,Yukon,2016
596,312.30400000000003,7.0637345171679422e-001,0.8451458293166153,624.6080000000001,2016_yk_180_redob,Yukon,2016
597,312.82800000000003,7.0781685512415327e-001,0.852185191587691,625.6560000000001,2016_yk_180_redob,Yukon,2016
598,313.35200000000003,7.0685343341579288e-001,0.8499197850394824,626.7040000000001,2016_yk_180_redob,Yukon,2016
599,313.87600000000003,7.0755553231798607e-001,0.8540089506663978,627.7520000000001,2016_yk_180_redob,Yukon,2016
600,314.40000000000003,7.0677233895435121e-001,0.8507411262782024,628.8000000000001,2016_yk_180_redob,Yukon,2016
601,314.92400000000004,7.0643883691243636e-001,0.8502011795916748,629.8480000000001,2016_yk_180_redob,Yukon,2016
602,315.44800000000004,7.0716674097706711e-001,0.8593291672906843,630.8960000000001,2016_yk_180_redob,Yukon,2016
603,315.97200000000004,7.0648170686556555e-001,0.8767484309108915,631.9440000000001,2016_yk_180_redob,Yukon,2016
604,316.49600000000004,7.0757610358072032e-001,0.8809425444519906,632.9920000000001,2016_yk_180_redob,Yukon,2016
605,317.02000000000004,7.0621570822767765e-001,0.8690866589215818,634.0400000000001,2016_yk_180_redob,Yukon,2016
606,317.54400000000004,7.0750787610069954e-001,0.8525174098123663,635.0880000000001,2016_yk_180_redob,Yukon,2016
607,318.06800000000004,7.0743283073218111e-001,0.8411904730907246,636.1360000000001,2016_yk_180_redob,Yukon,2016
608,318.59200000000004,7.0692668786645352e-001,0.8460502707777233,637.1840000000001,2016_yk_180_redob,Yukon,2016
609,319.116,7.0817051796614794e-001,0.8550518598240552,638.232,2016_yk_180_redob,Yukon,2016
610,319.64,7.0816520617598278e-001,0.8420069389644945,639.28,2016_yk_180_redob,Yukon,2016
611,320.164,7.0612749760065652e-001,0.8423789208123302,640.328,2016_yk_180_redob,Yukon,2016
612,320.688,7.0653246991843122e-001,0.8265569744848256,641.376,2016_yk_180_redob,Yukon,2016
613,321.212,7.0611762551424351e-001,0.8194405854001344,642.424,2016_yk_180_redob,Yukon,2016
614,321.736,7.0781207271572888e-001,0.8221507810829667,643.472,2016_yk_180_redob,Yukon,2016
615,322.26,7.0879310067854240e-001,0.8291599382930627,644.52,2016_yk_180_redob,Yukon,2016
616,322.784,7.0652801501396600e-001,0.8388177336353,645.568,2016_yk_180_redob,Yukon,2016
617,323.308,7.0772604908245329e-001,0.8328795756984334,646.616,2016_yk_180_redob,Yukon,2016
618,323.832,7.0848906697724734e-001,0.8228331346857463,647.664,2016_yk_180_redob,Yukon,2016
619,324.356,7.0717020830511679e-001,0.7992855111968208,648.712,2016_yk_180_redob,Yukon,2016
620,324.88,7.0712352797912836e-001,0.8093040534502661,649.76,2016_yk_180_redob,Yukon,2016
621,325.404,7.0706015184982929e-001,0.8147086112025549,650.808,2016_yk_180_redob,Yukon,2016
622,325.928,7.0610668640222762e-001,0.8179957774371979,651.856,2016_yk_180_redob,Yukon,2016
623,326.452,7.0644796476330285e-001,0.8221450906155173,652.904,2016_yk_180_redob,Yukon,2016
624,326.976,7.0751867160452642e-001,0.8238535999051525,653.952,2016_yk_180_redob,Yukon,2016
625,327.5,7.0620626463660230e-001,0.8232585176931362,655,2016_yk_180_redob,Yukon,2016
626,328.024,7.0644012008134649e-001,0.8088779256332398,656.048,2016_yk_180_redob,Yukon,2016
627,328.548,7.0731337746194844e-001,0.8086342442012944,657.096,2016_yk_180_redob,Yukon,2016
628,329.072,7.0742596467598695e-001,0.7999300772220688,658.144,2016_yk_180_redob,Yukon,2016
629,329.596,7.0802377944858208e-001,0.7874900029937822,659.192,2016_yk_180_redob,Yukon,2016
630,330.12,7.0810917078225111e-001,0.7863970960662989,660.24,2016_yk_180_redob,Yukon,2016
631,330.644,7.0693107050634996e-001,0.7856613885795509,661.288,2016_yk_180_redob,Yukon,2016
632,331.168,7.0604023489413437e-001,0.7930623741251407,662.336,2016_yk_180_redob,Yukon,2016
633,331.692,7.0821019245751538e-001,0.7896329616650867,663.384,2016_yk_180_redob,Yukon,2016
634,332.216,7.0764766744580410e-001,0.7965416354229852,664.432,2016_yk_180_redob,Yukon,2016
635,332.74,7.0803025279750720e-001,0.7894631377869842,665.48,2016_yk_180_redob,Yukon,2016
636,333.264,7.0765033881850670e-001,0.7836609158252679,666.528,2016_yk_180_redob,Yukon,2016
637,333.788,7.0775901793830309e-001,0.787278797316262,667.576,2016_yk_180_redob,Yukon,2016
638,334.312,7.0655911074021527e-001,0.7771318602040447,668.624,2016_yk_180_redob,Yukon,2016
639,334.836,7.0821281668376412e-001,0.7725341554025825,669.672,2016_yk_180_redob,Yukon,2016
640,335.36,7.0722203158784913e-001,0.7617232843137739,670.72,2016_yk_180_redob,Yukon,2016
641,335.884,7.0810427057091219e-001,0.7567188703003507,671.768,2016_yk_180_redob,Yukon,2016
642,336.408,7.0752331971759386e-001,0.7549261455510791,672.816,2016_yk_180_redob,Yukon,2016
643,336.932,7.0633712413537175e-001,0.7422576535901048,673.864,2016_yk_180_redob,Yukon,2016
644,337.456,7.0595274532898666e-001,0.7367945327692416,674.912,2016_yk_180_redob,Yukon,2016
645,337.98,7.0893636638094593e-001,0.7382454450667875,675.96,2016_yk_180_redob,Yukon,2016
646,338.504,7.0748198423890096e-001,0.733124390246909,677.008,2016_yk_180_redob,Yukon,2016
647,339.028,7.0706896441287637e-001,0.7251319031667354,678.056,2016_yk_180_redob,Yukon,2016
648,339.552,7.0767172936853051e-001,0.7025289541566421,679.104,2016_yk_180_redob,Yukon,2016
649,340.076,7.0655359800465289e-001,0.701144474955854,680.152,2016_yk_180_redob,Yukon,2016
650,340.6,7.0620068150879711e-001,0.6986820368975831,681.2,2016_yk_180_redob,Yukon,2016
651,341.124,7.0739756055703706e-001,0.6878638530834646,682.248,2016_yk_180_redob,Yukon,2016
652,341.648,7.0732929269471667e-001,0.6794958229966157,683.296,2016_yk_180_redob,Yukon,2016
653,342.172,7.0914688193011355e-001,0.6828028748296646,684.344,2016_yk_180_redob,Yukon,2016
654,342.696,7.0513444618425158e-001,0.6860669655350007,685.392,2016_yk_180_redob,Yukon,2016
655,343.22,7.0917609772544266e-001,0.6703286272361947,686.44,2016_yk_180_redob,Yukon,2016
656,343.744,7.0802920742748721e-001,0.6527368961130362,687.488,2016_yk_180_redob,Yukon,2016
657,344.26800000000003,7.0792158316824361e-001,0.6390325178432734,688.5360000000001,2016_yk_180_redob,Yukon,2016
658,344.79200000000003,7.0772383489009083e-001,0.6249325057480788,689.5840000000001,2016_yk_180_redob,Yukon,2016
659,345.31600000000003,7.1044945322393160e-001,0.602430405090029,690.6320000000001,2016_yk_180_redob,Yukon,2016
660,345.84000000000003,7.0899999774172462e-001,0.591395508464028,691.6800000000001,2016_yk_180_redob,Yukon,2016
661,346.36400000000003,7.0700760826138143e-001,0.588129837539322,692.7280000000001,2016_yk_180_redob,Yukon,2016
662,346.88800000000003,7.0703233278160116e-001,0.5813171726131872,693.7760000000001,2016_yk_180_redob,Yukon,2016
663,347.41200000000003,7.0852335730911642e-001,0.5777231019735637,694.8240000000001,2016_yk_180_redob,Yukon,2016
664,347.93600000000004,7.0692871316656458e-001,0.5696367876130621,695.8720000000001,2016_yk_180_redob,Yukon,2016
665,348.46000000000004,7.1037625039653496e-001,0.5688970011106158,696.9200000000001,2016_yk_180_redob,Yukon,2016
666,348.98400000000004,7.0998369364048330e-001,0.5681899251018487,697.9680000000001,2016_yk_180_redob,Yukon,2016
667,349.50800000000004,7.1039286847333849e-001,0.5628610546187395,699.0160000000001,2016_yk_180_redob,Yukon,2016
668,350.03200000000004,7.0685327381336405e-001,0.5575104418527067,700.0640000000001,2016_yk_180_redob,Yukon,2016
669,350.55600000000004,7.0742139334827192e-001,0.5623137535611757,701.1120000000001,2016_yk_180_redob,Yukon,2016
670,351.08000000000004,7.0791640532644462e-001,0.5622535502941824,702.1600000000001,2016_yk_180_redob,Yukon,2016
671,351.60400000000004,7.0962853573882556e-001,0.5714609751490407,703.2080000000001,2016_yk_180_redob,Yukon,2016
672,352.12800000000004,7.0930709178186901e-001,0.5817274114791876,704.2560000000001,2016_yk_180_redob,Yukon,2016
673,352.65200000000004,7.0662711611569817e-001,0.5798745645188229,705.3040000000001,2016_yk_180_redob,Yukon,2016
674,353.176,7.0849651628604360e-001,0.5879680345573302,706.352,2016_yk_180_redob,Yukon,2016
675,353.7,7.0943165375944206e-001,0.5894952037289553,707.4,2016_yk_180_redob,Yukon,2016
676,354.224,7.0862357596698688e-001,0.599490023720473,708.448,2016_yk_180_redob,Yukon,2016
677,354.748,7.0954065233654817e-001,0.6053552439258733,709.496,2016_yk_180_redob,Yukon,2016
678,355.272,7.0806413424799486e-001,0.6139159806675178,710.544,2016_yk_180_redob,Yukon,2016
679,355.796,7.0930337199362381e-001,0.6181470167264583,711.592,2016_yk_180_redob,Yukon,2016
680,356.32,7.1142810342188034e-001,0.6193861817600144,712.64,2016_yk_180_redob,Yukon,2016
681,356.844,7.1023112096138785e-001,0.6263901416834551,713.688,2016_yk_180_redob,Yukon,2016
682,357.368,7.0970304308389665e-001,0.6425359370988487,714.736,2016_yk_180_redob,Yukon,2016
683,357.892,7.1009443290752083e-001,0.6500654052309681,715.784,2016_yk_180_redob,Yukon,2016
684,358.416,7.0885695047448383e-001,0.6403235992479227,716.832,2016_yk_180_redob,Yukon,2016
685,358.94,7.0940847959229725e-001,0.6578386195047138,717.88,2016_yk_180_redob,Yukon,2016
686,359.464,7.1128264982850697e-001,0.6930510333641604,718.928,2016_yk_180_redob,Yukon,2016
687,359.988,7.1046210516239561e-001,0.6951333298579656,719.976,2016_yk_180_redob,Yukon,2016
688,360.512,7.0938376429433425e-001,0.7017514316772164,721.024,2016_yk_180_redob,Yukon,2016
689,361.036,7.0964386441397931e-001,0.7248942327511163,722.072,2016_yk_180_redob,Yukon,2016
690,361.56,7.1042364503535038e-001,0.7284687445274767,723.12,2016_yk_180_redob,Yukon,2016
691,362.084,7.1045788517975761e-001,0.7485980359140115,724.168,2016_yk_180_redob,Yukon,2016
692,362.608,7.0962998630601903e-001,0.7608990116628973,725.216,2016_yk_180_redob,Yukon,2016
693,363.132,7.0878747367488415e-001,0.7662735465985628,726.264,2016_yk_180_redob,Yukon,2016
694,363.656,7.0874187545216683e-001,0.768373325933028,727.312,2016_yk_180_redob,Yukon,2016
695,364.18,7.0938155835619565e-001,0.7811695449517414,728.36,2016_yk_180_redob,Yukon,2016
696,364.704,7.0843914939758790e-001,0.7847790543120072,729.408,2016_yk_180_redob,Yukon,2016
697,365.228,7.0941398473435990e-001,0.7980807171863868,730.456,2016_yk_180_redob,Yukon,2016
698,365.752,7.0948786643855521e-001,0.8128802249717627,731.504,2016_yk_180_redob,Yukon,2016
699,366.276,7.0967319400334938e-001,0.8274072955428863,732.552,2016_yk_180_redob,Yukon,2016
700,366.8,7.1079191347838411e-001,0.8373570418727915,733.6,2016_yk_180_redob,Yukon,2016
701,367.324,7.0889350692601072e-001,0.8486764997599051,734.648,2016_yk_180_redob,Yukon,2016
702,367.848,7.0930259626095293e-001,0.8605256508467988,735.696,2016_yk_180_redob,Yukon,2016
703,368.372,7.1012983664307083e-001,0.8691632698984025,736.744,2016_yk_180_redob,Yukon,2016
704,368.896,7.0968265728753799e-001,0.8808662914740263,737.792,2016_yk_180_redob,Yukon,2016
705,369.42,7.0971922393478359e-001,0.8838095322582702,738.84,2016_yk_180_redob,Yukon,2016
706,369.944,7.1075936917883742e-001,0.8959757749605647,739.888,2016_yk_180_redob,Yukon,2016
707,370.468,7.0772623325021444e-001,0.914784695917264,740.936,2016_yk_180_redob,Yukon,2016
708,370.992,7.0992739037192110e-001,0.9399570080269168,741.984,2016_yk_180_redob,Yukon,2016
709,371.516,7.0891895811855021e-001,0.9543362377372026,743.032,2016_yk_180_redob,Yukon,2016
710,372.04,7.1014650911829091e-001,0.9629597975432563,744.08,2016_yk_180_redob,Yukon,2016
711,372.564,7.1047475967980389e-001,0.9743653726842122,745.128,2016_yk_180_redob,Yukon,2016
712,373.088,7.0983005535725141e-001,0.9979012715965652,746.176,2016_yk_180_redob,Yukon,2016
713,373.612,7.0909306385383064e-001,1.0178979914838946,747.224,2016_yk_180_redob,Yukon,2016
714,374.136,7.0919657575124995e-001,1.0222130391225634,748.272,2016_yk_180_redob,Yukon,2016
715,374.66,7.1017836292214742e-001,1.0109156697247357,749.32,2016_yk_180_redob,Yukon,2016
716,375.184,7.0925327846766328e-001,1.0280183646938748,750.368,2016_yk_180_redob,Yukon,2016
717,375.708,7.1030078686248688e-001,1.0549239586610213,751.416,2016_yk_180_redob,Yukon,2016
718,376.232,7.0799586802206971e-001,1.055838291443111,752.464,2016_yk_180_redob,Yukon,2016
719,376.75600000000003,7.0962917298443751e-001,1.0740765606234457,753.5120000000001,2016_yk_180_redob,Yukon,2016
720,377.28000000000003,7.0893984952085864e-001,1.0822114768868425,754.5600000000001,2016_yk_180_redob,Yukon,2016
721,377.80400000000003,7.0953411841705560e-001,1.0808538193957673,755.6080000000001,2016_yk_180_redob,Yukon,2016
722,378.32800000000003,7.1002892429031661e-001,1.0987595599250914,756.6560000000001,2016_yk_180_redob,Yukon,2016
723,378.85200000000003,7.0859749470765598e-001,1.1239813499612727,757.7040000000001,2016_yk_180_redob,Yukon,2016
724,379.37600000000003,7.0987335634115090e-001,1.145178006704208,758.7520000000001,2016_yk_180_redob,Yukon,2016
725,379.90000000000003,7.0970796735363706e-001,1.14816321605727,759.8000000000001,2016_yk_180_redob,Yukon,2016
726,380.42400000000004,7.0877515346886555e-001,1.1586282457157349,760.8480000000001,2016_yk_180_redob,Yukon,2016
727,380.94800000000004,7.0958831985560811e-001,1.1527776193815982,761.8960000000001,2016_yk_180_redob,Yukon,2016
728,381.47200000000004,7.0950261360041955e-001,1.1643935338600788,762.9440000000001,2016_yk_180_redob,Yukon,2016
729,381.99600000000004,7.0984632865906983e-001,1.1456513159946533,763.9920000000001,2016_yk_180_redob,Yukon,2016
730,382.52000000000004,7.0964611520702814e-001,1.1370747477964849,765.0400000000001,2016_yk_180_redob,Yukon,2016
731,383.04400000000004,7.0997810241011017e-001,1.1548021704296676,766.0880000000001,2016_yk_180_redob,Yukon,2016
732,383.56800000000004,7.0898622709790715e-001,1.1679471735699825,767.1360000000001,2016_yk_180_redob,Yukon,2016
733,384.09200000000004,7.0913389980172259e-001,1.1801792216656064,768.1840000000001,2016_yk_180_redob,Yukon,2016
734,384.61600000000004,7.0860063767258952e-001,1.1644769038441938,769.2320000000001,2016_yk_180_redob,Yukon,2016
735,385.14000000000004,7.0945211971651601e-001,1.1821081888273943,770.2800000000001,2016_yk_180_redob,Yukon,2016
736,385.66400000000004,7.0957437056207562e-001,1.1817333163363235,771.3280000000001,2016_yk_180_redob,Yukon,2016
737,386.188,7.0853872748220981e-001,1.1889455230757997,772.376,2016_yk_180_redob,Yukon,2016
738,386.712,7.0938363259642312e-001,1.1527877206853745,773.424,2016_yk_180_redob,Yukon,2016
739,387.236,7.1018037509006748e-001,1.15889118639571,774.472,2016_yk_180_redob,Yukon,2016
740,387.76,7.0973609143063743e-001,1.1529658135973238,775.52,2016_yk_180_redob,Yukon,2016
741,388.284,7.0927853179254330e-001,1.1625993390510347,776.568,2016_yk_180_redob,Yukon,2016
742,388.808,7.0788768997336649e-001,1.159517019346748,777.616,2016_yk_180_redob,Yukon,2016
743,389.332,7.0939229840743689e-001,1.1817903728613173,778.664,2016_yk_180_redob,Yukon,2016
744,389.856,7.0898717922945298e-001,1.182682006075523,779.712,2016_yk_180_redob,Yukon,2016
745,390.38,7.0876953043829660e-001,1.1721397549268715,780.76,2016_yk_180_redob,Yukon,2016
746,390.904,7.0930128019692718e-001,1.1849249365246333,781.808,2016_yk_180_redob,Yukon,2016
747,391.428,7.0956865789882562e-001,1.1841347817262455,782.856,2016_yk_180_redob,Yukon,2016
748,391.952,7.0993028600622432e-001,1.1822079682157,783.904,2016_yk_180_redob,Yukon,2016
749,392.476,7.0977401661924933e-001,1.206133439765389,784.952,2016_yk_180_redob,Yukon,2016
750,393,7.0888551001689493e-001,1.2164085902372894,786,2016_yk_180_redob,Yukon,2016
751,393.524,7.0938693364737959e-001,1.1932309683005309,787.048,2016_yk_180_redob,Yukon,2016
752,394.048,7.0904712466769448e-001,1.1834251121225812,788.096,2016_yk_180_redob,Yukon,2016
753,394.572,7.0951291762872781e-001,1.1634490753021411,789.144,2016_yk_180_redob,Yukon,2016
754,395.096,7.1012021521207358e-001,1.1785835093860098,790.192,2016_yk_180_redob,Yukon,2016
755,395.62,7.0955315511455186e-001,1.220349693487964,791.24,2016_yk_180_redob,Yukon,2016
756,396.144,7.0993470420816107e-001,1.214521669236104,792.288,2016_yk_180_redob,Yukon,2016
757,396.668,7.0895283830249556e-001,1.2181287646277053,793.336,2016_yk_180_redob,Yukon,2016
758,397.192,7.1002507683476401e-001,1.1899739281656625,794.384,2016_yk_180_redob,Yukon,2016
759,397.716,7.0892413933855991e-001,1.1830586871706803,795.432,2016_yk_180_redob,Yukon,2016
760,398.24,7.0902147476193988e-001,1.185268341725097,796.48,2016_yk_180_redob,Yukon,2016
761,398.764,7.0938422182514926e-001,1.1863701603378531,797.528,2016_yk_180_redob,Yukon,2016
762,399.288,7.0928193920033400e-001,1.161675742560656,798.576,2016_yk_180_redob,Yukon,2016
763,399.812,7.0859866309396258e-001,1.1582198557985306,799.624,2016_yk_180_redob,Yukon,2016
764,400.336,7.0930016833013254e-001,1.1459858541947872,800.672,2016_yk_180_redob,Yukon,2016
765,400.86,7.0771927900472631e-001,1.147065376013801,801.72,2016_yk_180_redob,Yukon,2016
766,401.384,7.1054578265030133e-001,1.1751042272378938,802.768,2016_yk_180_redob,Yukon,2016
767,401.908,7.0966211381476696e-001,1.187955247096692,803.816,2016_yk_180_redob,Yukon,2016
768,402.432,7.0954063612557905e-001,1.1843959807542417,804.864,2016_yk_180_redob,Yukon,2016
769,402.956,7.1021424889700480e-001,1.1647796265234598,805.912,2016_yk_180_redob,Yukon,2016
770,403.48,7.1019958221768686e-001,1.161245291335114,806.96,2016_yk_180_redob,Yukon,2016
771,404.004,7.0715437288642924e-001,1.182989567006007,808.008,2016_yk_180_redob,Yukon,2016
772,404.528,7.0949756069127701e-001,1.2064869591011165,809.056,2016_yk_180_redob,Yukon,2016
773,405.052,7.1049132362013701e-001,1.2093320390894453,810.104,2016_yk_180_redob,Yukon,2016
774,405.576,7.0889469672159910e-001,1.2006194602506688,811.152,2016_yk_180_redob,Yukon,2016
775,406.1,7.0890360211415526e-001,1.2042193481725072,812.2,2016_yk_180_redob,Yukon,2016
776,406.624,7.0949984261541255e-001,1.206119741989805,813.248,2016_yk_180_redob,Yukon,2016
777,407.148,7.1058705735831396e-001,1.212517048957483,814.296,2016_yk_180_redob,Yukon,2016
778,407.672,7.0862641829829998e-001,1.2126990651722278,815.344,2016_yk_180_redob,Yukon,2016
779,408.196,7.1002154748328716e-001,1.199735242755479,816.392,2016_yk_180_redob,Yukon,2016
780,408.72,7.0914414754780286e-001,1.2152300540406078,817.44,2016_yk_180_redob,Yukon,2016
781,409.244,7.0852369334558174e-001,1.1915510984215714,818.488,2016_yk_180_redob,Yukon,2016
782,409.76800000000003,7.0959958070299511e-001,1.191250713083914,819.5360000000001,2016_yk_180_redob,Yukon,2016
783,410.29200000000003,7.1016629176719592e-001,1.193870102923961,820.5840000000001,2016_yk_180_redob,Yukon,2016
784,410.81600000000003,7.0872832401674135e-001,1.1777017903487808,821.6320000000001,2016_yk_180_redob,Yukon,2016
785,411.34000000000003,7.0840072386849029e-001,1.1834262455269495,822.6800000000001,2016_yk_180_redob,Yukon,2016
786,411.86400000000003,7.1007668802745116e-001,1.1696126455240126,823.7280000000001,2016_yk_180_redob,Yukon,2016
787,412.38800000000003,7.0986012937414034e-001,1.194461356370209,824.7760000000001,2016_yk_180_redob,Yukon,2016
788,412.91200000000003,7.0863390519645453e-001,1.1877679363302909,825.8240000000001,2016_yk_180_redob,Yukon,2016
789,413.43600000000004,7.0941058137404212e-001,1.191240865345,826.8720000000001,2016_yk_180_redob,Yukon,2016
790,413.96000000000004,7.0930558704728275e-001,1.167019550840671,827.9200000000001,2016_yk_180_redob,Yukon,2016
791,414.48400000000004,7.0963376697451053e-001,1.1765577220713077,828.9680000000001,2016_yk_180_redob,Yukon,2016
792,415.00800000000004,7.0998767325565149e-001,1.1698595315785736,830.0160000000001,2016_yk_180_redob,Yukon,2016
793,415.53200000000004,7.0948054852459641e-001,1.1771720891897322,831.0640000000001,2016_yk_180_redob,Yukon,2016
794,416.05600000000004,7.0963257245544986e-001,1.184107946056676,832.1120000000001,2016_yk_180_redob,Yukon,2016
795,416.58000000000004,7.0923503495786677e-001,1.1865757198528784,833.1600000000001,2016_yk_180_redob,Yukon,2016
796,417.10400000000004,7.0987306224099878e-001,1.1869232311470703,834.2080000000001,2016_yk_180_redob,Yukon,2016
797,417.62800000000004,7.0956108597409062e-001,1.175987317155378,835.2560000000001,2016_yk_180_redob,Yukon,2016
798,418.15200000000004,7.0852175753078195e-001,1.1673825834021585,836.3040000000001,2016_yk_180_redob,Yukon,2016
799,418.67600000000004,7.1025477755938760e-001,1.165116971616306,837.3520000000001,2016_yk_180_redob,Yukon,2016
800,419.20000000000005,7.0875029808339773e-001,1.1717490266720476,838.4000000000001,2016_yk_180_redob,Yukon,2016
801,419.72400000000005,7.0886674901728097e-001,1.1970251924939097,839.4480000000001,2016_yk_180_redob,Yukon,2016
802,420.248,7.0862892561721602e-001,1.1973373228976858,840.496,2016_yk_180_redob,Yukon,2016
803,420.772,7.0838345823506255e-001,1.209866995415003,841.544,2016_yk_180_redob,Yukon,2016
804,421.296,7.0907774005703827e-001,1.2139940193153012,842.592,2016_yk_180_redob,Yukon,2016
805,421.82,7.0964193716901647e-001,1.1965392717545569,843.64,2016_yk_180_redob,Yukon,2016
806,422.344,7.1038139705730774e-001,1.1851991252264629,844.688,2016_yk_180_redob,Yukon,2016
807,422.868,7.0968845265555580e-001,1.1942597025006398,845.736,2016_yk_180_redob,Yukon,2016
808,423.392,7.0809409098760723e-001,1.201761740450059,846.784,2016_yk_180_redob,Yukon,2016
809,423.916,7.0911749254877854e-001,1.1907686242358893,847.832,2016_yk_180_redob,Yukon,2016
810,424.44,7.0985586530136169e-001,1.2161568468797388,848.88,2016_yk_180_redob,Yukon,2016
811,424.964,7.0985416812425051e-001,1.2185031635888843,849.928,2016_yk_180_redob,Yukon,2016
812,425.488,7.0927196451719643e-001,1.1896965909851622,850.976,2016_yk_180_redob,Yukon,2016
813,426.012,7.0922442575395439e-001,1.18124898537322,852.024,2016_yk_180_redob,Yukon,2016
814,426.536,7.0874133553589536e-001,1.1838090047153338,853.072,2016_yk_180_redob,Yukon,2016
815,427.06,7.0915666504631603e-001,1.1847975021787245,854.12,2016_yk_180_redob,Yukon,2016
816,427.584,7.0995349873287206e-001,1.1801743144245975,855.168,2016_yk_180_redob,Yukon,2016
817,428.108,7.0883645924874328e-001,1.1781939222872655,856.216,2016_yk_180_redob,Yukon,2016
818,428.632,7.1019362474095471e-001,1.1737741057475797,857.264,2016_yk_180_redob,Yukon,2016
819,429.156,7.0946775138648177e-001,1.154203668008503,858.312,2016_yk_180_redob,Yukon,2016
820,429.68,7.0917588182429692e-001,1.1506301096699745,859.36,2016_yk_180_redob,Yukon,2016
821,430.204,7.1071874666120538e-001,1.1504262590189616,860.408,2016_yk_180_redob,Yukon,2016
822,430.728,7.0905204591740956e-001,1.159361288254202,861.456,2016_yk_180_redob,Yukon,2016
823,431.252,7.0968300948401219e-001,1.1752287295670971,862.504,2016_yk_180_redob,Yukon,2016
824,431.776,7.0918899039426797e-001,1.1783079194452868,863.552,2016_yk_180_redob,Yukon,2016
825,432.3,7.0979853023613892e-001,1.1705947730320123,864.6,2016_yk_180_redob,Yukon,2016
826,432.824,7.0960507441574228e-001,1.1439073947248586,865.648,2016_yk_180_redob,Yukon,2016
827,433.348,7.0796918200889503e-001,1.1291942536456108,866.696,2016_yk_180_redob,Yukon,2016
828,433.872,7.0846503401564165e-001,1.1265438895427455,867.744,2016_yk_180_redob,Yukon,2016
829,434.396,7.0990407792570387e-001,1.144786178952327,868.792,2016_yk_180_redob,Yukon,2016
830,434.92,7.0903424056623710e-001,1.1509061918345658,869.84,2016_yk_180_redob,Yukon,2016
831,435.444,7.0970476571228891e-001,1.1583072250783366,870.888,2016_yk_180_redob,Yukon,2016
832,435.968,7.0906602202870628e-001,1.1574543634276373,871.936,2016_yk_180_redob,Yukon,2016
833,436.492,7.0972451101262712e-001,1.1513982472171729,872.984,2016_yk_180_redob,Yukon,2016
834,437.016,7.0984619913830793e-001,1.162420584634314,874.032,2016_yk_180_redob,Yukon,2016
835,437.54,7.0950585836218039e-001,1.1688895216221054,875.08,2016_yk_180_redob,Yukon,2016
836,438.064,7.0933679064172150e-001,1.1853050314758398,876.128,2016_yk_180_redob,Yukon,2016
837,438.588,7.0896771948112802e-001,1.1704415224399567,877.176,2016_yk_180_redob,Yukon,2016
838,439.112,7.1000219828358979e-001,1.1727444824931967,878.224,2016_yk_180_redob,Yukon,2016
839,439.636,7.0858059484167013e-001,1.1716154182692031,879.272,2016_yk_180_redob,Yukon,2016
840,440.16,7.0896875324234876e-001,1.1701599114685848,880.32,2016_yk_180_redob,Yukon,2016
841,440.684,7.0903292064522760e-001,1.149770002357136,881.368,2016_yk_180_redob,Yukon,2016
842,441.208,7.0995433947914799e-001,1.1345107790277904,882.416,2016_yk_180_redob,Yukon,2016
843,441.732,7.0857357745044669e-001,1.1417955679619851,883.464,2016_yk_180_redob,Yukon,2016
844,442.25600000000003,7.0911889606079537e-001,1.1381719790657947,884.5120000000001,2016_yk_180_redob,Yukon,2016
845,442.78000000000003,7.0890263745782001e-001,1.1223588455867772,885.5600000000001,2016_yk_180_redob,Yukon,2016
846,443.30400000000003,7.0865781672839590e-001,1.1133621065519297,886.6080000000001,2016_yk_180_redob,Yukon,2016
847,443.82800000000003,7.0820637485915883e-001,1.1281906922810503,887.6560000000001,2016_yk_180_redob,Yukon,2016
848,444.35200000000003,7.0878940169655624e-001,1.1304788004860238,888.7040000000001,2016_yk_180_redob,Yukon,2016
849,444.87600000000003,7.0867654325099494e-001,1.15014091257688,889.7520000000001,2016_yk_180_redob,Yukon,2016
850,445.40000000000003,7.0910036306716928e-001,1.1471008746469031,890.8000000000001,2016_yk_180_redob,Yukon,2016
851,445.92400000000004,7.0959348667120559e-001,1.1279986736642147,891.8480000000001,2016_yk_180_redob,Yukon,2016
852,446.44800000000004,7.0971665890498237e-001,1.1083548020181493,892.8960000000001,2016_yk_180_redob,Yukon,2016
853,446.97200000000004,7.0911470818190436e-001,1.1345256604000804,893.9440000000001,2016_yk_180_redob,Yukon,2016
854,447.49600000000004,7.0921479559320444e-001,1.1519862965922474,894.9920000000001,2016_yk_180_redob,Yukon,2016
855,448.02000000000004,7.0903810789022226e-001,1.1668623253508426,896.0400000000001,2016_yk_180_redob,Yukon,2016
856,448.54400000000004,7.0934951390595236e-001,1.1406884267795694,897.0880000000001,2016_yk_180_redob,Yukon,2016
857,449.06800000000004,7.0931929556917728e-001,1.1176377679953524,898.1360000000001,2016_yk_180_redob,Yukon,2016
858,449.59200000000004,7.1032164879078730e-001,1.139145126759678,899.1840000000001,2016_yk_180_redob,Yukon,2016
859,450.11600000000004,7.0987965717732715e-001,1.1229302545314532,900.2320000000001,2016_yk_180_redob,Yukon,2016
860,450.64000000000004,7.0874234807527248e-001,1.109195543276538,901.2800000000001,2016_yk_180_redob,Yukon,2016
861,451.16400000000004,7.0960073776544796e-001,1.1053027714426071,902.3280000000001,2016_yk_180_redob,Yukon,2016
862,451.68800000000005,7.0877068313260305e-001,1.1063694059128646,903.3760000000001,2016_yk_180_redob,Yukon,2016
863,452.21200000000005,7.0781732298003197e-001,1.109200342495205,904.4240000000001,2016_yk_180_redob,Yukon,2016
864,452.73600000000005,7.0933727823853532e-001,1.1182044354909957,905.4720000000001,2016_yk_180_redob,Yukon,2016
865,453.26,7.0983920179663595e-001,1.1240151005889978,906.52,2016_yk_180_redob,Yukon,2016
866,453.784,7.0819950093420381e-001,1.0789577949286333,907.568,2016_yk_180_redob,Yukon,2016
867,454.308,7.0888104976888378e-001,1.0813595088962156,908.616,2016_yk_180_redob,Yukon,2016
868,454.832,7.0848850077431946e-001,1.0935479766744198,909.664,2016_yk_180_redob,Yukon,2016
869,455.356,7.0933834107817018e-001,1.1022842643578297,910.712,2016_yk_180_redob,Yukon,2016
870,455.88,7.0958630039609227e-001,1.0960314694446407,911.76,2016_yk_180_redob,Yukon,2016
871,456.404,7.0917440371140594e-001,1.099207632002778,912.808,2016_yk_180_redob,Yukon,2016
872,456.928,7.0942282418434366e-001,1.0891794876001863,913.856,2016_yk_180_redob,Yukon,2016
873,457.452,7.0910748278509728e-001,1.09051692806958,914.904,2016_yk_180_redob,Yukon,2016
874,457.976,7.0985380642335538e-001,1.108648898836291,915.952,2016_yk_180_redob,Yukon,2016
875,458.5,7.0944641728745395e-001,1.1340290711983894,917,2016_yk_180_redob,Yukon,2016
876,459.024,7.0972143302545077e-001,1.1279184562583118,918.048,2016_yk_180_redob,Yukon,2016
877,459.548,7.1008410393281407e-001,1.1103684713974158,919.096,2016_yk_180_redob,Yukon,2016
878,460.072,7.0872148453525086e-001,1.1013723034130678,920.144,2016_yk_180_redob,Yukon,2016
879,460.596,7.0845608387353232e-001,1.1206821715070627,921.192,2016_yk_180_redob,Yukon,2016
880,461.12,7.0937280037750605e-001,1.1072910587098828,922.24,2016_yk_180_redob,Yukon,2016
881,461.644,7.0972793820358449e-001,1.1144566539720289,923.288,2016_yk_180_redob,Yukon,2016
882,462.168,7.0920630264470397e-001,1.1149034657991794,924.336,2016_yk_180_redob,Yukon,2016
883,462.692,7.0858458834181492e-001,1.1028723987926408,925.384,2016_yk_180_redob,Yukon,2016
884,463.216,7.0893382266207894e-001,1.09332360152886,926.432,2016_yk_180_redob,Yukon,2016
885,463.74,7.1016479450093406e-001,1.095065477569878,927.48,2016_yk_180_redob,Yukon,2016
886,464.264,7.0987794123940295e-001,1.1198756962116228,928.528,2016_yk_180_redob,Yukon,2016
887,464.788,7.0901912301430758e-001,1.1446789587684445,929.576,2016_yk_180_redob,Yukon,2016
888,465.312,7.0977692028625838e-001,1.1444365436458792,930.624,2016_yk_180_redob,Yukon,2016
889,465.836,7.1113828803718027e-001,1.1291024535112029,931.672,2016_yk_180_redob,Yukon,2016
890,466.36,7.0908295739964700e-001,1.119891251263102,932.72,2016_yk_180_redob,Yukon,2016
891,466.884,7.0882757713698796e-001,1.126852996390932,933.768,2016_yk_180_redob,Yukon,2016
892,467.408,7.0911307752951092e-001,1.143162333513936,934.816,2016_yk_180_redob,Yukon,2016
893,467.932,7.0827737897334553e-001,1.1614043982232896,935.864,2016_yk_180_redob,Yukon,2016
894,468.456,7.0878849330394877e-001,1.1115645090789414,936.912,2016_yk_180_redob,Yukon,2016
895,468.98,7.0908809942078899e-001,1.1025248671858774,937.96,2016_yk_180_redob,Yukon,2016
896,469.504,7.0982504607533659e-001,1.0908527545302231,939.008,2016_yk_180_redob,Yukon,2016
897,470.028,7.1015824278824868e-001,1.0911078847825568,940.056,2016_yk_180_redob,Yukon,2016
898,470.552,7.0972209546998521e-001,1.0950687861041108,941.104,2016_yk_180_redob,Yukon,2016
899,471.076,7.0971256049599407e-001,1.113261548661202,942.152,2016_yk_180_redob,Yukon,2016
900,471.6,7.0973998317388354e-001,1.1172708676733092,943.2,2016_yk_180_redob,Yukon,2016
901,472.124,7.0906368455316582e-001,1.129575885557442,944.248,2016_yk_180_redob,Yukon,2016
902,472.648,7.0924291673018525e-001,1.1316116187754963,945.296,2016_yk_180_redob,Yukon,2016
903,473.172,7.0968627266462048e-001,1.121089087216826,946.344,2016_yk_180_redob,Yukon,2016
904,473.696,7.0948206020940707e-001,1.1265531655662318,947.392,2016_yk_180_redob,Yukon,2016
905,474.22,7.0893036893817118e-001,1.1545197447686,948.44,2016_yk_180_redob,Yukon,2016
906,474.744,7.0881062592026955e-001,1.1496653258180838,949.488,2016_yk_180_redob,Yukon,2016
907,475.26800000000003,7.0999701161863238e-001,1.1559188853913878,950.5360000000001,2016_yk_180_redob,Yukon,2016
908,475.79200000000003,7.0985178015383632e-001,1.1410574737683568,951.5840000000001,2016_yk_180_redob,Yukon,2016
909,476.31600000000003,7.0935900657557083e-001,1.1422650725669152,952.6320000000001,2016_yk_180_redob,Yukon,2016
910,476.84000000000003,7.0994942947291273e-001,1.1465423314375134,953.6800000000001,2016_yk_180_redob,Yukon,2016
911,477.36400000000003,7.0940200822488408e-001,1.1437390157290996,954.7280000000001,2016_yk_180_redob,Yukon,2016
912,477.88800000000003,7.0932547133989099e-001,1.1322292917017949,955.7760000000001,2016_yk_180_redob,Yukon,2016
913,478.41200000000003,7.0899415952353140e-001,1.1189186193593563,956.8240000000001,2016_yk_180_redob,Yukon,2016
914,478.93600000000004,7.1056209414927451e-001,1.1318469824539696,957.8720000000001,2016_yk_180_redob,Yukon,2016
915,479.46000000000004,7.0875349626648754e-001,1.1363389001758135,958.9200000000001,2016_yk_180_redob,Yukon,2016
916,479.98400000000004,7.0834090953698536e-001,1.136970361273204,959.9680000000001,2016_yk_180_redob,Yukon,2016
917,480.50800000000004,7.0961694961265465e-001,1.1175507555383648,961.0160000000001,2016_yk_180_redob,Yukon,2016
918,481.03200000000004,7.0972996408332545e-001,1.1216662896501033,962.0640000000001,2016_yk_180_redob,Yukon,2016
919,481.55600000000004,7.0895652884456695e-001,1.117037666309868,963.1120000000001,2016_yk_180_redob,Yukon,2016
920,482.08000000000004,7.0763995213523267e-001,1.1010427891796497,964.1600000000001,2016_yk_180_redob,Yukon,2016
921,482.60400000000004,7.0924241244846153e-001,1.0948618325738997,965.2080000000001,2016_yk_180_redob,Yukon,2016
922,483.12800000000004,7.0956866792766526e-001,1.0835743643910738,966.2560000000001,2016_yk_180_redob,Yukon,2016
923,483.65200000000004,7.0958428213935143e-001,1.0897024403339233,967.3040000000001,2016_yk_180_redob,Yukon,2016
924,484.17600000000004,7.1022079725244358e-001,1.0975094598109447,968.3520000000001,2016_yk_180_redob,Yukon,2016
925,484.70000000000005,7.0862136985353408e-001,1.1031621335237414,969.4000000000001,2016_yk_180_redob,Yukon,2016
926,485.22400000000005,7.0984062493099420e-001,1.0764409631922305,970.4480000000001,2016_yk_180_redob,Yukon,2016
927,485.74800000000005,7.0990496102543021e-001,1.0822337975594445,971.4960000000001,2016_yk_180_redob,Yukon,2016
928,486.27200000000005,7.0896610055617626e-001,1.093253835228418,972.5440000000001,2016_yk_180_redob,Yukon,2016
929,486.79600000000005,7.0939222340250485e-001,1.1136926626099015,973.5920000000001,2016_yk_180_redob,Yukon,2016
930,487.32,7.0907991483834232e-001,1.120428366367765,974.64,2016_yk_180_redob,Yukon,2016
931,487.844,7.0855531119898096e-001,1.1039587236380524,975.688,2016_yk_180_redob,Yukon,2016
932,488.368,7.1052977783769966e-001,1.0956141687680423,976.736,2016_yk_180_redob,Yukon,2016
933,488.892,7.0883704750815180e-001,1.0888942488773303,977.784,2016_yk_180_redob,Yukon,2016
934,489.416,7.1018841406215516e-001,1.1061539543608438,978.832,2016_yk_180_redob,Yukon,2016
935,489.94,7.0957395166590331e-001,1.0910880601980235,979.88,2016_yk_180_redob,Yukon,2016
936,490.464,7.0924728759829447e-001,1.0831726572951113,980.928,2016_yk_180_redob,Yukon,2016
937,490.988,7.0815810901035814e-001,1.0756474326414194,981.976,2016_yk_180_redob,Yukon,2016
938,491.512,7.0933006615102334e-001,1.0840586756164925,983.024,2016_yk_180_redob,Yukon,2016
939,492.036,7.0970020227399655e-001,1.0889957995343142,984.072,2016_yk_180_redob,Yukon,2016
940,492.56,7.0919425618596321e-001,1.1024242736987038,985.12,2016_yk_180_redob,Yukon,2016
941,493.084,7.0828473907185774e-001,1.0920943413040225,986.168,2016_yk_180_redob,Yukon,2016
942,493.608,7.0871172333343813e-001,1.105758177196936,987.216,2016_yk_180_redob,Yukon,2016
943,494.132,7.0968802789783225e-001,1.1334720377247194,988.264,2016_yk_180_redob,Yukon,2016
944,494.656,7.0893158831679326e-001,1.1429925420039433,989.312,2016_yk_180_redob,Yukon,2016
945,495.18,7.0936442499337404e-001,1.130376263060901,990.36,2016_yk_180_redob,Yukon,2016
946,495.704,7.0893951192529769e-001,1.1151167538571054,991.408,2016_yk_180_redob,Yukon,2016
947,496.228,7.0894434779741533e-001,1.1177262665152372,992.456,2016_yk_180_redob,Yukon,2016
948,496.752,7.0997653095035163e-001,1.110746027500018,993.504,2016_yk_180_redob,Yukon,2016
949,497.276,7.1038448460139803e-001,1.1137044958999516,994.552,2016_yk_180_redob,Yukon,2016
950,497.8,7.0926259671291281e-001,1.1094410608448544,995.6,2016_yk_180_redob,Yukon,2016
951,498.324,7.0811071324189379e-001,1.1016282316618615,996.648,2016_yk_180_redob,Yukon,2016
952,498.848,7.0932470819675009e-001,1.1063343561004328,997.696,2016_yk_180_redob,Yukon,2016
953,499.372,7.0977523958599420e-001,1.1161488610116184,998.744,2016_yk_180_redob,Yukon,2016
954,499.896,7.1020850460615059e-001,1.116203980263222,999.792,2016_yk_180_redob,Yukon,2016
955,500.42,7.1061214202634515e-001,1.1376096774915665,1000.84,2016_yk_180_redob,Yukon,2016
956,500.944,7.0933095347454700e-001,1.1401461034407627,1001.888,2016_yk_180_redob,Yukon,2016
957,501.468,7.0968598589592424e-001,1.1288649875539989,1002.936,2016_yk_180_redob,Yukon,2016
958,501.992,7.1008208907667958e-001,1.11937542507722,1003.984,2016_yk_180_redob,Yukon,2016
959,502.516,7.0908996207256614e-001,1.099404729594928,1005.032,2016_yk_180_redob,Yukon,2016
960,503.04,7.0950039618220884e-001,1.09880593390366,1006.08,2016_yk_180_redob,Yukon,2016
961,503.564,7.0884627062145544e-001,1.1070772179941666,1007.128,2016_yk_180_redob,Yukon,2016
962,504.088,7.0914125355196711e-001,1.093402551414894,1008.176,2016_yk_180_redob,Yukon,2016
963,504.612,7.0931840211478459e-001,1.0802540090758777,1009.224,2016_yk_180_redob,Yukon,2016
964,505.136,7.0950245850083704e-001,1.0866741395295705,1010.272,2016_yk_180_redob,Yukon,2016
965,505.66,7.0965299591587017e-001,1.1039340427034767,1011.32,2016_yk_180_redob,Yukon,2016
966,506.184,7.0868536322009446e-001,1.1082463287092106,1012.368,2016_yk_180_redob,Yukon,2016
967,506.708,7.0986182714630197e-001,1.1179843851379014,1013.416,2016_yk_180_redob,Yukon,2016
968,507.232,7.0993570080392954e-001,1.1067944774368117,1014.464,2016_yk_180_redob,Yukon,2016
969,507.75600000000003,7.0803583828620753e-001,1.088639851745189,1015.5120000000001,2016_yk_180_redob,Yukon,2016
970,508.28000000000003,7.0845474283833954e-001,1.1042766640276245,1016.5600000000001,2016_yk_180_redob,Yukon,2016
971,508.80400000000003,7.0895350017008640e-001,1.1100134709211278,1017.6080000000001,2016_yk_180_redob,Yukon,2016
972,509.32800000000003,7.0932186468940917e-001,1.1073500544507728,1018.6560000000001,2016_yk_180_redob,Yukon,2016
973,509.85200000000003,7.1026480005848458e-001,1.1292711915249518,1019.7040000000001,2016_yk_180_redob,Yukon,2016
974,510.37600000000003,7.0901433851177686e-001,1.1445739947659277,1020.7520000000001,2016_yk_180_redob,Yukon,2016
975,510.90000000000003,7.0816519461564709e-001,1.13584694718588,1021.8000000000001,2016_yk_180_redob,Yukon,2016
976,511.42400000000004,7.0947146011076978e-001,1.1301296064355215,1022.8480000000001,2016_yk_180_redob,Yukon,2016
977,511.94800000000004,7.1032977732036939e-001,1.0892143211434733,1023.8960000000001,2016_yk_180_redob,Yukon,2016
978,512.472,7.0669972114862967e-001,0.7794466289615507,1024.944,2016_yk_180_redob,Yukon,2016
979,512.996,7.0844242455386774e-001,0.3145257010186312,1025.992,2016_yk_180_redob,Yukon,2016
