Cycle,Time,Iso,Sr88,Microns,Fish_id,Watershed,Year
34,17.816000000000003,0.7061968085140778,0.345241815837206,35.632000000000005,2014_nk_99,Nush,2014
35,18.340000000000003,0.7058741329639762,0.5197593145826185,36.68000000000001,2014_nk_99,Nush,2014
36,18.864,0.70563895674219,0.5731295460237367,37.728,2014_nk_99,Nush,2014
37,19.388,0.7071917678278512,0.5940289300773977,38.776,2014_nk_99,Nush,2014
38,19.912000000000003,0.7087089186308291,0.6043663564547401,39.824000000000005,2014_nk_99,Nush,2014
39,20.436,0.7066870585092706,0.6088677517573192,40.872,2014_nk_99,Nush,2014
40,20.96,0.7097308450820484,0.6243425649755538,41.92,2014_nk_99,Nush,2014
41,21.484,0.7055141567444447,0.6315619983232525,42.968,2014_nk_99,Nush,2014
42,22.008000000000003,0.7084209442078936,0.650871371283047,44.016000000000005,2014_nk_99,Nush,2014
43,22.532000000000004,0.7065735905062335,0.6557823483137246,45.06400000000001,2014_nk_99,Nush,2014
44,23.056,0.7087119660300231,0.6595844354371138,46.112,2014_nk_99,Nush,2014
45,23.580000000000002,0.7074686023154311,0.6773317814729056,47.160000000000004,2014_nk_99,Nush,2014
46,24.104000000000003,0.7070677492017952,0.6776927477921453,48.208000000000006,2014_nk_99,Nush,2014
47,24.628,0.708893611442771,0.6792526318843766,49.256,2014_nk_99,Nush,2014
48,25.152,0.7056363638106032,0.6782372418932011,50.304,2014_nk_99,Nush,2014
49,25.676000000000002,0.7088652767155065,0.6700106044461046,51.352000000000004,2014_nk_99,Nush,2014
50,26.200000000000003,0.7085764944371473,0.6694758387304409,52.400000000000006,2014_nk_99,Nush,2014
51,26.724000000000004,0.7077200643770171,0.6504297940272518,53.44800000000001,2014_nk_99,Nush,2014
52,27.248,0.7076483169036336,0.6487101840180599,54.496,2014_nk_99,Nush,2014
53,27.772000000000002,0.7094996908238447,0.6307604521825851,55.544000000000004,2014_nk_99,Nush,2014
54,28.296000000000003,0.7077136188432159,0.6180003421492907,56.592000000000006,2014_nk_99,Nush,2014
55,28.82,0.7067457693058045,0.6124994543539158,57.64,2014_nk_99,Nush,2014
56,29.344,0.7074636121846148,0.605882117842255,58.688,2014_nk_99,Nush,2014
57,29.868000000000002,0.7070652796251355,0.6176959262859727,59.736000000000004,2014_nk_99,Nush,2014
58,30.392000000000003,0.708100471068858,0.6280916109294071,60.784000000000006,2014_nk_99,Nush,2014
59,30.916000000000004,0.7077489125855321,0.6239051108998525,61.83200000000001,2014_nk_99,Nush,2014
60,31.44,0.7070159012565935,0.6253573728544618,62.88,2014_nk_99,Nush,2014
61,31.964000000000002,0.7065286894497897,0.6192851952567022,63.928000000000004,2014_nk_99,Nush,2014
62,32.488,0.7085546942737881,0.6343102521284832,64.976,2014_nk_99,Nush,2014
63,33.012,0.7082546285007476,0.6468892973219283,66.024,2014_nk_99,Nush,2014
64,33.536,0.7081032503013917,0.650799966656219,67.072,2014_nk_99,Nush,2014
65,34.06,0.7091942226005136,0.6524491215059827,68.12,2014_nk_99,Nush,2014
66,34.584,0.7086020617445796,0.6526762032602305,69.168,2014_nk_99,Nush,2014
67,35.108000000000004,0.709628366435329,0.6478293276157132,70.21600000000001,2014_nk_99,Nush,2014
68,35.632000000000005,0.7069880067584171,0.6428460232776276,71.26400000000001,2014_nk_99,Nush,2014
69,36.156000000000006,0.7083905547692224,0.6357847995976736,72.31200000000001,2014_nk_99,Nush,2014
70,36.68,0.7100286162966408,0.6267578895284439,73.36,2014_nk_99,Nush,2014
71,37.204,0.7071282107391167,0.6316384954522805,74.408,2014_nk_99,Nush,2014
72,37.728,0.7098323015533969,0.631270101341816,75.456,2014_nk_99,Nush,2014
73,38.252,0.7063611848356853,0.6276027231899337,76.504,2014_nk_99,Nush,2014
74,38.776,0.7073524391405518,0.6384726719296775,77.552,2014_nk_99,Nush,2014
75,39.300000000000004,0.7082155393812353,0.6430793307787879,78.60000000000001,2014_nk_99,Nush,2014
76,39.824000000000005,0.709007516652342,0.6439175720072141,79.64800000000001,2014_nk_99,Nush,2014
77,40.348,0.707867046070112,0.6615236105740462,80.696,2014_nk_99,Nush,2014
78,40.872,0.7080680364111411,0.669307026703,81.744,2014_nk_99,Nush,2014
79,41.396,0.7073623876148932,0.6659996842332718,82.792,2014_nk_99,Nush,2014
80,41.92,0.709110338400892,0.6711768115085742,83.84,2014_nk_99,Nush,2014
81,42.444,0.7073927935697678,0.6813270163521417,84.888,2014_nk_99,Nush,2014
82,42.968,0.7076670947439081,0.6877465240569376,85.936,2014_nk_99,Nush,2014
83,43.492000000000004,0.7076705761488556,0.6919755250870171,86.98400000000001,2014_nk_99,Nush,2014
84,44.016000000000005,0.7088558032547295,0.6844982915977238,88.03200000000001,2014_nk_99,Nush,2014
85,44.540000000000006,0.7083811872046751,0.7001828964263382,89.08000000000001,2014_nk_99,Nush,2014
86,45.064,0.7067162700355987,0.6990560487407608,90.128,2014_nk_99,Nush,2014
87,45.588,0.7083180236767538,0.7019932673553941,91.176,2014_nk_99,Nush,2014
88,46.112,0.7089649529451187,0.7020054434899908,92.224,2014_nk_99,Nush,2014
89,46.636,0.7079430984784686,0.7013423250340506,93.272,2014_nk_99,Nush,2014
90,47.160000000000004,0.7081968429480819,0.6925182807749681,94.32000000000001,2014_nk_99,Nush,2014
91,47.684000000000005,0.7088697950190452,0.7016187448343906,95.36800000000001,2014_nk_99,Nush,2014
92,48.208000000000006,0.7060965482056468,0.7051489419880279,96.41600000000001,2014_nk_99,Nush,2014
93,48.732,0.7080667920814547,0.7060138899376219,97.464,2014_nk_99,Nush,2014
94,49.256,0.7059089552413277,0.7074414979211591,98.512,2014_nk_99,Nush,2014
95,49.78,0.7079581806862871,0.6995142972057201,99.56,2014_nk_99,Nush,2014
96,50.304,0.7092526404663142,0.703519667323718,100.608,2014_nk_99,Nush,2014
97,50.828,0.7085696684788463,0.7134276283947208,101.656,2014_nk_99,Nush,2014
98,51.352000000000004,0.7090095631137442,0.7066536540727192,102.70400000000001,2014_nk_99,Nush,2014
99,51.876000000000005,0.7066870798164935,0.7047292558644409,103.75200000000001,2014_nk_99,Nush,2014
100,52.400000000000006,0.7070854559634089,0.7099644870893468,104.80000000000001,2014_nk_99,Nush,2014
101,52.92400000000001,0.7089528891896894,0.7118473865176529,105.84800000000001,2014_nk_99,Nush,2014
102,53.448,0.7086544896152684,0.7110423137772534,106.896,2014_nk_99,Nush,2014
103,53.972,0.7077258626833539,0.7119066114598844,107.944,2014_nk_99,Nush,2014
104,54.496,0.7078450833876652,0.7195968956465454,108.992,2014_nk_99,Nush,2014
105,55.02,0.7076804133796532,0.7189281970501287,110.04,2014_nk_99,Nush,2014
106,55.544000000000004,0.7067896590728406,0.7208991768120366,111.08800000000001,2014_nk_99,Nush,2014
107,56.068000000000005,0.7072330554520325,0.7194984419671416,112.13600000000001,2014_nk_99,Nush,2014
108,56.592000000000006,0.7083003075493274,0.7145653216959592,113.18400000000001,2014_nk_99,Nush,2014
109,57.116,0.7082191987666456,0.7148159102981957,114.232,2014_nk_99,Nush,2014
110,57.64,0.7097124691764667,0.7152057355389889,115.28,2014_nk_99,Nush,2014
111,58.164,0.7086381683957204,0.7193415764668449,116.328,2014_nk_99,Nush,2014
112,58.688,0.7079123710828773,0.7101062403025296,117.376,2014_nk_99,Nush,2014
113,59.212,0.707015177681737,0.7198219133858569,118.424,2014_nk_99,Nush,2014
114,59.736000000000004,0.7099462852726405,0.7178213104432414,119.47200000000001,2014_nk_99,Nush,2014
115,60.260000000000005,0.70753421979156,0.7183062682196881,120.52000000000001,2014_nk_99,Nush,2014
116,60.784000000000006,0.7076910987299094,0.7286267235459322,121.56800000000001,2014_nk_99,Nush,2014
117,61.30800000000001,0.7083678102340969,0.7320052710404829,122.61600000000001,2014_nk_99,Nush,2014
118,61.832,0.7073600249274761,0.7226643588507867,123.664,2014_nk_99,Nush,2014
119,62.356,0.7069027559794325,0.7154812583519947,124.712,2014_nk_99,Nush,2014
120,62.88,0.7075959711208356,0.7213958558425323,125.76,2014_nk_99,Nush,2014
121,63.404,0.7085524390215944,0.7274328132959702,126.808,2014_nk_99,Nush,2014
122,63.928000000000004,0.7073520043114853,0.7243410537736089,127.85600000000001,2014_nk_99,Nush,2014
123,64.452,0.7065790717690064,0.7170587563568721,128.904,2014_nk_99,Nush,2014
124,64.976,0.709755489308918,0.7117968542456444,129.952,2014_nk_99,Nush,2014
125,65.5,0.7074880587393353,0.7084181896453218,131,2014_nk_99,Nush,2014
126,66.024,0.7092421874680865,0.70181320159858,132.048,2014_nk_99,Nush,2014
127,66.548,0.706502855251651,0.6970114575216292,133.096,2014_nk_99,Nush,2014
128,67.072,0.7077525060804686,0.6946863774490102,134.144,2014_nk_99,Nush,2014
129,67.596,0.7092820446249103,0.698248170058735,135.192,2014_nk_99,Nush,2014
130,68.12,0.7070890110166913,0.6936506810035562,136.24,2014_nk_99,Nush,2014
131,68.644,0.7076264810866063,0.6925844231798097,137.288,2014_nk_99,Nush,2014
132,69.168,0.7071290244523495,0.6959544526406176,138.336,2014_nk_99,Nush,2014
133,69.69200000000001,0.7083646303107042,0.6932338784243761,139.38400000000001,2014_nk_99,Nush,2014
134,70.21600000000001,0.7068726876209884,0.6879040380042155,140.43200000000002,2014_nk_99,Nush,2014
135,70.74000000000001,0.7078500746226747,0.6882076394444027,141.48000000000002,2014_nk_99,Nush,2014
136,71.26400000000001,0.707536256723704,0.6814075257242613,142.52800000000002,2014_nk_99,Nush,2014
137,71.78800000000001,0.7061096854839785,0.6887636764785375,143.57600000000002,2014_nk_99,Nush,2014
138,72.312,0.7063660292512892,0.6881505494626653,144.624,2014_nk_99,Nush,2014
139,72.836,0.7095647271797548,0.6896318493728848,145.672,2014_nk_99,Nush,2014
140,73.36,0.707914751598442,0.6880484952273836,146.72,2014_nk_99,Nush,2014
141,73.884,0.7081420425067472,0.6847419763607737,147.768,2014_nk_99,Nush,2014
142,74.408,0.708599058219408,0.6916293496222263,148.816,2014_nk_99,Nush,2014
143,74.932,0.706390530597802,0.6926131817649487,149.864,2014_nk_99,Nush,2014
144,75.456,0.7069494019066691,0.6971840238408256,150.912,2014_nk_99,Nush,2014
145,75.98,0.7065895329561,0.6987992929595416,151.96,2014_nk_99,Nush,2014
146,76.504,0.7080451075990566,0.6944946398250446,153.008,2014_nk_99,Nush,2014
147,77.028,0.708580791076774,0.7041148583394676,154.056,2014_nk_99,Nush,2014
148,77.552,0.7082509960322857,0.6974075190928487,155.104,2014_nk_99,Nush,2014
149,78.07600000000001,0.7080507457519462,0.7009143473155062,156.15200000000002,2014_nk_99,Nush,2014
150,78.60000000000001,0.7065232253874018,0.6987064631684897,157.20000000000002,2014_nk_99,Nush,2014
151,79.12400000000001,0.7088892527558839,0.69523937436848815,158.24800000000002,2014_nk_99,Nush,2014
152,79.64800000000001,0.7082323377074272,0.6938055693140054,159.29600000000002,2014_nk_99,Nush,2014
153,80.172,0.7092352883271723,0.6900423669906375,160.344,2014_nk_99,Nush,2014
154,80.696,0.7085184948654268,0.693224607411221,161.392,2014_nk_99,Nush,2014
155,81.22,0.7083700081925576,0.6986213214812513,162.44,2014_nk_99,Nush,2014
156,81.744,0.707212919897855,0.6996228779111456,163.488,2014_nk_99,Nush,2014
157,82.268,0.7077598300938627,0.6957433433943596,164.536,2014_nk_99,Nush,2014
158,82.792,0.708124228900832,0.7013045339249888,165.584,2014_nk_99,Nush,2014
159,83.316,0.7076076536801825,0.7016241905226434,166.632,2014_nk_99,Nush,2014
160,83.84,0.7079752104219942,0.7015710159218677,167.68,2014_nk_99,Nush,2014
161,84.364,0.7084954173692318,0.7055091625452397,168.728,2014_nk_99,Nush,2014
162,84.888,0.7075588646661506,0.7121467565927931,169.776,2014_nk_99,Nush,2014
163,85.412,0.7068598543523938,0.7053417105543459,170.824,2014_nk_99,Nush,2014
164,85.936,0.7081193379908337,0.703191863156013,171.872,2014_nk_99,Nush,2014
165,86.46000000000001,0.7060453776338318,0.700687048494158,172.92000000000002,2014_nk_99,Nush,2014
166,86.98400000000001,0.7082760044055547,0.7036226438169468,173.96800000000002,2014_nk_99,Nush,2014
167,87.50800000000001,0.7066840230365801,0.7019224557039353,175.01600000000002,2014_nk_99,Nush,2014
168,88.03200000000001,0.7089053964125456,0.7040208295366297,176.06400000000002,2014_nk_99,Nush,2014
169,88.55600000000001,0.70845625007571,0.6977385345914153,177.11200000000002,2014_nk_99,Nush,2014
170,89.08,0.7074259016004036,0.6931283844733683,178.16,2014_nk_99,Nush,2014
171,89.604,0.7086135283018014,0.6984238519439685,179.208,2014_nk_99,Nush,2014
172,90.128,0.7090681034298831,0.6969576751495304,180.256,2014_nk_99,Nush,2014
173,90.652,0.7062591069850279,0.6918139228298089,181.304,2014_nk_99,Nush,2014
174,91.176,0.7062862888622512,0.6882985419264719,182.352,2014_nk_99,Nush,2014
175,91.7,0.7082894806690265,0.6876432253802643,183.4,2014_nk_99,Nush,2014
176,92.224,0.7070015402406841,0.6921978398686393,184.448,2014_nk_99,Nush,2014
177,92.748,0.7074063204459466,0.6939464214285077,185.496,2014_nk_99,Nush,2014
178,93.272,0.7073852373572209,0.697247100923376,186.544,2014_nk_99,Nush,2014
179,93.796,0.706933977226788,0.692338083242565,187.592,2014_nk_99,Nush,2014
180,94.32000000000001,0.7079443836849403,0.6888625942366381,188.64000000000001,2014_nk_99,Nush,2014
181,94.84400000000001,0.7093274216614047,0.6987189468016659,189.68800000000002,2014_nk_99,Nush,2014
182,95.36800000000001,0.7065902319714751,0.6922182844583631,190.73600000000002,2014_nk_99,Nush,2014
183,95.89200000000001,0.7067674675260063,0.678028381617669,191.78400000000002,2014_nk_99,Nush,2014
184,96.41600000000001,0.7092258251592694,0.6817175162242037,192.83200000000002,2014_nk_99,Nush,2014
185,96.94,0.7067791760584253,0.6861873712996659,193.88,2014_nk_99,Nush,2014
186,97.464,0.7069972495105888,0.6865081030338203,194.928,2014_nk_99,Nush,2014
187,97.988,0.7060098843381845,0.6816287128221568,195.976,2014_nk_99,Nush,2014
188,98.512,0.7076514552092669,0.6769559846694119,197.024,2014_nk_99,Nush,2014
189,99.036,0.7049188000895007,0.6780401430470463,198.072,2014_nk_99,Nush,2014
190,99.56,0.7068210294660316,0.6819463952268279,199.12,2014_nk_99,Nush,2014
191,100.084,0.7062855009024824,0.6768797581759626,200.168,2014_nk_99,Nush,2014
192,100.608,0.7065895427392875,0.6820559144948654,201.216,2014_nk_99,Nush,2014
193,101.132,0.7079793961865445,0.6777591686144168,202.264,2014_nk_99,Nush,2014
194,101.656,0.7083084752315719,0.6841699448837324,203.312,2014_nk_99,Nush,2014
195,102.18,0.7083404327020867,0.689968695993502,204.36,2014_nk_99,Nush,2014
196,102.70400000000001,0.7087548187549735,0.6846419487432516,205.40800000000002,2014_nk_99,Nush,2014
197,103.22800000000001,0.7078384861261204,0.687566394189889,206.45600000000002,2014_nk_99,Nush,2014
198,103.75200000000001,0.7088505993830233,0.6963895703486002,207.50400000000002,2014_nk_99,Nush,2014
199,104.27600000000001,0.7069599793786021,0.6955245924779802,208.55200000000002,2014_nk_99,Nush,2014
200,104.80000000000001,0.706379289375085,0.7063496239092303,209.60000000000002,2014_nk_99,Nush,2014
201,105.32400000000001,0.7069073170526026,0.7042037585023462,210.64800000000002,2014_nk_99,Nush,2014
202,105.848,0.7076591322027093,0.698749996340964,211.696,2014_nk_99,Nush,2014
203,106.372,0.7083546010570798,0.7016972289427208,212.744,2014_nk_99,Nush,2014
204,106.896,0.7056476008030823,0.7100425941607748,213.792,2014_nk_99,Nush,2014
205,107.42,0.7077152675210208,0.7079784461906906,214.84,2014_nk_99,Nush,2014
206,107.944,0.7085519390358129,0.7104074751384879,215.888,2014_nk_99,Nush,2014
207,108.468,0.7069489645269528,0.7058852033946539,216.936,2014_nk_99,Nush,2014
208,108.992,0.7063950052072054,0.69919052894763,217.984,2014_nk_99,Nush,2014
209,109.516,0.706891117182227,0.701946486389582,219.032,2014_nk_99,Nush,2014
210,110.04,0.7091973355410027,0.6989247834221256,220.08,2014_nk_99,Nush,2014
211,110.56400000000001,0.7086079317433196,0.6985073808971232,221.12800000000001,2014_nk_99,Nush,2014
212,111.08800000000001,0.7065304660606687,0.6995082118210241,222.17600000000002,2014_nk_99,Nush,2014
213,111.61200000000001,0.7069791355037857,0.6965566162208648,223.22400000000002,2014_nk_99,Nush,2014
214,112.13600000000001,0.708791047693405,0.7056079754003506,224.27200000000002,2014_nk_99,Nush,2014
215,112.66000000000001,0.7088113078975488,0.6975194475726629,225.32000000000002,2014_nk_99,Nush,2014
216,113.18400000000001,0.7068601945271247,0.6928071585563194,226.36800000000002,2014_nk_99,Nush,2014
217,113.708,0.7054212370089571,0.695553693248623,227.416,2014_nk_99,Nush,2014
218,114.232,0.7067817461393051,0.701562687560327,228.464,2014_nk_99,Nush,2014
219,114.756,0.7078152354413587,0.6998951689887871,229.512,2014_nk_99,Nush,2014
220,115.28,0.7098219487557864,0.6955524140806123,230.56,2014_nk_99,Nush,2014
221,115.804,0.7085533876741025,0.7017651454176408,231.608,2014_nk_99,Nush,2014
222,116.328,0.7075567011888175,0.7030549275216699,232.656,2014_nk_99,Nush,2014
223,116.852,0.708201595335239,0.691159728638177,233.704,2014_nk_99,Nush,2014
224,117.376,0.7074764873438092,0.6962292642564589,234.752,2014_nk_99,Nush,2014
225,117.9,0.7070670886727112,0.7025057215395779,235.8,2014_nk_99,Nush,2014
226,118.424,0.7088870515988756,0.706014210867058,236.848,2014_nk_99,Nush,2014
227,118.94800000000001,0.7057392296905264,0.6992174266038128,237.89600000000002,2014_nk_99,Nush,2014
228,119.47200000000001,0.70878890499079406,0.7040939981406534,238.94400000000002,2014_nk_99,Nush,2014
229,119.99600000000001,0.7079356512495233,0.7045812483865241,239.99200000000002,2014_nk_99,Nush,2014
230,120.52000000000001,0.7088720908879583,0.6883077919987657,241.04000000000002,2014_nk_99,Nush,2014
231,121.04400000000001,0.7075762042505966,0.6971744184536551,242.08800000000002,2014_nk_99,Nush,2014
232,121.56800000000001,0.70800767155058,0.6910221618168092,243.13600000000002,2014_nk_99,Nush,2014
233,122.09200000000001,0.7072386437666248,0.6871501159829686,244.18400000000003,2014_nk_99,Nush,2014
234,122.616,0.7081688642141305,0.7024470630460582,245.232,2014_nk_99,Nush,2014
235,123.14,0.7079952297696988,0.7000252474865508,246.28,2014_nk_99,Nush,2014
236,123.664,0.7078746384460544,0.6972230864564174,247.328,2014_nk_99,Nush,2014
237,124.188,0.7073016895342248,0.6931721794394734,248.376,2014_nk_99,Nush,2014
238,124.712,0.7086001434090027,0.6947579665199544,249.424,2014_nk_99,Nush,2014
239,125.236,0.7100503471601496,0.6960104341462213,250.472,2014_nk_99,Nush,2014
240,125.76,0.7085482335609399,0.6951150101131872,251.52,2014_nk_99,Nush,2014
241,126.284,0.706756110010973,0.69942974485476,252.568,2014_nk_99,Nush,2014
242,126.808,0.7084593622833099,0.7117756119442653,253.616,2014_nk_99,Nush,2014
243,127.33200000000001,0.7081302381709397,0.6976384217827827,254.66400000000002,2014_nk_99,Nush,2014
244,127.85600000000001,0.7088532556896949,0.7003684459928246,255.71200000000002,2014_nk_99,Nush,2014
245,128.38,0.706678954287462,0.7000608130106288,256.76,2014_nk_99,Nush,2014
246,128.904,0.7080891014474817,0.6937196599801726,257.808,2014_nk_99,Nush,2014
247,129.428,0.7070168116759249,0.6950814433305192,258.856,2014_nk_99,Nush,2014
248,129.952,0.7084212307014054,0.7005514569150539,259.904,2014_nk_99,Nush,2014
249,130.476,0.7077743592196413,0.6964663704674433,260.952,2014_nk_99,Nush,2014
250,131,0.7074831672485168,0.6846288883647583,262,2014_nk_99,Nush,2014
251,131.524,0.7103107432969924,0.6908826943305139,263.048,2014_nk_99,Nush,2014
252,132.048,0.7067239442838731,0.6960341070280588,264.096,2014_nk_99,Nush,2014
253,132.572,0.7087299188548295,0.6916529786833319,265.144,2014_nk_99,Nush,2014
254,133.096,0.7072867838448218,0.6902238509305659,266.192,2014_nk_99,Nush,2014
255,133.62,0.7076790921207086,0.6963284533931529,267.24,2014_nk_99,Nush,2014
256,134.144,0.7090418026684436,0.6917743236678727,268.288,2014_nk_99,Nush,2014
257,134.668,0.7079535842398885,0.691842664889772,269.336,2014_nk_99,Nush,2014
258,135.192,0.706423298796464,0.6977567668005943,270.384,2014_nk_99,Nush,2014
259,135.716,0.7063587061962453,0.6990605311975325,271.432,2014_nk_99,Nush,2014
260,136.24,0.7077241193328465,0.6915472897672985,272.48,2014_nk_99,Nush,2014
261,136.764,0.708981739805325,0.6888967385143621,273.528,2014_nk_99,Nush,2014
262,137.288,0.7055161489149385,0.6876642670566145,274.576,2014_nk_99,Nush,2014
263,137.812,0.7074505329871993,0.6802242404560416,275.624,2014_nk_99,Nush,2014
264,138.336,0.7076276976355548,0.6875290959908963,276.672,2014_nk_99,Nush,2014
265,138.86,0.706854138393023,0.6858201373755924,277.72,2014_nk_99,Nush,2014
266,139.38400000000001,0.7072649461140708,0.6784249233441808,278.76800000000003,2014_nk_99,Nush,2014
267,139.90800000000002,0.7080743132171745,0.6830765684131064,279.81600000000003,2014_nk_99,Nush,2014
268,140.43200000000002,0.7080940406251358,0.6838098435266307,280.86400000000003,2014_nk_99,Nush,2014
269,140.95600000000002,0.7082154943388412,0.6797919032838275,281.91200000000003,2014_nk_99,Nush,2014
270,141.48000000000002,0.7072369172270953,0.6826493284554922,282.96000000000004,2014_nk_99,Nush,2014
271,142.00400000000002,0.7097331058233598,0.6817315216009684,284.00800000000004,2014_nk_99,Nush,2014
272,142.52800000000002,0.7080385532323662,0.6862931055384782,285.05600000000004,2014_nk_99,Nush,2014
273,143.05200000000002,0.7076239631478274,0.6859228039966833,286.10400000000004,2014_nk_99,Nush,2014
274,143.576,0.7072670091901039,0.6832830795902334,287.152,2014_nk_99,Nush,2014
275,144.1,0.7081550174334751,0.6795945370765987,288.2,2014_nk_99,Nush,2014
276,144.624,0.7074299492868995,0.6662366620845905,289.248,2014_nk_99,Nush,2014
277,145.148,0.7057669752198924,0.6613335431458331,290.296,2014_nk_99,Nush,2014
278,145.672,0.7075588278801099,0.6716440176716082,291.344,2014_nk_99,Nush,2014
279,146.196,0.706611386624616,0.6719906481271777,292.392,2014_nk_99,Nush,2014
280,146.72,0.7084493755704232,0.6742926119800235,293.44,2014_nk_99,Nush,2014
281,147.244,0.7084053655250493,0.6761078929581886,294.488,2014_nk_99,Nush,2014
282,147.768,0.70942808264947,0.6665278009272171,295.536,2014_nk_99,Nush,2014
283,148.292,0.7093015040301912,0.6640267232905123,296.584,2014_nk_99,Nush,2014
284,148.816,0.7087815346158981,0.6667404992193227,297.632,2014_nk_99,Nush,2014
285,149.34,0.7078589692295948,0.6589132886883043,298.68,2014_nk_99,Nush,2014
286,149.864,0.7071521327048038,0.6511655235825823,299.728,2014_nk_99,Nush,2014
287,150.388,0.7080192637619717,0.6448114842075008,300.776,2014_nk_99,Nush,2014
288,150.912,0.7066998447845753,0.6513017681951184,301.824,2014_nk_99,Nush,2014
289,151.436,0.7063993117120262,0.644207567111773,302.872,2014_nk_99,Nush,2014
290,151.96,0.7087468146856951,0.6395011717566037,303.92,2014_nk_99,Nush,2014
291,152.484,0.7062822570289488,0.6404545001784843,304.968,2014_nk_99,Nush,2014
292,153.008,0.7078305657291859,0.6404151297776324,306.016,2014_nk_99,Nush,2014
293,153.532,0.7052711168305782,0.6308091302480924,307.064,2014_nk_99,Nush,2014
294,154.056,0.7079832938313697,0.6359752955517309,308.112,2014_nk_99,Nush,2014
295,154.58,0.7087898921081215,0.6364918695231904,309.16,2014_nk_99,Nush,2014
296,155.104,0.7083937842477782,0.6328872937533089,310.208,2014_nk_99,Nush,2014
297,155.62800000000001,0.7099974398422828,0.6350812365403302,311.25600000000003,2014_nk_99,Nush,2014
298,156.15200000000002,0.7077003607809369,0.6396089212094546,312.30400000000003,2014_nk_99,Nush,2014
299,156.67600000000002,0.7084078225649968,0.6316912654627296,313.35200000000003,2014_nk_99,Nush,2014
300,157.20000000000002,0.7085777286075212,0.6385243125381943,314.40000000000003,2014_nk_99,Nush,2014
301,157.72400000000002,0.708978909665974,0.6370538192117262,315.44800000000004,2014_nk_99,Nush,2014
302,158.24800000000002,0.7069013388507757,0.6388176071010793,316.49600000000004,2014_nk_99,Nush,2014
303,158.77200000000002,0.7074588255590043,0.6458140490208005,317.54400000000004,2014_nk_99,Nush,2014
304,159.29600000000002,0.7096180475927033,0.6387349646542841,318.59200000000004,2014_nk_99,Nush,2014
305,159.82,0.7074367705096388,0.6301340395789696,319.64,2014_nk_99,Nush,2014
306,160.344,0.7079184773173794,0.6344614756050997,320.688,2014_nk_99,Nush,2014
307,160.868,0.7093169509283418,0.6325330626644916,321.736,2014_nk_99,Nush,2014
308,161.392,0.7072046056802611,0.6313122428783005,322.784,2014_nk_99,Nush,2014
309,161.916,0.707086257537004,0.6308475123060678,323.832,2014_nk_99,Nush,2014
310,162.44,0.7084444619594722,0.6262542407054201,324.88,2014_nk_99,Nush,2014
311,162.964,0.7068953517032793,0.6256191162333279,325.928,2014_nk_99,Nush,2014
312,163.488,0.7052681147634777,0.6281686398772273,326.976,2014_nk_99,Nush,2014
313,164.012,0.7064880941452419,0.6275674979027392,328.024,2014_nk_99,Nush,2014
314,164.536,0.7080305093498034,0.6319795084098186,329.072,2014_nk_99,Nush,2014
315,165.06,0.7074375498284873,0.6303015319285133,330.12,2014_nk_99,Nush,2014
316,165.584,0.7076231689959294,0.6318364720231407,331.168,2014_nk_99,Nush,2014
317,166.108,0.7082950907406129,0.6315048625651974,332.216,2014_nk_99,Nush,2014
318,166.632,0.7081502889702703,0.6281312163402544,333.264,2014_nk_99,Nush,2014
319,167.156,0.7088411418107926,0.6272134273510983,334.312,2014_nk_99,Nush,2014
320,167.68,0.7092769006844513,0.6311377545155196,335.36,2014_nk_99,Nush,2014
321,168.204,0.705975556653832,0.628678018252822,336.408,2014_nk_99,Nush,2014
322,168.728,0.7110099698560047,0.6276002293330938,337.456,2014_nk_99,Nush,2014
323,169.252,0.7101175789094252,0.626547311445447,338.504,2014_nk_99,Nush,2014
324,169.776,0.7084171544860441,0.6210518379700065,339.552,2014_nk_99,Nush,2014
325,170.3,0.7077211234485524,0.6179665146531478,340.6,2014_nk_99,Nush,2014
326,170.824,0.7069082524349457,0.6171875827280309,341.648,2014_nk_99,Nush,2014
327,171.348,0.7072960913189931,0.6144378966939199,342.696,2014_nk_99,Nush,2014
328,171.872,0.7082977064722751,0.6172459779645059,343.744,2014_nk_99,Nush,2014
329,172.39600000000002,0.7095512630016882,0.6209740715307928,344.79200000000003,2014_nk_99,Nush,2014
330,172.92000000000002,0.7062997924746608,0.6245063755068928,345.84000000000003,2014_nk_99,Nush,2014
331,173.44400000000002,0.7087310268047875,0.6198901789577758,346.88800000000003,2014_nk_99,Nush,2014
332,173.96800000000002,0.7074258877290222,0.6231367296056034,347.93600000000004,2014_nk_99,Nush,2014
333,174.49200000000002,0.7077237006414149,0.6184336600129535,348.98400000000004,2014_nk_99,Nush,2014
334,175.01600000000002,0.7073297091184289,0.6091389257288072,350.03200000000004,2014_nk_99,Nush,2014
335,175.54000000000002,0.707450004417232,0.6151776496611417,351.08000000000004,2014_nk_99,Nush,2014
336,176.06400000000002,0.7077321569155652,0.6093912674255804,352.12800000000004,2014_nk_99,Nush,2014
337,176.58800000000002,0.7076946422601365,0.6132091019721557,353.17600000000004,2014_nk_99,Nush,2014
338,177.112,0.7076577891922872,0.6111621285630419,354.224,2014_nk_99,Nush,2014
339,177.636,0.7086324351081256,0.613677141753788,355.272,2014_nk_99,Nush,2014
340,178.16,0.7093069655961691,0.6125524552796903,356.32,2014_nk_99,Nush,2014
341,178.684,0.7062424017949718,0.6064856515480948,357.368,2014_nk_99,Nush,2014
342,179.208,0.7056683127931134,0.6162598224066689,358.416,2014_nk_99,Nush,2014
343,179.732,0.7084414652867281,0.6111101131035124,359.464,2014_nk_99,Nush,2014
344,180.256,0.7072508861179728,0.6111098034939129,360.512,2014_nk_99,Nush,2014
345,180.78,0.7078787680156672,0.6086860721058742,361.56,2014_nk_99,Nush,2014
346,181.304,0.7084806439980683,0.6054232461730855,362.608,2014_nk_99,Nush,2014
347,181.828,0.7092273933815505,0.5992888982317327,363.656,2014_nk_99,Nush,2014
348,182.352,0.7052123104893084,0.597551369526415,364.704,2014_nk_99,Nush,2014
349,182.876,0.7104931901915352,0.5979289522689655,365.752,2014_nk_99,Nush,2014
350,183.4,0.7064674289181305,0.6010153709528513,366.8,2014_nk_99,Nush,2014
351,183.924,0.7089099337373863,0.6056087542560433,367.848,2014_nk_99,Nush,2014
352,184.448,0.7074120267781343,0.6034192872001237,368.896,2014_nk_99,Nush,2014
353,184.972,0.7064929413704651,0.6050816715282151,369.944,2014_nk_99,Nush,2014
354,185.496,0.7087799553020164,0.6060095422720108,370.992,2014_nk_99,Nush,2014
355,186.02,0.7087982031136486,0.6042171633523558,372.04,2014_nk_99,Nush,2014
356,186.544,0.7065835223260961,0.6119726620025223,373.088,2014_nk_99,Nush,2014
357,187.068,0.706190464789668,0.6098505622028381,374.136,2014_nk_99,Nush,2014
358,187.592,0.7092490897700205,0.6119234023345027,375.184,2014_nk_99,Nush,2014
359,188.116,0.7070820182670781,0.6121687897502753,376.232,2014_nk_99,Nush,2014
360,188.64000000000001,0.7078913706433497,0.6081173655654216,377.28000000000003,2014_nk_99,Nush,2014
361,189.16400000000002,0.7070008822542064,0.6089962118214504,378.32800000000003,2014_nk_99,Nush,2014
362,189.68800000000002,0.7115196151135426,0.6081965611245296,379.37600000000003,2014_nk_99,Nush,2014
363,190.21200000000002,0.7081006584325932,0.6078550647716705,380.42400000000004,2014_nk_99,Nush,2014
364,190.73600000000002,0.7055137289364644,0.6034905943781065,381.47200000000004,2014_nk_99,Nush,2014
365,191.26000000000002,0.707419986317602,0.6101673841051186,382.52000000000004,2014_nk_99,Nush,2014
366,191.78400000000002,0.7078141953356273,0.6129740600170009,383.56800000000004,2014_nk_99,Nush,2014
367,192.30800000000002,0.7087727458209802,0.6169251470889482,384.61600000000004,2014_nk_99,Nush,2014
368,192.83200000000002,0.7077879811331489,0.6120494984174513,385.66400000000004,2014_nk_99,Nush,2014
369,193.356,0.7085273816094735,0.6103774736034745,386.712,2014_nk_99,Nush,2014
370,193.88,0.7077493488292091,0.607921562906879,387.76,2014_nk_99,Nush,2014
371,194.404,0.7073826416466241,0.6073847263817067,388.808,2014_nk_99,Nush,2014
372,194.928,0.7072733687809424,0.606351570008222,389.856,2014_nk_99,Nush,2014
373,195.452,0.7058577365309254,0.6075356119158105,390.904,2014_nk_99,Nush,2014
374,195.976,0.7079265444672573,0.6027240163579933,391.952,2014_nk_99,Nush,2014
375,196.5,0.707221865186221,0.6068190617850582,393,2014_nk_99,Nush,2014
376,197.024,0.7074917269878918,0.6103610736429064,394.048,2014_nk_99,Nush,2014
377,197.548,0.707450166875765,0.6091129202911016,395.096,2014_nk_99,Nush,2014
378,198.072,0.7075485950007616,0.6082194544907619,396.144,2014_nk_99,Nush,2014
379,198.596,0.7071834417723343,0.6184249674080083,397.192,2014_nk_99,Nush,2014
380,199.12,0.7050564888762438,0.6117282408606384,398.24,2014_nk_99,Nush,2014
381,199.644,0.7091790606764669,0.613692342687189,399.288,2014_nk_99,Nush,2014
382,200.168,0.7080701752015488,0.6087244486544229,400.336,2014_nk_99,Nush,2014
383,200.692,0.7076200967311977,0.6043811840362995,401.384,2014_nk_99,Nush,2014
384,201.216,0.7063986646928779,0.611432766380966,402.432,2014_nk_99,Nush,2014
385,201.74,0.7071821333327154,0.6110147568329584,403.48,2014_nk_99,Nush,2014
386,202.264,0.7071720933266582,0.609024072306986,404.528,2014_nk_99,Nush,2014
387,202.788,0.7075501434696548,0.6077093993638474,405.576,2014_nk_99,Nush,2014
388,203.312,0.7083696596862945,0.6081427323671584,406.624,2014_nk_99,Nush,2014
389,203.836,0.7080927329331688,0.6117282408606384,407.672,2014_nk_99,Nush,2014
390,204.36,0.7081864965350929,0.6118323233349143,408.72,2014_nk_99,Nush,2014
391,204.88400000000001,0.7059017416549066,0.6109320997516963,409.76800000000003,2014_nk_99,Nush,2014
392,205.40800000000002,0.7067914142868977,0.6131864641575614,410.81600000000003,2014_nk_99,Nush,2014
393,205.93200000000002,0.7072592831455444,0.607894963244094,411.86400000000003,2014_nk_99,Nush,2014
394,206.45600000000002,0.7058081513573048,0.6060005726672476,412.91200000000003,2014_nk_99,Nush,2014
395,206.98000000000002,0.7095593924584409,0.607843311967061,413.96000000000004,2014_nk_99,Nush,2014
396,207.50400000000002,0.7087601895880941,0.6074725346821848,415.00800000000004,2014_nk_99,Nush,2014
397,208.02800000000002,0.7073677375436145,0.6114482507974923,416.05600000000004,2014_nk_99,Nush,2014
398,208.55200000000002,0.7074010231506117,0.6129480157647753,417.10400000000004,2014_nk_99,Nush,2014
399,209.07600000000002,0.7083512560910762,0.615638890290915,418.15200000000004,2014_nk_99,Nush,2014
400,209.60000000000002,0.7074442788035057,0.6131520430299173,419.20000000000005,2014_nk_99,Nush,2014
401,210.12400000000002,0.7075725202065332,0.6118602039838026,420.24800000000005,2014_nk_99,Nush,2014
402,210.648,0.7064091562539827,0.6141952277723385,421.296,2014_nk_99,Nush,2014
403,211.172,0.7088884431029221,0.619929961730029,422.344,2014_nk_99,Nush,2014
404,211.696,0.7083664388925095,0.6151770294071592,423.392,2014_nk_99,Nush,2014
405,212.22,0.707869607699409,0.6163467330735048,424.44,2014_nk_99,Nush,2014
406,212.744,0.7082976603741402,0.6207401780154329,425.488,2014_nk_99,Nush,2014
407,213.268,0.7062376373296068,0.6182753395092632,426.536,2014_nk_99,Nush,2014
408,213.792,0.7074572614202087,0.6273938791517812,427.584,2014_nk_99,Nush,2014
409,214.316,0.7060887423861263,0.6318698874231731,428.632,2014_nk_99,Nush,2014
410,214.84,0.705526824036078,0.6293670299553339,429.68,2014_nk_99,Nush,2014
411,215.364,0.7082658414610756,0.6248010370100475,430.728,2014_nk_99,Nush,2014
412,215.888,0.706391988566811,0.6219208166319526,431.776,2014_nk_99,Nush,2014
413,216.412,0.7061259609142008,0.6236526684854674,432.824,2014_nk_99,Nush,2014
414,216.936,0.7074344064135383,0.6223311772786388,433.872,2014_nk_99,Nush,2014
415,217.46,0.705989795867569,0.6241582248322736,434.92,2014_nk_99,Nush,2014
416,217.984,0.7073120558568472,0.6116254056460085,435.968,2014_nk_99,Nush,2014
417,218.508,0.7078495523461484,0.6055546449913557,437.016,2014_nk_99,Nush,2014
418,219.032,0.7084157498392453,0.6122825140137406,438.064,2014_nk_99,Nush,2014
419,219.556,0.7082395808405041,0.6101064366597424,439.112,2014_nk_99,Nush,2014
420,220.08,0.7072798960643818,0.606187400688589,440.16,2014_nk_99,Nush,2014
421,220.604,0.7092150581411153,0.6129098804790201,441.208,2014_nk_99,Nush,2014
422,221.12800000000001,0.7046326775469678,0.6144385165958414,442.25600000000003,2014_nk_99,Nush,2014
423,221.65200000000002,0.7075227397075794,0.6107488488628501,443.30400000000003,2014_nk_99,Nush,2014
424,222.17600000000002,0.7089394952831696,0.6098629527128402,444.35200000000003,2014_nk_99,Nush,2014
425,222.70000000000002,0.7055209627010249,0.6139014822616401,445.40000000000003,2014_nk_99,Nush,2014
426,223.22400000000002,0.7065003594917166,0.6125921299006936,446.44800000000004,2014_nk_99,Nush,2014
427,223.74800000000002,0.7076266515879533,0.6169829094500832,447.49600000000004,2014_nk_99,Nush,2014
428,224.27200000000002,0.7074730147829705,0.6117152311371294,448.54400000000004,2014_nk_99,Nush,2014
429,224.79600000000002,0.7062236029686085,0.606954736992525,449.59200000000004,2014_nk_99,Nush,2014
430,225.32000000000002,0.7071539429244104,0.6062600976690211,450.64000000000004,2014_nk_99,Nush,2014
431,225.84400000000002,0.7085048867219773,0.613100568087888,451.68800000000005,2014_nk_99,Nush,2014
432,226.36800000000002,0.7055042457744765,0.60383175008785706,452.73600000000005,2014_nk_99,Nush,2014
433,226.892,0.7081626446792221,0.6069813173962145,453.784,2014_nk_99,Nush,2014
434,227.416,0.7062921523825157,0.602992143657187,454.832,2014_nk_99,Nush,2014
435,227.94,0.7082313990620361,0.5976629376052187,455.88,2014_nk_99,Nush,2014
436,228.464,0.7071118235385245,0.598631086816264,456.928,2014_nk_99,Nush,2014
437,228.988,0.7068441478543467,0.6107141826817987,457.976,2014_nk_99,Nush,2014
438,229.512,0.7036331721417513,0.6127660306017473,459.024,2014_nk_99,Nush,2014
439,230.036,0.7071479194985908,0.6066330336472641,460.072,2014_nk_99,Nush,2014
440,230.56,0.7064866621390569,0.6112392267333646,461.12,2014_nk_99,Nush,2014
441,231.084,0.7083199002637578,0.6088225615990414,462.168,2014_nk_99,Nush,2014
442,231.608,0.7054316520455176,0.6106151415445874,463.216,2014_nk_99,Nush,2014
443,232.132,0.7051040157333356,0.6079240373218189,464.264,2014_nk_99,Nush,2014
444,232.656,0.705422677606559,0.612547805989259,465.312,2014_nk_99,Nush,2014
445,233.18,0.7064286835674616,0.6127313106007402,466.36,2014_nk_99,Nush,2014
446,233.704,0.7049579492473074,0.6173981906151067,467.408,2014_nk_99,Nush,2014
447,234.228,0.7068358942796292,0.6142206392549682,468.456,2014_nk_99,Nush,2014
448,234.752,0.7071727702203514,0.6130608779569854,469.504,2014_nk_99,Nush,2014
449,235.276,0.706655925441804,0.6173140055027206,470.552,2014_nk_99,Nush,2014
450,235.8,0.7057179423432567,0.6237127397539105,471.6,2014_nk_99,Nush,2014
451,236.324,0.708003463456035,0.6268236242469599,472.648,2014_nk_99,Nush,2014
452,236.848,0.707871707198773,0.6260013992938044,473.696,2014_nk_99,Nush,2014
453,237.372,0.7093196792154786,0.6284075520132731,474.744,2014_nk_99,Nush,2014
454,237.89600000000002,0.7072158962149965,0.6251577722297075,475.79200000000003,2014_nk_99,Nush,2014
455,238.42000000000002,0.7060091115197794,0.6229186526831657,476.84000000000003,2014_nk_99,Nush,2014
456,238.94400000000002,0.7070539068573478,0.6307966485203697,477.88800000000003,2014_nk_99,Nush,2014
457,239.46800000000002,0.706281657221165,0.6347030319087593,478.93600000000004,2014_nk_99,Nush,2014
458,239.99200000000002,0.7046776061476199,0.6371429215839473,479.98400000000004,2014_nk_99,Nush,2014
459,240.51600000000002,0.7063066136250333,0.6374981406090336,481.03200000000004,2014_nk_99,Nush,2014
460,241.04000000000002,0.706266541586688,0.6405114652148863,482.08000000000004,2014_nk_99,Nush,2014
461,241.56400000000002,0.7092048064065073,0.6423328296587958,483.12800000000004,2014_nk_99,Nush,2014
462,242.08800000000002,0.7066362963439903,0.6425199638255711,484.17600000000004,2014_nk_99,Nush,2014
463,242.61200000000002,0.7074507841089295,0.6493425211734837,485.22400000000005,2014_nk_99,Nush,2014
464,243.13600000000002,0.7051466390795408,0.6539009788770167,486.27200000000005,2014_nk_99,Nush,2014
465,243.66000000000003,0.7060025568511685,0.6540521090200733,487.32000000000005,2014_nk_99,Nush,2014
466,244.184,0.7057835873080325,0.6589442158000958,488.368,2014_nk_99,Nush,2014
467,244.708,0.7038579814168763,0.6564241340599054,489.416,2014_nk_99,Nush,2014
468,245.232,0.7056422480847369,0.6452787927450715,490.464,2014_nk_99,Nush,2014
469,245.756,0.7063421716377428,0.6321403649189731,491.512,2014_nk_99,Nush,2014
470,246.28,0.7072065409296617,0.6395453354348573,492.56,2014_nk_99,Nush,2014
471,246.804,0.7063717161209984,0.6350709204221717,493.608,2014_nk_99,Nush,2014
472,247.328,0.7064442796204372,0.6352885139199743,494.656,2014_nk_99,Nush,2014
473,247.852,0.7050006046742457,0.636792487132448,495.704,2014_nk_99,Nush,2014
474,248.376,0.7067729211751017,0.6332190856216674,496.752,2014_nk_99,Nush,2014
475,248.9,0.7062034808279447,0.6296662973259411,497.8,2014_nk_99,Nush,2014
476,249.424,0.7051193565451679,0.6388777139640307,498.848,2014_nk_99,Nush,2014
477,249.948,0.7051603540348403,0.6436775269893038,499.896,2014_nk_99,Nush,2014
478,250.472,0.705010900537379,0.6395835491768226,500.944,2014_nk_99,Nush,2014
479,250.996,0.7060080112108631,0.646534132882058,501.992,2014_nk_99,Nush,2014
480,251.52,0.7062352283264908,0.6603908707797532,503.04,2014_nk_99,Nush,2014
481,252.044,0.708138524532394,0.6597815047196814,504.088,2014_nk_99,Nush,2014
482,252.568,0.7061956658851799,0.6616761262468285,505.136,2014_nk_99,Nush,2014
483,253.092,0.7066347419766473,0.6671359200945494,506.184,2014_nk_99,Nush,2014
484,253.616,0.7047592347354463,0.6674420207574727,507.232,2014_nk_99,Nush,2014
485,254.14000000000001,0.7049648319313776,0.6689229246422074,508.28000000000003,2014_nk_99,Nush,2014
486,254.66400000000002,0.7066981343399824,0.6670195697546685,509.32800000000003,2014_nk_99,Nush,2014
487,255.18800000000002,0.7066379501604746,0.6681528384620061,510.37600000000003,2014_nk_99,Nush,2014
488,255.71200000000002,0.7035152928200947,0.6649522997601723,511.42400000000004,2014_nk_99,Nush,2014
489,256.236,0.7083676589899937,0.6597846580665806,512.472,2014_nk_99,Nush,2014
490,256.76,0.7072738862640334,0.6482225522688185,513.52,2014_nk_99,Nush,2014
491,257.284,0.7051182659495691,0.6532267712255798,514.568,2014_nk_99,Nush,2014
492,257.808,0.7070936760786748,0.6569508955474905,515.616,2014_nk_99,Nush,2014
493,258.332,0.7057294264134137,0.660399073270304,516.664,2014_nk_99,Nush,2014
494,258.856,0.7060736047196897,0.6626996667270827,517.712,2014_nk_99,Nush,2014
495,259.38,0.7044750868172481,0.6670802730079595,518.76,2014_nk_99,Nush,2014
496,259.904,0.7031431061154629,0.667078375989291,519.808,2014_nk_99,Nush,2014
497,260.428,0.7049877068359045,0.6633553025311584,520.856,2014_nk_99,Nush,2014
498,260.952,0.7067325945618473,0.6658228484892363,521.904,2014_nk_99,Nush,2014
499,261.476,0.7062906546317277,0.6639363806710454,522.952,2014_nk_99,Nush,2014
500,262,0.7057899541233622,0.6584620874956792,524,2014_nk_99,Nush,2014
501,262.524,0.7052933621537475,0.6652507454176416,525.048,2014_nk_99,Nush,2014
502,263.048,0.705339059286478,0.6577058028591998,526.096,2014_nk_99,Nush,2014
503,263.572,0.7069281951383637,0.6620576501730857,527.144,2014_nk_99,Nush,2014
504,264.096,0.7060314960613168,0.6529300652326482,528.192,2014_nk_99,Nush,2014
505,264.62,0.7074193275052778,0.6518985632022454,529.24,2014_nk_99,Nush,2014
506,265.144,0.7039366349392504,0.6534911253787503,530.288,2014_nk_99,Nush,2014
507,265.668,0.7062587379797042,0.6470925157842957,531.336,2014_nk_99,Nush,2014
508,266.192,0.7066019993735155,0.6519733828910441,532.384,2014_nk_99,Nush,2014
509,266.716,0.706272514180877,0.6507914738519429,533.432,2014_nk_99,Nush,2014
510,267.24,0.7037158071846982,0.6409807381822015,534.48,2014_nk_99,Nush,2014
511,267.764,0.7051619169825055,0.6535342452998744,535.528,2014_nk_99,Nush,2014
512,268.288,0.7066280193524358,0.6582788112197511,536.576,2014_nk_99,Nush,2014
513,268.812,0.7066285730301656,0.6581198451245627,537.624,2014_nk_99,Nush,2014
514,269.336,0.7075828694078709,0.6476630769429792,538.672,2014_nk_99,Nush,2014
515,269.86,0.7047568882572829,0.6484388714668806,539.72,2014_nk_99,Nush,2014
516,270.384,0.7061042591411301,0.65900512538792555,540.768,2014_nk_99,Nush,2014
517,270.908,0.7056989721877523,0.6624674053553785,541.816,2014_nk_99,Nush,2014
518,271.432,0.7072632269308483,0.6556976608980875,542.864,2014_nk_99,Nush,2014
519,271.956,0.7073951863320985,0.6585387493000883,543.912,2014_nk_99,Nush,2014
520,272.48,0.7047276257452817,0.667584659934639,544.96,2014_nk_99,Nush,2014
521,273.004,0.7053527565253604,0.666478112932617,546.008,2014_nk_99,Nush,2014
522,273.528,0.7048899341070497,0.6640093492319581,547.056,2014_nk_99,Nush,2014
523,274.052,0.7055501948406138,0.6779190370778044,548.104,2014_nk_99,Nush,2014
524,274.576,0.7053380929081026,0.6596251081352329,549.152,2014_nk_99,Nush,2014
525,275.1,0.7084084517261937,0.6399281494918384,550.2,2014_nk_99,Nush,2014
526,275.624,0.703819278167372,0.635786989049256,551.248,2014_nk_99,Nush,2014
527,276.148,0.706213008489623,0.6415667035556915,552.296,2014_nk_99,Nush,2014
528,276.672,0.7041123445786597,0.6269672551991189,553.344,2014_nk_99,Nush,2014
529,277.196,0.7055246219091477,0.6242833989197054,554.392,2014_nk_99,Nush,2014
530,277.72,0.7058706979403164,0.6242061756775296,555.44,2014_nk_99,Nush,2014
531,278.244,0.7046178318106884,0.6181002780454887,556.488,2014_nk_99,Nush,2014
532,278.76800000000003,0.7060173834933263,0.6043916870091638,557.5360000000001,2014_nk_99,Nush,2014
533,279.29200000000003,0.7055525341006225,0.6162865157801798,558.5840000000001,2014_nk_99,Nush,2014
534,279.81600000000003,0.7038236254297984,0.6150111220773014,559.6320000000001,2014_nk_99,Nush,2014
535,280.34000000000003,0.7060865939280947,0.60976538064497,560.6800000000001,2014_nk_99,Nush,2014
536,280.86400000000003,0.7062539905577273,0.6041050481578896,561.7280000000001,2014_nk_99,Nush,2014
537,281.38800000000003,0.7072158384621726,0.598154321518344,562.7760000000001,2014_nk_99,Nush,2014
538,281.91200000000003,0.7062091553857152,0.598785482003259,563.8240000000001,2014_nk_99,Nush,2014
539,282.43600000000004,0.7044134669216794,0.6021606327695896,564.8720000000001,2014_nk_99,Nush,2014
540,282.96000000000004,0.7032163488029594,0.6156534715086718,565.9200000000001,2014_nk_99,Nush,2014
541,283.48400000000004,0.7068902006711562,0.6058799529722013,566.9680000000001,2014_nk_99,Nush,2014
542,284.00800000000004,0.7051785257551385,0.6094305937978214,568.0160000000001,2014_nk_99,Nush,2014
543,284.53200000000004,0.7049165636595676,0.6081250992939278,569.0640000000001,2014_nk_99,Nush,2014
544,285.05600000000004,0.7062282074768146,0.601251749070755,570.1120000000001,2014_nk_99,Nush,2014
545,285.58000000000004,0.7042844820764662,0.5998553986039913,571.1600000000001,2014_nk_99,Nush,2014
546,286.104,0.7045711036170329,0.6015508322996662,572.208,2014_nk_99,Nush,2014
547,286.628,0.7056168571192756,0.6032282279971289,573.256,2014_nk_99,Nush,2014
548,287.152,0.7053598916267113,0.5951808216267539,574.304,2014_nk_99,Nush,2014
549,287.676,0.7051642545747553,0.5952195824721084,575.352,2014_nk_99,Nush,2014
550,288.2,0.705077494879485,0.5976940674330268,576.4,2014_nk_99,Nush,2014
551,288.724,0.7079361106650064,0.5944722356450958,577.448,2014_nk_99,Nush,2014
552,289.248,0.706333437325468,0.5936060845042124,578.496,2014_nk_99,Nush,2014
553,289.772,0.70614493816730906,0.5875435706342982,579.544,2014_nk_99,Nush,2014
554,290.296,0.7033471078753776,0.5921026272869189,580.592,2014_nk_99,Nush,2014
555,290.82,0.7033056078970846,0.5912761492641834,581.64,2014_nk_99,Nush,2014
556,291.344,0.7071680942979207,0.5874175211039,582.688,2014_nk_99,Nush,2014
557,291.868,0.7039625904221404,0.5791324461192238,583.736,2014_nk_99,Nush,2014
558,292.392,0.7072126670649146,0.5714533791318949,584.784,2014_nk_99,Nush,2014
559,292.916,0.7061751226876597,0.5700023957244106,585.832,2014_nk_99,Nush,2014
560,293.44,0.705489791909145,0.5730352806393328,586.88,2014_nk_99,Nush,2014
561,293.964,0.7073806547171168,0.5679193665091843,587.928,2014_nk_99,Nush,2014
562,294.488,0.7050627414103967,0.5624866093442216,588.976,2014_nk_99,Nush,2014
563,295.012,0.7041774988997141,0.5600509446901197,590.024,2014_nk_99,Nush,2014
564,295.536,0.7056050082628403,0.5722365913416305,591.072,2014_nk_99,Nush,2014
565,296.06,0.7074805290244328,0.5710125429142374,592.12,2014_nk_99,Nush,2014
566,296.584,0.7045234639740652,0.5698710406702986,593.168,2014_nk_99,Nush,2014
567,297.108,0.7083390166019977,0.5718693382156776,594.216,2014_nk_99,Nush,2014
568,297.632,0.7059035454261814,0.5684455937036328,595.264,2014_nk_99,Nush,2014
569,298.156,0.7066312340181399,0.5579408991620793,596.312,2014_nk_99,Nush,2014
570,298.68,0.7067221385554923,0.5565855879881907,597.36,2014_nk_99,Nush,2014
571,299.204,0.7056269691018257,0.5651848221148923,598.408,2014_nk_99,Nush,2014
572,299.728,0.7060427752754526,0.5685308321855006,599.456,2014_nk_99,Nush,2014
573,300.252,0.7052917618363367,0.5730709725416657,600.504,2014_nk_99,Nush,2014
574,300.776,0.7075225926793401,0.5730380261349737,601.552,2014_nk_99,Nush,2014
575,301.3,0.7055064808480631,0.569417649360053,602.6,2014_nk_99,Nush,2014
576,301.824,0.7073169288589439,0.5621775841410953,603.648,2014_nk_99,Nush,2014
577,302.348,0.7049257861656412,0.5634980734979433,604.696,2014_nk_99,Nush,2014
578,302.872,0.7065642522851159,0.5621800147256952,605.744,2014_nk_99,Nush,2014
579,303.396,0.7045662898918499,0.5575421680316632,606.792,2014_nk_99,Nush,2014
580,303.92,0.7042702051574916,0.5528360471386248,607.84,2014_nk_99,Nush,2014
581,304.444,0.7069127495591572,0.5512005525444221,608.888,2014_nk_99,Nush,2014
582,304.968,0.7049461219828859,0.549744247364364,609.936,2014_nk_99,Nush,2014
583,305.492,0.7080722219040912,0.5538170994768297,610.984,2014_nk_99,Nush,2014
584,306.016,0.7061560710042385,0.5537371801460705,612.032,2014_nk_99,Nush,2014
585,306.54,0.7031325190443988,0.5553413714646398,613.08,2014_nk_99,Nush,2014
586,307.064,0.7036481016985464,0.5557718424952035,614.128,2014_nk_99,Nush,2014
587,307.588,0.7066097524720092,0.5511309650941134,615.176,2014_nk_99,Nush,2014
588,308.112,0.7054107540734874,0.5464316021397968,616.224,2014_nk_99,Nush,2014
589,308.636,0.7068023455668879,0.5459121766812857,617.272,2014_nk_99,Nush,2014
590,309.16,0.7059295706301011,0.5464246589666515,618.32,2014_nk_99,Nush,2014
591,309.684,0.7051773579809115,0.542588016901651,619.368,2014_nk_99,Nush,2014
592,310.208,0.7044083542490229,0.542987151740172,620.416,2014_nk_99,Nush,2014
593,310.732,0.7043011828700552,0.5465478304672123,621.464,2014_nk_99,Nush,2014
594,311.25600000000003,0.7044326460947403,0.5532048155596421,622.5120000000001,2014_nk_99,Nush,2014
595,311.78000000000003,0.705137063889049,0.5519226717173398,623.5600000000001,2014_nk_99,Nush,2014
596,312.30400000000003,0.7018029073241001,0.5588152091420379,624.6080000000001,2014_nk_99,Nush,2014
597,312.82800000000003,0.705887219902033,0.5557251505665469,625.6560000000001,2014_nk_99,Nush,2014
598,313.35200000000003,0.7089608096546492,0.5444826141096561,626.7040000000001,2014_nk_99,Nush,2014
599,313.87600000000003,0.7052633536790778,0.5481577069739103,627.7520000000001,2014_nk_99,Nush,2014
600,314.40000000000003,0.704539092826292,0.5468065899722786,628.8000000000001,2014_nk_99,Nush,2014
601,314.92400000000004,0.7077094707697975,0.5464032259329222,629.8480000000001,2014_nk_99,Nush,2014
602,315.44800000000004,0.7054395489913685,0.5453849085203604,630.8960000000001,2014_nk_99,Nush,2014
603,315.97200000000004,0.7038227694253656,0.5407806548620537,631.9440000000001,2014_nk_99,Nush,2014
604,316.49600000000004,0.7034533147564733,0.5360809952646675,632.9920000000001,2014_nk_99,Nush,2014
605,317.02000000000004,0.7053834748104447,0.5325781708135401,634.0400000000001,2014_nk_99,Nush,2014
606,317.54400000000004,0.70356490948434,0.5363384778609196,635.0880000000001,2014_nk_99,Nush,2014
607,318.06800000000004,0.705494695577832,0.522823232517422,636.1360000000001,2014_nk_99,Nush,2014
608,318.59200000000004,0.7058227411122602,0.5260468995132187,637.1840000000001,2014_nk_99,Nush,2014
609,319.116,0.7040320008649921,0.5263277789473572,638.232,2014_nk_99,Nush,2014
610,319.64,0.7051368641174105,0.5272467681751036,639.28,2014_nk_99,Nush,2014
611,320.164,0.7030788493192872,0.52540623761067,640.328,2014_nk_99,Nush,2014
612,320.688,0.7044456350818156,0.5360791906654313,641.376,2014_nk_99,Nush,2014
613,321.212,0.7035967589262496,0.5386082725989453,642.424,2014_nk_99,Nush,2014
614,321.736,0.7054246401180024,0.5342086079132513,643.472,2014_nk_99,Nush,2014
615,322.26,0.7037264405727511,0.539597775087678,644.52,2014_nk_99,Nush,2014
616,322.784,0.7082961623853087,0.5441379309797646,645.568,2014_nk_99,Nush,2014
617,323.308,0.7045178298879927,0.5421543566983716,646.616,2014_nk_99,Nush,2014
618,323.832,0.7059388435926013,0.5461720137108487,647.664,2014_nk_99,Nush,2014
619,324.356,0.7059310532310755,0.5428192224272316,648.712,2014_nk_99,Nush,2014
620,324.88,0.7072948652354719,0.5323835371045699,649.76,2014_nk_99,Nush,2014
621,325.404,0.7070562968835593,0.5300952612515518,650.808,2014_nk_99,Nush,2014
622,325.928,0.7041230116919108,0.5319733428600243,651.856,2014_nk_99,Nush,2014
623,326.452,0.7051492228490709,0.5332349809582446,652.904,2014_nk_99,Nush,2014
624,326.976,0.7024117691270901,0.5413842714029669,653.952,2014_nk_99,Nush,2014
625,327.5,0.7050133364413091,0.5359089684025161,655,2014_nk_99,Nush,2014
626,328.024,0.7057387344662817,0.5371669293270848,656.048,2014_nk_99,Nush,2014
627,328.548,0.7054405099204025,0.5353076601038205,657.096,2014_nk_99,Nush,2014
628,329.072,0.7035852838306431,0.5397161337535505,658.144,2014_nk_99,Nush,2014
629,329.596,0.7043017040285902,0.546870608640773,659.192,2014_nk_99,Nush,2014
630,330.12,0.7053701723471077,0.5431638482808694,660.24,2014_nk_99,Nush,2014
631,330.644,0.7043006653803129,0.5347523057776328,661.288,2014_nk_99,Nush,2014
632,331.168,0.7070785793180666,0.5415272277877058,662.336,2014_nk_99,Nush,2014
633,331.692,0.7055715815094696,0.5399314966434959,663.384,2014_nk_99,Nush,2014
634,332.216,0.7057476686311791,0.5256336382085247,664.432,2014_nk_99,Nush,2014
635,332.74,0.7049857789843369,0.5262348449752995,665.48,2014_nk_99,Nush,2014
636,333.264,0.7029180184102923,0.5234329664808013,666.528,2014_nk_99,Nush,2014
637,333.788,0.7076783533955308,0.5245629077027717,667.576,2014_nk_99,Nush,2014
638,334.312,0.7066780311181492,0.5263268795534264,668.624,2014_nk_99,Nush,2014
639,334.836,0.705341836970092,0.5279821164464936,669.672,2014_nk_99,Nush,2014
640,335.36,0.7064987375288544,0.5233034592294047,670.72,2014_nk_99,Nush,2014
641,335.884,0.7056257587517455,0.5218243273642564,671.768,2014_nk_99,Nush,2014
642,336.408,0.7066727942188689,0.5285817402687611,672.816,2014_nk_99,Nush,2014
643,336.932,0.7081585337113758,0.5271212565457822,673.864,2014_nk_99,Nush,2014
644,337.456,0.7070200679285945,0.5306325851261958,674.912,2014_nk_99,Nush,2014
645,337.98,0.7066878100901188,0.5326448577918046,675.96,2014_nk_99,Nush,2014
646,338.504,0.7070281589049681,0.5216044517466504,677.008,2014_nk_99,Nush,2014
647,339.028,0.7047351436013575,0.5166870611908457,678.056,2014_nk_99,Nush,2014
648,339.552,0.7038342367027864,0.5213439415162748,679.104,2014_nk_99,Nush,2014
649,340.076,0.7067375376049944,0.5213989701717919,680.152,2014_nk_99,Nush,2014
650,340.6,0.7053885686696384,0.5198017285353913,681.2,2014_nk_99,Nush,2014
651,341.124,0.7066321862530609,0.5142231576762504,682.248,2014_nk_99,Nush,2014
652,341.648,0.704218193827188,0.5156842272307439,683.296,2014_nk_99,Nush,2014
653,342.172,0.7055087910921627,0.510027768993385,684.344,2014_nk_99,Nush,2014
654,342.696,0.705650425114691,0.5136863885989541,685.392,2014_nk_99,Nush,2014
655,343.22,0.7045693155083697,0.5125369865595908,686.44,2014_nk_99,Nush,2014
656,343.744,0.7043536696400258,0.5089921290494307,687.488,2014_nk_99,Nush,2014
657,344.26800000000003,0.7058498921226652,0.49966398943401086,688.5360000000001,2014_nk_99,Nush,2014
658,344.79200000000003,0.70611733682436,0.4950140707008413,689.5840000000001,2014_nk_99,Nush,2014
659,345.31600000000003,0.7052317911501178,0.495620325540492,690.6320000000001,2014_nk_99,Nush,2014
660,345.84000000000003,0.7044694117306116,0.49939232715972853,691.6800000000001,2014_nk_99,Nush,2014
661,346.36400000000003,0.7056652756171987,0.5033347483958368,692.7280000000001,2014_nk_99,Nush,2014
662,346.88800000000003,0.7061595104267963,0.5045823688333669,693.7760000000001,2014_nk_99,Nush,2014
663,347.41200000000003,0.7042614135717385,0.5074115324543326,694.8240000000001,2014_nk_99,Nush,2014
664,347.93600000000004,0.7052422282656068,0.5118300494744041,695.8720000000001,2014_nk_99,Nush,2014
665,348.46000000000004,0.7034119057567169,0.5050524112180043,696.9200000000001,2014_nk_99,Nush,2014
666,348.98400000000004,0.7039604327066716,0.5104827696275267,697.9680000000001,2014_nk_99,Nush,2014
667,349.50800000000004,0.704100705205064,0.5037500652789209,699.0160000000001,2014_nk_99,Nush,2014
668,350.03200000000004,0.7067498568444808,0.5072594939176978,700.0640000000001,2014_nk_99,Nush,2014
669,350.55600000000004,0.7046749410231764,0.5122340922123647,701.1120000000001,2014_nk_99,Nush,2014
670,351.08000000000004,0.7054543170342656,0.5119661052934401,702.1600000000001,2014_nk_99,Nush,2014
671,351.60400000000004,0.707160671524068,0.5093967596983816,703.2080000000001,2014_nk_99,Nush,2014
672,352.12800000000004,0.7049721883169412,0.5034324750372932,704.2560000000001,2014_nk_99,Nush,2014
673,352.65200000000004,0.705189860236691,0.4998763781106085,705.3040000000001,2014_nk_99,Nush,2014
674,353.176,0.705946010750838,0.49912783967076346,706.352,2014_nk_99,Nush,2014
675,353.7,0.7050613080265032,0.5014595260869265,707.4,2014_nk_99,Nush,2014
676,354.224,0.7071051288668005,0.49615133756880014,708.448,2014_nk_99,Nush,2014
677,354.748,0.7057985749577351,0.48315728725728074,709.496,2014_nk_99,Nush,2014
678,355.272,0.7050309270678402,0.48326124330539166,710.544,2014_nk_99,Nush,2014
679,355.796,0.7081303510370599,0.48693629407578304,711.592,2014_nk_99,Nush,2014
680,356.32,0.7032673436169921,0.4823306620487644,712.64,2014_nk_99,Nush,2014
681,356.844,0.7069162675945744,0.4778099911490016,713.688,2014_nk_99,Nush,2014
682,357.368,0.7064128587649067,0.47886761477903433,714.736,2014_nk_99,Nush,2014
683,357.892,0.7067773752359474,0.47514008153432097,715.784,2014_nk_99,Nush,2014
684,358.416,0.7073391530254348,0.47003995025326567,716.832,2014_nk_99,Nush,2014
685,358.94,0.7039910508322763,0.46373285097401007,717.88,2014_nk_99,Nush,2014
686,359.464,0.7063238933078595,0.45595583202793966,718.928,2014_nk_99,Nush,2014
687,359.988,0.7043449891826292,0.46189260082110334,719.976,2014_nk_99,Nush,2014
688,360.512,0.7048004323483139,0.46844661127131226,721.024,2014_nk_99,Nush,2014
689,361.036,0.7053990141204448,0.4768669172239929,722.072,2014_nk_99,Nush,2014
690,361.56,0.7065587247410368,0.47727430963244727,723.12,2014_nk_99,Nush,2014
691,362.084,0.7061200785642374,0.47657806175862377,724.168,2014_nk_99,Nush,2014
692,362.608,0.7073467138230649,0.484428330075042,725.216,2014_nk_99,Nush,2014
693,363.132,0.7055650153040818,0.4865836087905578,726.264,2014_nk_99,Nush,2014
694,363.656,0.7066584341755764,0.49622983880139754,727.312,2014_nk_99,Nush,2014
695,364.18,0.7059266732529316,0.49928409397984047,728.36,2014_nk_99,Nush,2014
696,364.704,0.7058083757635,0.492713707166425,729.408,2014_nk_99,Nush,2014
697,365.228,0.7049559265571792,0.4805740616001124,730.456,2014_nk_99,Nush,2014
698,365.752,0.7052921129368184,0.4820014024021388,731.504,2014_nk_99,Nush,2014
699,366.276,0.7046682155584464,0.4813149179204509,732.552,2014_nk_99,Nush,2014
700,366.8,0.7037301279335969,0.48821724491390256,733.6,2014_nk_99,Nush,2014
701,367.324,0.7065134289156902,0.4978687374166413,734.648,2014_nk_99,Nush,2014
702,367.848,0.7066566808110822,0.49906587707788913,735.696,2014_nk_99,Nush,2014
703,368.372,0.7039591053537098,0.5052270520156731,736.744,2014_nk_99,Nush,2014
704,368.896,0.7066788451839121,0.5074915758379117,737.792,2014_nk_99,Nush,2014
705,369.42,0.7060949648579518,0.5103079559367945,738.84,2014_nk_99,Nush,2014
706,369.944,0.7076505068655038,0.5091215370945057,739.888,2014_nk_99,Nush,2014
707,370.468,0.7056519046301265,0.5125980508438512,740.936,2014_nk_99,Nush,2014
708,370.992,0.7057064789429116,0.5094768087903417,741.984,2014_nk_99,Nush,2014
709,371.516,0.7052485075771572,0.5096101361368489,743.032,2014_nk_99,Nush,2014
710,372.04,0.7038054334319028,0.5091152895015357,744.08,2014_nk_99,Nush,2014
711,372.564,0.708204315611564,0.505740126553604,745.128,2014_nk_99,Nush,2014
712,373.088,0.7044969852097313,0.4966233359302228,746.176,2014_nk_99,Nush,2014
713,373.612,0.7042921539886204,0.49262390799164896,747.224,2014_nk_99,Nush,2014
714,374.136,0.7057308847399474,0.5012379983046669,748.272,2014_nk_99,Nush,2014
715,374.66,0.7085853036600483,0.49988498120920855,749.32,2014_nk_99,Nush,2014
716,375.184,0.703907099962258,0.4946536551320141,750.368,2014_nk_99,Nush,2014
717,375.708,0.7033360309749911,0.4967446536844608,751.416,2014_nk_99,Nush,2014
718,376.232,0.70475750956292,0.49990307757626645,752.464,2014_nk_99,Nush,2014
719,376.75600000000003,0.7070280662123472,0.49542580627508265,753.5120000000001,2014_nk_99,Nush,2014
720,377.28000000000003,0.7052491495634577,0.48855090500150833,754.5600000000001,2014_nk_99,Nush,2014
721,377.80400000000003,0.7065633222269797,0.48693363971424175,755.6080000000001,2014_nk_99,Nush,2014
722,378.32800000000003,0.7037871145965481,0.4820590679946374,756.6560000000001,2014_nk_99,Nush,2014
723,378.85200000000003,0.7040648668751377,0.47629544268057394,757.7040000000001,2014_nk_99,Nush,2014
724,379.37600000000003,0.705916512112472,0.4740790436755517,758.7520000000001,2014_nk_99,Nush,2014
725,379.90000000000003,0.7038238037784229,0.469003316769691,759.8000000000001,2014_nk_99,Nush,2014
726,380.42400000000004,0.7044006333267555,0.468963188054954,760.8480000000001,2014_nk_99,Nush,2014
727,380.94800000000004,0.7074542917346858,0.4664520409558903,761.8960000000001,2014_nk_99,Nush,2014
728,381.47200000000004,0.7077101444815908,0.47253608265566793,762.9440000000001,2014_nk_99,Nush,2014
729,381.99600000000004,0.7047877847173485,0.4707417776593162,763.9920000000001,2014_nk_99,Nush,2014
730,382.52000000000004,0.7068418338507255,0.4698523371189178,765.0400000000001,2014_nk_99,Nush,2014
731,383.04400000000004,0.7061993773309048,0.4726886107721032,766.0880000000001,2014_nk_99,Nush,2014
732,383.56800000000004,0.707251128497362,0.47337874336492847,767.1360000000001,2014_nk_99,Nush,2014
733,384.09200000000004,0.7065313261039877,0.4723202290149234,768.1840000000001,2014_nk_99,Nush,2014
734,384.61600000000004,0.7063610407568041,0.47330126022243424,769.2320000000001,2014_nk_99,Nush,2014
735,385.14000000000004,0.7038940853721614,0.47343715244213846,770.2800000000001,2014_nk_99,Nush,2014
736,385.66400000000004,0.7043246205205377,0.4765710101826323,771.3280000000001,2014_nk_99,Nush,2014
737,386.188,0.7049903279084406,0.48175870683730165,772.376,2014_nk_99,Nush,2014
738,386.712,0.7074170082091992,0.4815539971079743,773.424,2014_nk_99,Nush,2014
739,387.236,0.7054868563570534,0.47198039492619465,774.472,2014_nk_99,Nush,2014
740,387.76,0.7036989307286754,0.4746430370976703,775.52,2014_nk_99,Nush,2014
741,388.284,0.7056461622049062,0.4786845222429556,776.568,2014_nk_99,Nush,2014
742,388.808,0.7061846284593685,0.46822177493751455,777.616,2014_nk_99,Nush,2014
743,389.332,0.7064035071259586,0.47587251647867446,778.664,2014_nk_99,Nush,2014
744,389.856,0.706365118922105,0.48156370240662416,779.712,2014_nk_99,Nush,2014
745,390.38,0.7057834053672346,0.484367311379617,780.76,2014_nk_99,Nush,2014
746,390.904,0.7039025310128475,0.4869613633266188,781.808,2014_nk_99,Nush,2014
747,391.428,0.7036801677161577,0.48553469881941136,782.856,2014_nk_99,Nush,2014
748,391.952,0.7055050563710098,0.4786495526017662,783.904,2014_nk_99,Nush,2014
749,392.476,0.7074898143615435,0.47694744444241266,784.952,2014_nk_99,Nush,2014
750,393,0.7035065347894832,0.4785370099807815,786,2014_nk_99,Nush,2014
751,393.524,0.7068024260282265,0.4799946875219745,787.048,2014_nk_99,Nush,2014
752,394.048,0.7059618731463029,0.4820805461736713,788.096,2014_nk_99,Nush,2014
753,394.572,0.7044828471243818,0.4868478184248095,789.144,2014_nk_99,Nush,2014
754,395.096,0.7038390363434285,0.4893773319698841,790.192,2014_nk_99,Nush,2014
755,395.62,0.707169807665415,0.486197716388208,791.24,2014_nk_99,Nush,2014
756,396.144,0.7036812004506743,0.48662695181650367,792.288,2014_nk_99,Nush,2014
757,396.668,0.7068691445085221,0.4842352619032306,793.336,2014_nk_99,Nush,2014
758,397.192,0.7046667599440076,0.4817740026044424,794.384,2014_nk_99,Nush,2014
759,397.716,0.7060062202632049,0.4818404825620232,795.432,2014_nk_99,Nush,2014
760,398.24,0.7089163700628515,0.48321530131077806,796.48,2014_nk_99,Nush,2014
761,398.764,0.7024100516440486,0.4793914741322193,797.528,2014_nk_99,Nush,2014
762,399.288,0.7048734094017761,0.4720220261545454,798.576,2014_nk_99,Nush,2014
763,399.812,0.7075789812079819,0.4733992889555404,799.624,2014_nk_99,Nush,2014
764,400.336,0.7074030473568156,0.47669706318756894,800.672,2014_nk_99,Nush,2014
765,400.86,0.7063958457691143,0.47962231327865096,801.72,2014_nk_99,Nush,2014
766,401.384,0.7038166050986708,0.4929397108222087,802.768,2014_nk_99,Nush,2014
767,401.908,0.7050969532548667,0.48347242174326266,803.816,2014_nk_99,Nush,2014
768,402.432,0.7054225084318686,0.4794620445756725,804.864,2014_nk_99,Nush,2014
769,402.956,0.7064095283159393,0.4833245635965456,805.912,2014_nk_99,Nush,2014
770,403.48,0.7040563426637572,0.4846585774831498,806.96,2014_nk_99,Nush,2014
771,404.004,0.7058298010231596,0.47633128059763213,808.008,2014_nk_99,Nush,2014
772,404.528,0.7068755526382573,0.471659119592012,809.056,2014_nk_99,Nush,2014
773,405.052,0.7073268436469059,0.4766626838169973,810.104,2014_nk_99,Nush,2014
774,405.576,0.7066555234814912,0.4712183819315336,811.152,2014_nk_99,Nush,2014
775,406.1,0.7064062707355878,0.4616419837820359,812.2,2014_nk_99,Nush,2014
776,406.624,0.7044604576912442,0.4635441617746539,813.248,2014_nk_99,Nush,2014
777,407.148,0.7065788388353377,0.46701427665395295,814.296,2014_nk_99,Nush,2014
778,407.672,0.704483029512877,0.46072699516327054,815.344,2014_nk_99,Nush,2014
779,408.196,0.7076066438221165,0.4642827271662528,816.392,2014_nk_99,Nush,2014
780,408.72,0.7054238876529276,0.4680063453893137,817.44,2014_nk_99,Nush,2014
781,409.244,0.7069186958498723,0.458210917413908,818.488,2014_nk_99,Nush,2014
782,409.76800000000003,0.7061904442467805,0.45311092835179606,819.5360000000001,2014_nk_99,Nush,2014
783,410.29200000000003,0.7045484893463202,0.46433445509410265,820.5840000000001,2014_nk_99,Nush,2014
784,410.81600000000003,0.7053490433079204,0.4628366898358357,821.6320000000001,2014_nk_99,Nush,2014
785,411.34000000000003,0.7055383423941186,0.4596843796907432,822.6800000000001,2014_nk_99,Nush,2014
786,411.86400000000003,0.7051788501960067,0.45995063772961137,823.7280000000001,2014_nk_99,Nush,2014
787,412.38800000000003,0.7068507174666705,0.4510882775040263,824.7760000000001,2014_nk_99,Nush,2014
788,412.91200000000003,0.7086663956897891,0.462009456122516,825.8240000000001,2014_nk_99,Nush,2014
789,413.43600000000004,0.7062850455643591,0.4688176226212384,826.8720000000001,2014_nk_99,Nush,2014
790,413.96000000000004,0.7037423131665398,0.46857368541789673,827.9200000000001,2014_nk_99,Nush,2014
791,414.48400000000004,0.7072940713563292,0.4661641520030088,828.9680000000001,2014_nk_99,Nush,2014
792,415.00800000000004,0.7074792619628297,0.46044043541532054,830.0160000000001,2014_nk_99,Nush,2014
793,415.53200000000004,0.7050361474007196,0.4701374267241967,831.0640000000001,2014_nk_99,Nush,2014
794,416.05600000000004,0.7046668116722329,0.46732576604432874,832.1120000000001,2014_nk_99,Nush,2014
795,416.58000000000004,0.706414721679535,0.4637883533233612,833.1600000000001,2014_nk_99,Nush,2014
796,417.10400000000004,0.7044730827398628,0.4709804961108192,834.2080000000001,2014_nk_99,Nush,2014
797,417.62800000000004,0.7069114459014889,0.4642952936373804,835.2560000000001,2014_nk_99,Nush,2014
798,418.15200000000004,0.7056039442744787,0.45841396296256537,836.3040000000001,2014_nk_99,Nush,2014
799,418.67600000000004,0.7076624613959726,0.46012360524355866,837.3520000000001,2014_nk_99,Nush,2014
800,419.20000000000005,0.7076818161357115,0.46672070077907857,838.4000000000001,2014_nk_99,Nush,2014
801,419.72400000000005,0.7030850712798579,0.4697961465570696,839.4480000000001,2014_nk_99,Nush,2014
802,420.248,0.7082600298413728,0.46998521460242415,840.496,2014_nk_99,Nush,2014
803,420.772,0.7065187871123577,0.4709720010395412,841.544,2014_nk_99,Nush,2014
804,421.296,0.7050277882477596,0.46547623947834427,842.592,2014_nk_99,Nush,2014
805,421.82,0.70778175892671,0.47333413126305174,843.64,2014_nk_99,Nush,2014
806,422.344,0.7059675946230223,0.4768510475167083,844.688,2014_nk_99,Nush,2014
807,422.868,0.7060244634963333,0.4833036528160912,845.736,2014_nk_99,Nush,2014
808,423.392,0.7043051198454395,0.4842110936596644,846.784,2014_nk_99,Nush,2014
809,423.916,0.7055196077166456,0.4818840200481277,847.832,2014_nk_99,Nush,2014
810,424.44,0.703879246061322,0.47883028873454114,848.88,2014_nk_99,Nush,2014
811,424.964,0.7072538423338657,0.4825287308911117,849.928,2014_nk_99,Nush,2014
812,425.488,0.7051616254126633,0.48021592983778016,850.976,2014_nk_99,Nush,2014
813,426.012,0.7059716862034661,0.471939937758104,852.024,2014_nk_99,Nush,2014
814,426.536,0.7035479126521412,0.4672643393471143,853.072,2014_nk_99,Nush,2014
815,427.06,0.7062382587047189,0.4774696879845941,854.12,2014_nk_99,Nush,2014
816,427.584,0.7049316286726652,0.48066824661118257,855.168,2014_nk_99,Nush,2014
817,428.108,0.7058923780985825,0.4769544981719361,856.216,2014_nk_99,Nush,2014
818,428.632,0.7067584119127948,0.4696065770091113,857.264,2014_nk_99,Nush,2014
819,429.156,0.7054081627647366,0.4770673633330444,858.312,2014_nk_99,Nush,2014
820,429.68,0.7078684505278758,0.4720188011499041,859.36,2014_nk_99,Nush,2014
821,430.204,0.7076240867692625,0.4724900346125314,860.408,2014_nk_99,Nush,2014
822,430.728,0.7049138431379538,0.45891917382731345,861.456,2014_nk_99,Nush,2014
823,431.252,0.7052648155461736,0.4533303132511869,862.504,2014_nk_99,Nush,2014
824,431.776,0.7043644320666561,0.4453213509557133,863.552,2014_nk_99,Nush,2014
825,432.3,0.7041424030394257,0.4413329704137037,864.6,2014_nk_99,Nush,2014
826,432.824,0.7069889416784497,0.43224163916890823,865.648,2014_nk_99,Nush,2014
827,433.348,0.703899305195601,0.441522597288386,866.696,2014_nk_99,Nush,2014
828,433.872,0.7062064036873409,0.44329547953094617,867.744,2014_nk_99,Nush,2014
829,434.396,0.7073917786451668,0.4459058063541623,868.792,2014_nk_99,Nush,2014
830,434.92,0.7056885689617276,0.45349123996722146,869.84,2014_nk_99,Nush,2014
831,435.444,0.7028205893463425,0.459136589394192,870.888,2014_nk_99,Nush,2014
832,435.968,0.7086354655797537,0.4549051909447101,871.936,2014_nk_99,Nush,2014
833,436.492,0.7061556680251563,0.4641994410190144,872.984,2014_nk_99,Nush,2014
834,437.016,0.7046946112478404,0.4666461483623524,874.032,2014_nk_99,Nush,2014
835,437.54,0.7064398448027455,0.4711990446666113,875.08,2014_nk_99,Nush,2014
836,438.064,0.7043072030853106,0.47381194816316,876.128,2014_nk_99,Nush,2014
837,438.588,0.7061406322456555,0.4815610554994295,877.176,2014_nk_99,Nush,2014
838,439.112,0.7036225662229662,0.48477710822675824,878.224,2014_nk_99,Nush,2014
839,439.636,0.7067505993735466,0.4852083300183232,879.272,2014_nk_99,Nush,2014
840,440.16,0.7048432435308374,0.4905176708953144,880.32,2014_nk_99,Nush,2014
841,440.684,0.705453089093016,0.48922892598179846,881.368,2014_nk_99,Nush,2014
842,441.208,0.7052909498919933,0.4969964998050101,882.416,2014_nk_99,Nush,2014
843,441.732,0.7070785594590873,0.4994362161733932,883.464,2014_nk_99,Nush,2014
844,442.25600000000003,0.7054143901800183,0.49927312292284126,884.5120000000001,2014_nk_99,Nush,2014
845,442.78000000000003,0.7053162095921518,0.49933361319773567,885.5600000000001,2014_nk_99,Nush,2014
846,443.30400000000003,0.7063690920632025,0.49735171620449115,886.6080000000001,2014_nk_99,Nush,2014
847,443.82800000000003,0.706716821977034,0.49169068967151297,887.6560000000001,2014_nk_99,Nush,2014
848,444.35200000000003,0.7056131016041176,0.4923225702671504,888.7040000000001,2014_nk_99,Nush,2014
849,444.87600000000003,0.7054189282231172,0.48943959106635687,889.7520000000001,2014_nk_99,Nush,2014
850,445.40000000000003,0.7061906005501946,0.4986793476241336,890.8000000000001,2014_nk_99,Nush,2014
851,445.92400000000004,0.706192187283327,0.5076467826326664,891.8480000000001,2014_nk_99,Nush,2014
852,446.44800000000004,0.7066921872715777,0.5035616998407749,892.8960000000001,2014_nk_99,Nush,2014
853,446.97200000000004,0.7042374564971566,0.5010544596265031,893.9440000000001,2014_nk_99,Nush,2014
854,447.49600000000004,0.7081331629499132,0.4961329719585964,894.9920000000001,2014_nk_99,Nush,2014
855,448.02000000000004,0.7012475345090917,0.5028684988301376,896.0400000000001,2014_nk_99,Nush,2014
856,448.54400000000004,0.7073788650564201,0.49018605854268626,897.0880000000001,2014_nk_99,Nush,2014
857,449.06800000000004,0.7048172226197404,0.4901338000397748,898.1360000000001,2014_nk_99,Nush,2014
858,449.59200000000004,0.7074689369330759,0.5090007558352923,899.1840000000001,2014_nk_99,Nush,2014
859,450.11600000000004,0.7060917804236222,0.5036618211425432,900.2320000000001,2014_nk_99,Nush,2014
860,450.64000000000004,0.7068834125209499,0.5078286541229278,901.2800000000001,2014_nk_99,Nush,2014
861,451.16400000000004,0.7066409784095892,0.4983625660464132,902.3280000000001,2014_nk_99,Nush,2014
862,451.68800000000005,0.7076289986378755,0.4943297254824816,903.3760000000001,2014_nk_99,Nush,2014
863,452.21200000000005,0.7059844766485858,0.4952221414261752,904.4240000000001,2014_nk_99,Nush,2014
864,452.73600000000005,0.705375310349165,0.49488119597406666,905.4720000000001,2014_nk_99,Nush,2014
865,453.26,0.7072106695604665,0.4949146352681391,906.52,2014_nk_99,Nush,2014
866,453.784,0.7066864278641006,0.49296482488065535,907.568,2014_nk_99,Nush,2014
867,454.308,0.70691481430108,0.4918390950289957,908.616,2014_nk_99,Nush,2014
868,454.832,0.7073980017851416,0.4891197718888031,909.664,2014_nk_99,Nush,2014
869,455.356,0.705730451286578,0.4835737530767333,910.712,2014_nk_99,Nush,2014
870,455.88,0.7054498493005531,0.47965966328762016,911.76,2014_nk_99,Nush,2014
871,456.404,0.7074975913608914,0.4837487459240619,912.808,2014_nk_99,Nush,2014
872,456.928,0.7068600317978945,0.4766905986173464,913.856,2014_nk_99,Nush,2014
873,457.452,0.7035260609576915,0.47621936399925335,914.904,2014_nk_99,Nush,2014
874,457.976,0.7058136325319097,0.4744030956936374,915.952,2014_nk_99,Nush,2014
875,458.5,0.7073208086107631,0.46446217689113223,917,2014_nk_99,Nush,2014
876,459.024,0.704683397125484,0.4584803801644586,918.048,2014_nk_99,Nush,2014
877,459.548,0.705336138216586,0.45556719329978634,919.096,2014_nk_99,Nush,2014
878,460.072,0.7074013523275064,0.4552601542087884,920.144,2014_nk_99,Nush,2014
879,460.596,0.7039357672617704,0.4512523947732324,921.192,2014_nk_99,Nush,2014
880,461.12,0.7031875789042982,0.4508202183712896,922.24,2014_nk_99,Nush,2014
881,461.644,0.7066905257132737,0.4509363797774253,923.288,2014_nk_99,Nush,2014
882,462.168,0.7068734386638894,0.44949775265927105,924.336,2014_nk_99,Nush,2014
883,462.692,0.7067638839583553,0.4561919867625761,925.384,2014_nk_99,Nush,2014
884,463.216,0.7056596543426868,0.4662792994823908,926.432,2014_nk_99,Nush,2014
885,463.74,0.706027809390659,0.4696133173826357,927.48,2014_nk_99,Nush,2014
886,464.264,0.7086939740464958,0.4683576086357748,928.528,2014_nk_99,Nush,2014
887,464.788,0.7059869446235145,0.45832249955905646,929.576,2014_nk_99,Nush,2014
888,465.312,0.707614594584434,0.456909466410378,930.624,2014_nk_99,Nush,2014
889,465.836,0.7069941977304061,0.46051921807229845,931.672,2014_nk_99,Nush,2014
890,466.36,0.7072864382598875,0.4597916925039292,932.72,2014_nk_99,Nush,2014
891,466.884,0.7068566668810563,0.4677985619197148,933.768,2014_nk_99,Nush,2014
892,467.408,0.703330300674829,0.47158936468393176,934.816,2014_nk_99,Nush,2014
893,467.932,0.7066984637694793,0.47878591041874974,935.864,2014_nk_99,Nush,2014
894,468.456,0.7064582132324657,0.4893380896917227,936.912,2014_nk_99,Nush,2014
895,468.98,0.7089503860151067,0.49043911533866685,937.96,2014_nk_99,Nush,2014
896,469.504,0.7071139974232645,0.4935487961598499,939.008,2014_nk_99,Nush,2014
897,470.028,0.7049522794689123,0.4927261141423585,940.056,2014_nk_99,Nush,2014
898,470.552,0.7058785457196998,0.49088570794347225,941.104,2014_nk_99,Nush,2014
899,471.076,0.7083538957644909,0.49557354339183496,942.152,2014_nk_99,Nush,2014
900,471.6,0.707402919104219,0.49610749752935374,943.2,2014_nk_99,Nush,2014
901,472.124,0.7058937678529136,0.5102269602687883,944.248,2014_nk_99,Nush,2014
902,472.648,0.7063515496833955,0.5169738606195363,945.296,2014_nk_99,Nush,2014
903,473.172,0.7062565814013153,0.5177641670136757,946.344,2014_nk_99,Nush,2014
904,473.696,0.7063327857832148,0.5220065391983814,947.392,2014_nk_99,Nush,2014
905,474.22,0.7079172452500277,0.5231437619751096,948.44,2014_nk_99,Nush,2014
906,474.744,0.7060576044112568,0.5260633848333274,949.488,2014_nk_99,Nush,2014
907,475.26800000000003,0.7050158959596177,0.5501151200523493,950.5360000000001,2014_nk_99,Nush,2014
908,475.79200000000003,0.7061599723400017,0.5628440415778374,951.5840000000001,2014_nk_99,Nush,2014
909,476.31600000000003,0.7074118201442995,0.577171820653514,952.6320000000001,2014_nk_99,Nush,2014
910,476.84000000000003,0.7059960311406919,0.590724956616435,953.6800000000001,2014_nk_99,Nush,2014
911,477.36400000000003,0.705382320765515,0.5919173149845206,954.7280000000001,2014_nk_99,Nush,2014
912,477.88800000000003,0.7078822193121177,0.6162213352497022,955.7760000000001,2014_nk_99,Nush,2014
913,478.41200000000003,0.7072281665995952,0.6192003894635889,956.8240000000001,2014_nk_99,Nush,2014
914,478.93600000000004,0.7060229523615574,0.6246530749900931,957.8720000000001,2014_nk_99,Nush,2014
915,479.46000000000004,0.7077582230388736,0.6297564026722439,958.9200000000001,2014_nk_99,Nush,2014
916,479.98400000000004,0.706876277059123,0.6591313717986561,959.9680000000001,2014_nk_99,Nush,2014
917,480.50800000000004,0.7073582005385621,0.6960798544555235,961.0160000000001,2014_nk_99,Nush,2014
918,481.03200000000004,0.708447488302456,0.7261101918994864,962.0640000000001,2014_nk_99,Nush,2014
919,481.55600000000004,0.7080837222099383,0.7553870623647921,963.1120000000001,2014_nk_99,Nush,2014
920,482.08000000000004,0.7091001926795885,0.7843682044733962,964.1600000000001,2014_nk_99,Nush,2014
921,482.60400000000004,0.7061840403330951,0.8050832871235684,965.2080000000001,2014_nk_99,Nush,2014
922,483.12800000000004,0.7073526665373796,0.8205762851911694,966.2560000000001,2014_nk_99,Nush,2014
923,483.65200000000004,0.7073885145827044,0.829574539725603,967.3040000000001,2014_nk_99,Nush,2014
924,484.17600000000004,0.7083361143558752,0.844874644369822,968.3520000000001,2014_nk_99,Nush,2014
925,484.70000000000005,0.708402272903221,0.8542167029307922,969.4000000000001,2014_nk_99,Nush,2014
926,485.22400000000005,0.708358617754817,0.8617462181403814,970.4480000000001,2014_nk_99,Nush,2014
927,485.74800000000005,0.7082062622555753,0.879190706983337,971.4960000000001,2014_nk_99,Nush,2014
928,486.27200000000005,0.7074906728077399,0.8996617821397713,972.5440000000001,2014_nk_99,Nush,2014
929,486.79600000000005,0.70848547096668,0.9244572022740724,973.5920000000001,2014_nk_99,Nush,2014
930,487.32,0.7071475213346812,0.9504641009953274,974.64,2014_nk_99,Nush,2014
931,487.844,0.7070577778496147,0.9762808084694062,975.688,2014_nk_99,Nush,2014
932,488.368,0.7070384549009505,0.9884845171868659,976.736,2014_nk_99,Nush,2014
933,488.892,0.707858192801051,1.0128761059244065,977.784,2014_nk_99,Nush,2014
934,489.416,0.7082975721195154,1.0432628230075067,978.832,2014_nk_99,Nush,2014
935,489.94,0.7084038225699051,1.057662900283947,979.88,2014_nk_99,Nush,2014
936,490.464,0.7083808532835235,1.0789422539324431,980.928,2014_nk_99,Nush,2014
937,490.988,0.7095298636339229,1.0926991260302128,981.976,2014_nk_99,Nush,2014
938,491.512,0.7082428231701636,1.112548997231494,983.024,2014_nk_99,Nush,2014
939,492.036,0.7078861331731271,1.116760323240187,984.072,2014_nk_99,Nush,2014
940,492.56,0.709831903221166,1.133172653337581,985.12,2014_nk_99,Nush,2014
941,493.084,0.7072892069225272,1.1527905197995805,986.168,2014_nk_99,Nush,2014
942,493.608,0.7087727488851449,1.1738601090422318,987.216,2014_nk_99,Nush,2014
943,494.132,0.7085697579426915,1.2004294231125412,988.264,2014_nk_99,Nush,2014
944,494.656,0.7078215086475205,1.2212615108318987,989.312,2014_nk_99,Nush,2014
945,495.18,0.7084948245261306,1.2448765267727535,990.36,2014_nk_99,Nush,2014
946,495.704,0.7078732470927974,1.2463566811703717,991.408,2014_nk_99,Nush,2014
947,496.228,0.7077989893151696,1.266670043594003,992.456,2014_nk_99,Nush,2014
948,496.752,0.7085580915189404,1.2783824245627906,993.504,2014_nk_99,Nush,2014
949,497.276,0.7074218083233963,1.2921570632489496,994.552,2014_nk_99,Nush,2014
950,497.8,0.7079641531274344,1.3180687702504137,995.6,2014_nk_99,Nush,2014
951,498.324,0.7084463953929896,1.340841715531033,996.648,2014_nk_99,Nush,2014
952,498.848,0.7082333950708493,1.3460280311292463,997.696,2014_nk_99,Nush,2014
953,499.372,0.7090472778200355,1.3642845646829016,998.744,2014_nk_99,Nush,2014
954,499.896,0.7091025710722385,1.383522254142174,999.792,2014_nk_99,Nush,2014
955,500.42,0.7093570253704146,1.3907481797508674,1000.84,2014_nk_99,Nush,2014
956,500.944,0.7091765092801408,1.412834943236443,1001.888,2014_nk_99,Nush,2014
957,501.468,0.7088512938979834,1.4458714228526868,1002.936,2014_nk_99,Nush,2014
958,501.992,0.7077665749177257,1.4638339318330869,1003.984,2014_nk_99,Nush,2014
959,502.516,0.708931322149037,1.4842255367770498,1005.032,2014_nk_99,Nush,2014
960,503.04,0.7083607662961456,1.4880344804372876,1006.08,2014_nk_99,Nush,2014
961,503.564,0.7078436411116616,1.504572049838652,1007.128,2014_nk_99,Nush,2014
962,504.088,0.709753481475086,1.5220117668610622,1008.176,2014_nk_99,Nush,2014
963,504.612,0.7095334789761225,1.5463234610397878,1009.224,2014_nk_99,Nush,2014
964,505.136,0.7085690034644672,1.5499073590827337,1010.272,2014_nk_99,Nush,2014
965,505.66,0.7078644354462419,1.5655926181408284,1011.32,2014_nk_99,Nush,2014
966,506.184,0.7092232865069832,1.592792819537871,1012.368,2014_nk_99,Nush,2014
967,506.708,0.7088807754714435,1.6006730529028,1013.416,2014_nk_99,Nush,2014
968,507.232,0.7092000978132718,1.560173170069595,1014.464,2014_nk_99,Nush,2014
969,507.75600000000003,0.7079093279107652,1.5395042973537454,1015.5120000000001,2014_nk_99,Nush,2014
970,508.28000000000003,0.7079860913430001,1.5574660323149667,1016.5600000000001,2014_nk_99,Nush,2014
971,508.80400000000003,0.7098204528340597,1.5794210260821508,1017.6080000000001,2014_nk_99,Nush,2014
972,509.32800000000003,0.7085670221500877,1.6022105535451732,1018.6560000000001,2014_nk_99,Nush,2014
973,509.85200000000003,0.7081438372411584,1.6147377069824431,1019.7040000000001,2014_nk_99,Nush,2014
974,510.37600000000003,0.7101284683297914,1.5939985715091387,1020.7520000000001,2014_nk_99,Nush,2014
975,510.90000000000003,0.7090076897315121,1.6015872687107244,1021.8000000000001,2014_nk_99,Nush,2014
976,511.42400000000004,0.7096793623613711,1.6517536134730046,1022.8480000000001,2014_nk_99,Nush,2014
977,511.94800000000004,0.708367495303326,1.647284151201875,1023.8960000000001,2014_nk_99,Nush,2014
978,512.472,0.7097780237111848,1.6798133504330364,1024.944,2014_nk_99,Nush,2014
979,512.996,0.7086647691410825,1.742612181083275,1025.992,2014_nk_99,Nush,2014
980,513.52,0.7098662084262927,1.7636122438205402,1027.04,2014_nk_99,Nush,2014
981,514.044,0.7089976016498714,1.7650401665897029,1028.088,2014_nk_99,Nush,2014
982,514.568,0.7093188590558409,1.7783831794416052,1029.136,2014_nk_99,Nush,2014
983,515.092,0.7089621540372762,1.7995454029981854,1030.184,2014_nk_99,Nush,2014
984,515.616,0.7084257703008339,1.8006868616054768,1031.232,2014_nk_99,Nush,2014
985,516.14,0.7088837051822133,1.8219083845223971,1032.28,2014_nk_99,Nush,2014
986,516.664,0.70889546688428,1.8285368704228553,1033.328,2014_nk_99,Nush,2014
987,517.188,0.7097516130312566,1.8292349386177584,1034.376,2014_nk_99,Nush,2014
988,517.712,0.7085448552622999,1.8162415156966745,1035.424,2014_nk_99,Nush,2014
989,518.236,0.7086987583043194,1.83518125899884,1036.472,2014_nk_99,Nush,2014
990,518.76,0.7091548789426595,1.8483351909910573,1037.52,2014_nk_99,Nush,2014
991,519.284,0.7095943869744299,1.8417421536796796,1038.568,2014_nk_99,Nush,2014
992,519.808,0.708881965583551,1.8746158827169728,1039.616,2014_nk_99,Nush,2014
993,520.332,0.7081979343271716,1.9025575977564464,1040.664,2014_nk_99,Nush,2014
994,520.856,0.7092313749561298,1.8790053675162668,1041.712,2014_nk_99,Nush,2014
995,521.38,0.7089715478722675,1.8595139639252465,1042.76,2014_nk_99,Nush,2014
996,521.904,0.7090521343777608,1.8421046296718289,1043.808,2014_nk_99,Nush,2014
997,522.428,0.7086301480279795,1.8303027718137808,1044.856,2014_nk_99,Nush,2014
998,522.952,0.708795425402284,1.7913822780276467,1045.904,2014_nk_99,Nush,2014
999,523.476,0.7100178775532742,1.8331070546455095,1046.952,2014_nk_99,Nush,2014
1000,524,0.7094824999360353,1.737761069523142,1048,2014_nk_99,Nush,2014
1001,524.524,0.7090292083915145,1.7124159201001985,1049.048,2014_nk_99,Nush,2014
1002,525.048,0.709822672368733,1.7485287468724031,1050.096,2014_nk_99,Nush,2014
1003,525.572,0.708774304382908,1.7087148581065963,1051.144,2014_nk_99,Nush,2014
1004,526.096,0.7093778961601481,1.7169504439106331,1052.192,2014_nk_99,Nush,2014
1005,526.62,0.7095360920432157,1.689308668805552,1053.24,2014_nk_99,Nush,2014
1006,527.144,0.7106336444746568,1.6808539388273611,1054.288,2014_nk_99,Nush,2014
1007,527.668,0.7094565642698896,1.6860487419953576,1055.336,2014_nk_99,Nush,2014
1008,528.192,0.7087351861254709,1.6690312993353746,1056.384,2014_nk_99,Nush,2014
1009,528.716,0.7092301712104664,1.6642177669330307,1057.432,2014_nk_99,Nush,2014
1010,529.24,0.7082957114041656,1.6460876693544164,1058.48,2014_nk_99,Nush,2014
1011,529.764,0.7088140517656544,1.6485477423505523,1059.528,2014_nk_99,Nush,2014
1012,530.288,0.7097004124486416,1.6764102488264645,1060.576,2014_nk_99,Nush,2014
1013,530.812,0.7085338736171956,1.6608249997308528,1061.624,2014_nk_99,Nush,2014
1014,531.336,0.7095836041030189,1.6820091548873306,1062.672,2014_nk_99,Nush,2014
1015,531.86,0.7091105317243367,1.709297849769176,1063.72,2014_nk_99,Nush,2014
1016,532.384,0.7090707977538812,1.7543801243453498,1064.768,2014_nk_99,Nush,2014
1017,532.908,0.709290086187178,1.7749200836585548,1065.816,2014_nk_99,Nush,2014
1018,533.432,0.709227760808434,1.7766492650433794,1066.864,2014_nk_99,Nush,2014
1019,533.956,0.7098610593889664,1.7579851175128598,1067.912,2014_nk_99,Nush,2014
1020,534.48,0.7091018652399192,1.756286227613153,1068.96,2014_nk_99,Nush,2014
1021,535.004,0.7091525216608173,1.7643850827769445,1070.008,2014_nk_99,Nush,2014
1022,535.528,0.7086160691689192,1.7850494225658626,1071.056,2014_nk_99,Nush,2014
1023,536.052,0.7089782019121231,1.759443812687155,1072.104,2014_nk_99,Nush,2014
1024,536.576,0.7087658779309756,1.757947169079796,1073.152,2014_nk_99,Nush,2014
1025,537.1,0.7084713582727777,1.7556397456469677,1074.2,2014_nk_99,Nush,2014
1026,537.624,0.7091852256706175,1.6989655267745702,1075.248,2014_nk_99,Nush,2014
1027,538.148,0.7089543615487154,1.66693622196372,1076.296,2014_nk_99,Nush,2014
1028,538.672,0.708734814231333,1.659181247116139,1077.344,2014_nk_99,Nush,2014
1029,539.196,0.7088806986773031,1.6481303481602854,1078.392,2014_nk_99,Nush,2014
1030,539.72,0.7098105473187217,1.6332928806815994,1079.44,2014_nk_99,Nush,2014
1031,540.244,0.7090212926773825,1.6329916119653467,1080.488,2014_nk_99,Nush,2014
1032,540.768,0.708457287011467,1.653364565600682,1081.536,2014_nk_99,Nush,2014
1033,541.292,0.7086618787343424,1.6532846787875612,1082.584,2014_nk_99,Nush,2014
1034,541.816,0.7101949247638993,1.66278888239109,1083.632,2014_nk_99,Nush,2014
1035,542.34,0.7090120901767392,1.6701878831686778,1084.68,2014_nk_99,Nush,2014
1036,542.864,0.7092908266783999,1.685355678545158,1085.728,2014_nk_99,Nush,2014
1037,543.388,0.7086992419686001,1.69839664960125,1086.776,2014_nk_99,Nush,2014
1038,543.912,0.70892866339307,1.7127193664029536,1087.824,2014_nk_99,Nush,2014
1039,544.436,0.7095021942058761,1.7215221675036958,1088.872,2014_nk_99,Nush,2014
1040,544.96,0.7095703439629272,1.72661808459403,1089.92,2014_nk_99,Nush,2014
1041,545.484,0.7093685006113392,1.722120396292576,1090.968,2014_nk_99,Nush,2014
1042,546.008,0.708348724892596,1.7512057559106,1092.016,2014_nk_99,Nush,2014
1043,546.532,0.7093334244396469,1.7536964554423111,1093.064,2014_nk_99,Nush,2014
1044,547.056,0.7096344048734265,1.7717630701940223,1094.112,2014_nk_99,Nush,2014
1045,547.58,0.709536610608712,1.7829821861648028,1095.16,2014_nk_99,Nush,2014
1046,548.104,0.709261061254276,1.7780742525575983,1096.208,2014_nk_99,Nush,2014
1047,548.628,0.7083513452473306,1.7875110593425163,1097.256,2014_nk_99,Nush,2014
1048,549.152,0.7092563374165288,1.7834386801292272,1098.304,2014_nk_99,Nush,2014
1049,549.676,0.7096673815577175,1.7778479778052263,1099.352,2014_nk_99,Nush,2014
1050,550.2,0.7089602689184489,1.7648903491012846,1100.4,2014_nk_99,Nush,2014
1051,550.724,0.7089712754695142,1.762396512584275,1101.448,2014_nk_99,Nush,2014
1052,551.248,0.7095946455012474,1.7734641918040432,1102.496,2014_nk_99,Nush,2014
1053,551.772,0.708550596983976,1.76109603034556,1103.544,2014_nk_99,Nush,2014
1054,552.296,0.7086054005846845,1.7612854602947847,1104.592,2014_nk_99,Nush,2014
1055,552.82,0.7087975560556362,1.7593504329005456,1105.64,2014_nk_99,Nush,2014
1056,553.344,0.708509289544668,1.7603380553181411,1106.688,2014_nk_99,Nush,2014
1057,553.868,0.7092861505799353,1.7665842067586222,1107.736,2014_nk_99,Nush,2014
1058,554.392,0.708522415383521,1.7585187092191097,1108.784,2014_nk_99,Nush,2014
1059,554.916,0.709023019044453,1.755408104488644,1109.832,2014_nk_99,Nush,2014
1060,555.44,0.7091236359072666,1.7326103959124344,1110.88,2014_nk_99,Nush,2014
1061,555.964,0.7089186092603167,1.7437062193057853,1111.928,2014_nk_99,Nush,2014
1062,556.488,0.708744153327084,1.7476753558438023,1112.976,2014_nk_99,Nush,2014
1063,557.0120000000001,0.7101171994886348,1.7603679754518906,1114.0240000000001,2014_nk_99,Nush,2014
1064,557.5360000000001,0.7087683311367733,1.7788763878961626,1115.0720000000001,2014_nk_99,Nush,2014
1065,558.0600000000001,0.7090006247078852,1.7720667930782048,1116.1200000000001,2014_nk_99,Nush,2014
1066,558.5840000000001,0.7093209695880053,1.773479435358449,1117.1680000000001,2014_nk_99,Nush,2014
1067,559.1080000000001,0.7092018060264867,1.772382663155454,1118.2160000000001,2014_nk_99,Nush,2014
1068,559.6320000000001,0.7087643867209493,1.77200631337098,1119.2640000000001,2014_nk_99,Nush,2014
1069,560.1560000000001,0.7093610171009632,1.7602746440759376,1120.3120000000001,2014_nk_99,Nush,2014
1070,560.6800000000001,0.7095074263750939,1.7566435492742762,1121.3600000000001,2014_nk_99,Nush,2014
1071,561.2040000000001,0.7084539663678732,1.740749345681982,1122.4080000000001,2014_nk_99,Nush,2014
1072,561.7280000000001,0.7085432092985884,1.7438396824910274,1123.4560000000001,2014_nk_99,Nush,2014
1073,562.2520000000001,0.7099553174516872,1.7451510065714233,1124.5040000000001,2014_nk_99,Nush,2014
1074,562.7760000000001,0.7098770961622761,1.727050551790862,1125.5520000000001,2014_nk_99,Nush,2014
1075,563.3000000000001,0.7087611985047799,1.721601780684444,1126.6000000000001,2014_nk_99,Nush,2014
1076,563.8240000000001,0.7086571907402845,1.7271820382323004,1127.6480000000001,2014_nk_99,Nush,2014
1077,564.3480000000001,0.7097950046952745,1.719703494951042,1128.6960000000001,2014_nk_99,Nush,2014
1078,564.8720000000001,0.7083555571656527,1.7078493026289194,1129.7440000000001,2014_nk_99,Nush,2014
1079,565.3960000000001,0.7083342387460836,1.7073667057234423,1130.7920000000001,2014_nk_99,Nush,2014
1080,565.9200000000001,0.7097480713302992,1.7206130503811117,1131.8400000000001,2014_nk_99,Nush,2014
1081,566.4440000000001,0.708866749804846,1.7043952933572537,1132.8880000000001,2014_nk_99,Nush,2014
1082,566.9680000000001,0.709629818121596,1.7030374761124292,1133.9360000000001,2014_nk_99,Nush,2014
1083,567.4920000000001,0.7098467032733996,1.697157276030582,1134.9840000000002,2014_nk_99,Nush,2014
1084,568.0160000000001,0.7084118759983231,1.711842242641624,1136.0320000000002,2014_nk_99,Nush,2014
1085,568.5400000000001,0.7093339577864946,1.7041255857808435,1137.0800000000002,2014_nk_99,Nush,2014
1086,569.0640000000001,0.7089953262335462,1.7051139725580209,1138.1280000000002,2014_nk_99,Nush,2014
1087,569.5880000000001,0.7091094254604521,1.713347146533568,1139.1760000000002,2014_nk_99,Nush,2014
1088,570.1120000000001,0.7089346388994083,1.7197653553303158,1140.2240000000002,2014_nk_99,Nush,2014
1089,570.6360000000001,0.708766456591664,1.7016983088165518,1141.2720000000002,2014_nk_99,Nush,2014
1090,571.16,0.7094104117711009,1.6850978713769855,1142.32,2014_nk_99,Nush,2014
1091,571.684,0.7086528321639648,1.6816002424416805,1143.368,2014_nk_99,Nush,2014
1092,572.208,0.7094610301681454,1.6796406183916173,1144.416,2014_nk_99,Nush,2014
1093,572.732,0.7091044445927943,1.6869129199753743,1145.464,2014_nk_99,Nush,2014
1094,573.256,0.7085668164625573,1.67677476754173,1146.512,2014_nk_99,Nush,2014
1095,573.78,0.7092786986468027,1.6549844975633954,1147.56,2014_nk_99,Nush,2014
1096,574.304,0.7088768486992941,1.6444863966037593,1148.608,2014_nk_99,Nush,2014
1097,574.828,0.7081710865043359,1.639635306246546,1149.656,2014_nk_99,Nush,2014
1098,575.352,0.7095023752620464,1.621407660631888,1150.704,2014_nk_99,Nush,2014
1099,575.876,0.7098297178821009,1.6279958144446347,1151.752,2014_nk_99,Nush,2014
1100,576.4,0.7092546898423293,1.616948583690142,1152.8,2014_nk_99,Nush,2014
1101,576.924,0.7090383544275417,1.6096835452384608,1153.848,2014_nk_99,Nush,2014
1102,577.448,0.7098250724572344,1.6263414535493992,1154.896,2014_nk_99,Nush,2014
1103,577.972,0.7084800517907329,1.6297782262491551,1155.944,2014_nk_99,Nush,2014
1104,578.496,0.7078905459948789,1.6293577895077749,1156.992,2014_nk_99,Nush,2014
1105,579.02,0.7095093499943739,1.6296924060961298,1158.04,2014_nk_99,Nush,2014
1106,579.544,0.7090554682083691,1.6218103504746624,1159.088,2014_nk_99,Nush,2014
1107,580.068,0.7094847301332317,1.626597426363214,1160.136,2014_nk_99,Nush,2014
1108,580.592,0.7086142941275737,1.6163782110085745,1161.184,2014_nk_99,Nush,2014
1109,581.116,0.7087705472864488,1.6289171904233717,1162.232,2014_nk_99,Nush,2014
1110,581.64,0.7085816291735166,1.6249320978926034,1163.28,2014_nk_99,Nush,2014
1111,582.164,0.7082717979583232,1.621018823223104,1164.328,2014_nk_99,Nush,2014
1112,582.688,0.7091655799066179,1.6073929843042918,1165.376,2014_nk_99,Nush,2014
1113,583.212,0.7089819784406192,1.6311221046619486,1166.424,2014_nk_99,Nush,2014
1114,583.736,0.7089976191582916,1.6369681523857555,1167.472,2014_nk_99,Nush,2014
1115,584.26,0.7081765331528238,1.6121420197395626,1168.52,2014_nk_99,Nush,2014
1116,584.784,0.7089242688131219,1.5943707862806351,1169.568,2014_nk_99,Nush,2014
1117,585.308,0.7093691852993416,1.6073604076635453,1170.616,2014_nk_99,Nush,2014
1118,585.832,0.7091404957817661,1.6009385465598571,1171.664,2014_nk_99,Nush,2014
1119,586.356,0.7092908250022534,1.600364001063832,1172.712,2014_nk_99,Nush,2014
1120,586.88,0.7088996668002693,1.5915451950754227,1173.76,2014_nk_99,Nush,2014
1121,587.404,0.7088653158972421,1.5627331443237966,1174.808,2014_nk_99,Nush,2014
1122,587.928,0.7095787014676949,1.5460513090760812,1175.856,2014_nk_99,Nush,2014
1123,588.452,0.7090463152013682,1.5601507611039374,1176.904,2014_nk_99,Nush,2014
1124,588.976,0.7084847103294142,1.5586597211654143,1177.952,2014_nk_99,Nush,2014
1125,589.5,0.7087728302019666,1.5642594586888128,1179,2014_nk_99,Nush,2014
1126,590.024,0.70929440427274415,1.5739803170552595,1180.048,2014_nk_99,Nush,2014
1127,590.548,0.7093893002835401,1.5547717647579704,1181.096,2014_nk_99,Nush,2014
1128,591.072,0.7097087110383854,1.5559646764606423,1182.144,2014_nk_99,Nush,2014
1129,591.596,0.7092191531191702,1.5606480529875515,1183.192,2014_nk_99,Nush,2014
1130,592.12,0.7098040461317875,1.5655320367932846,1184.24,2014_nk_99,Nush,2014
1131,592.644,0.7086349402342679,1.5544151053279451,1185.288,2014_nk_99,Nush,2014
1132,593.168,0.709188483767714,1.5533755971945598,1186.336,2014_nk_99,Nush,2014
1133,593.692,0.7098311448079403,1.526892942112975,1187.384,2014_nk_99,Nush,2014
1134,594.216,0.7096127182218525,1.5078316909213567,1188.432,2014_nk_99,Nush,2014
1135,594.74,0.7093300325634806,1.5310231754303258,1189.48,2014_nk_99,Nush,2014
1136,595.264,0.7088214949924808,1.551744942755289,1190.528,2014_nk_99,Nush,2014
1137,595.788,0.7098590706939154,1.5142148724251332,1191.576,2014_nk_99,Nush,2014
1138,596.312,0.7095029013276255,1.520317227672543,1192.624,2014_nk_99,Nush,2014
1139,596.836,0.7100306037052462,1.5335840481858156,1193.672,2014_nk_99,Nush,2014
1140,597.36,0.7087796693179713,1.5180269350801354,1194.72,2014_nk_99,Nush,2014
1141,597.884,0.7085362569489829,1.4776219956151009,1195.768,2014_nk_99,Nush,2014
1142,598.408,0.7083612974192273,1.5015860062230664,1196.816,2014_nk_99,Nush,2014
1143,598.932,0.7084283148775079,1.4944793352252068,1197.864,2014_nk_99,Nush,2014
1144,599.456,0.7085904749112116,1.4875147277357093,1198.912,2014_nk_99,Nush,2014
1145,599.98,0.709232314446462,1.477192856865529,1199.96,2014_nk_99,Nush,2014
1146,600.504,0.7091579617248812,1.4672029031079212,1201.008,2014_nk_99,Nush,2014
1147,601.028,0.709257989807097,1.4541179308752676,1202.056,2014_nk_99,Nush,2014
1148,601.552,0.7097092464109673,1.450723629948872,1203.104,2014_nk_99,Nush,2014
1149,602.076,0.7092032638454285,1.4384811745549426,1204.152,2014_nk_99,Nush,2014
1150,602.6,0.7091379505563613,1.4281220967922348,1205.2,2014_nk_99,Nush,2014
1151,603.124,0.7088350809857105,1.411689882978783,1206.248,2014_nk_99,Nush,2014
1152,603.648,0.7084531443705451,1.4159675496957087,1207.296,2014_nk_99,Nush,2014
1153,604.172,0.7086849204564395,1.4033191816615886,1208.344,2014_nk_99,Nush,2014
1154,604.696,0.7090430272489741,1.3899222966408542,1209.392,2014_nk_99,Nush,2014
1155,605.22,0.709308113068461,1.3974217519560208,1210.44,2014_nk_99,Nush,2014
1156,605.744,0.7094339191379785,1.3914106452480597,1211.488,2014_nk_99,Nush,2014
1157,606.268,0.7088015716943347,0.8156944319213191,1212.536,2014_nk_99,Nush,2014
1158,606.792,0.7117063775130681,0.3407427302327772,1213.584,2014_nk_99,Nush,2014
