Cycle,time,Iso,Sr88,Time,Microns,Fish_id,Watershed,Year
1,0.524,0.708843,2.301694,0.524,1.048,2011_nk_43a,Nush,2011
2,1.048,0.708762,2.365558,1.048,2.096,2011_nk_43a,Nush,2011
3,1.572,0.70927,2.289364,1.572,3.144,2011_nk_43a,Nush,2011
4,2.096,0.70909,2.222557,2.096,4.192,2011_nk_43a,Nush,2011
5,2.62,0.709447,2.179825,2.62,5.24,2011_nk_43a,Nush,2011
6,3.144,0.70913,2.176373,3.144,6.288,2011_nk_43a,Nush,2011
7,3.668,0.709126,2.160502,3.668,7.336,2011_nk_43a,Nush,2011
8,4.192,0.709206,2.102418,4.192,8.384,2011_nk_43a,Nush,2011
9,4.716,0.708595,2.11408,4.716,9.432,2011_nk_43a,Nush,2011
10,5.24,0.708549,2.122613,5.24,10.48,2011_nk_43a,Nush,2011
11,5.764,0.709746,2.151086,5.764,11.528,2011_nk_43a,Nush,2011
12,6.288,0.709798,2.140833,6.288,12.576,2011_nk_43a,Nush,2011
13,6.812,0.709134,2.135562,6.812,13.624,2011_nk_43a,Nush,2011
14,7.336,0.710002,2.1794,7.336,14.672,2011_nk_43a,Nush,2011
15,7.86,0.709247,2.213707,7.86,15.72,2011_nk_43a,Nush,2011
16,8.384,0.709168,2.214657,8.384,16.768,2011_nk_43a,Nush,2011
17,8.908,0.70834,2.208395,8.908000000000001,17.816000000000003,2011_nk_43a,Nush,2011
18,9.432,0.709361,2.196242,9.432000000000002,18.864000000000004,2011_nk_43a,Nush,2011
19,9.956,0.709399,2.197985,9.956,19.912,2011_nk_43a,Nush,2011
20,10.48,0.708908,2.214293,10.48,20.96,2011_nk_43a,Nush,2011
21,11.004,0.709284,2.19838,11.004000000000001,22.008000000000003,2011_nk_43a,Nush,2011
22,11.528,0.709072,2.242455,11.528000000000002,23.056000000000004,2011_nk_43a,Nush,2011
23,12.052,0.708952,2.278975,12.052,24.104,2011_nk_43a,Nush,2011
24,12.576,0.7093,2.263626,12.576,25.152,2011_nk_43a,Nush,2011
25,13.1,0.710075,2.235153,13.100000000000001,26.200000000000003,2011_nk_43a,Nush,2011
26,13.624,0.708963,2.232764,13.624000000000002,27.248000000000005,2011_nk_43a,Nush,2011
27,14.148,0.708916,2.234257,14.148,28.296,2011_nk_43a,Nush,2011
28,14.672,0.709474,2.277332,14.672,29.344,2011_nk_43a,Nush,2011
29,15.196,0.70892,2.245606,15.196000000000002,30.392000000000003,2011_nk_43a,Nush,2011
30,15.72,0.709495,2.25523,15.720000000000002,31.440000000000005,2011_nk_43a,Nush,2011
31,16.244,0.709254,2.250838,16.244,32.488,2011_nk_43a,Nush,2011
32,16.768,0.708878,2.230019,16.768,33.536,2011_nk_43a,Nush,2011
33,17.292,0.708778,2.246873,17.292,34.584,2011_nk_43a,Nush,2011
34,17.816,0.708354,2.258312,17.816000000000003,35.632000000000005,2011_nk_43a,Nush,2011
35,18.34,0.708538,2.238048,18.340000000000003,36.68000000000001,2011_nk_43a,Nush,2011
36,18.864,0.709608,2.228731,18.864,37.728,2011_nk_43a,Nush,2011
37,19.388,0.708519,2.218995,19.388,38.776,2011_nk_43a,Nush,2011
38,19.912,0.709426,2.280071,19.912000000000003,39.824000000000005,2011_nk_43a,Nush,2011
39,20.436,0.708098,2.255186,20.436,40.872,2011_nk_43a,Nush,2011
40,20.96,0.709012,2.25893,20.96,41.92,2011_nk_43a,Nush,2011
41,21.484,0.709158,2.290838,21.484,42.968,2011_nk_43a,Nush,2011
42,22.008,0.709357,2.30693,22.008000000000003,44.016000000000005,2011_nk_43a,Nush,2011
43,22.532,0.709108,2.281515,22.532000000000004,45.06400000000001,2011_nk_43a,Nush,2011
44,23.056,0.708805,2.275292,23.056,46.112,2011_nk_43a,Nush,2011
45,23.58,0.708636,2.293869,23.580000000000002,47.160000000000004,2011_nk_43a,Nush,2011
46,24.104,0.708682,2.262548,24.104000000000003,48.208000000000006,2011_nk_43a,Nush,2011
47,24.628,0.709311,2.301018,24.628,49.256,2011_nk_43a,Nush,2011
48,25.152,0.709259,2.288855,25.152,50.304,2011_nk_43a,Nush,2011
49,25.676,0.709396,2.279212,25.676000000000002,51.352000000000004,2011_nk_43a,Nush,2011
50,26.2,0.708676,2.315492,26.200000000000003,52.400000000000006,2011_nk_43a,Nush,2011
51,26.724,0.709359,2.337856,26.724000000000004,53.44800000000001,2011_nk_43a,Nush,2011
52,27.248,0.708842,2.357629,27.248,54.496,2011_nk_43a,Nush,2011
53,27.772,0.709086,2.31798,27.772000000000002,55.544000000000004,2011_nk_43a,Nush,2011
54,28.296,0.709517,2.339696,28.296000000000003,56.592000000000006,2011_nk_43a,Nush,2011
55,28.82,0.709081,2.321862,28.82,57.64,2011_nk_43a,Nush,2011
56,29.344,0.709465,2.302548,29.344,58.688,2011_nk_43a,Nush,2011
57,29.868,0.709243,2.316177,29.868000000000002,59.736000000000004,2011_nk_43a,Nush,2011
58,30.392,0.709331,2.319351,30.392000000000003,60.784000000000006,2011_nk_43a,Nush,2011
59,30.916,0.709618,2.341566,30.916000000000004,61.83200000000001,2011_nk_43a,Nush,2011
60,31.44,0.70915,2.341982,31.44,62.88,2011_nk_43a,Nush,2011
61,31.964,0.708694,2.357214,31.964000000000002,63.928000000000004,2011_nk_43a,Nush,2011
62,32.488,0.708877,2.370142,32.488,64.976,2011_nk_43a,Nush,2011
63,33.012,0.70961,2.313983,33.012,66.024,2011_nk_43a,Nush,2011
64,33.536,0.709196,2.323542,33.536,67.072,2011_nk_43a,Nush,2011
65,34.06,0.709542,2.306225,34.06,68.12,2011_nk_43a,Nush,2011
66,34.584,0.709352,2.294445,34.584,69.168,2011_nk_43a,Nush,2011
67,35.108,0.708599,2.298577,35.108000000000004,70.21600000000001,2011_nk_43a,Nush,2011
68,35.632,0.709322,2.3366729999999998,35.632000000000005,71.26400000000001,2011_nk_43a,Nush,2011
69,36.156,0.709304,2.36612,36.156000000000006,72.31200000000001,2011_nk_43a,Nush,2011
70,36.68,0.708113,2.348025,36.68,73.36,2011_nk_43a,Nush,2011
71,37.204,0.710278,2.333334,37.204,74.408,2011_nk_43a,Nush,2011
72,37.728,0.709346,2.367704,37.728,75.456,2011_nk_43a,Nush,2011
73,38.252,0.709277,2.334327,38.252,76.504,2011_nk_43a,Nush,2011
74,38.776,0.709341,2.34948,38.776,77.552,2011_nk_43a,Nush,2011
75,39.3,0.708963,2.330106,39.300000000000004,78.60000000000001,2011_nk_43a,Nush,2011
76,39.824,0.708908,2.369838,39.824000000000005,79.64800000000001,2011_nk_43a,Nush,2011
77,40.348,0.709046,2.372733,40.348,80.696,2011_nk_43a,Nush,2011
78,40.872,0.709637,2.376658,40.872,81.744,2011_nk_43a,Nush,2011
79,41.396,0.708653,2.362856,41.396,82.792,2011_nk_43a,Nush,2011
80,41.92,0.70824,2.398478,41.92,83.84,2011_nk_43a,Nush,2011
81,42.444,0.709021,2.402684,42.444,84.888,2011_nk_43a,Nush,2011
82,42.968,0.70979,2.367772,42.968,85.936,2011_nk_43a,Nush,2011
83,43.492,0.708957,2.355156,43.492000000000004,86.98400000000001,2011_nk_43a,Nush,2011
84,44.016,0.708612,2.405159,44.016000000000005,88.03200000000001,2011_nk_43a,Nush,2011
85,44.54,0.708238,2.362549,44.540000000000006,89.08000000000001,2011_nk_43a,Nush,2011
86,45.064,0.708221,2.367615,45.064,90.128,2011_nk_43a,Nush,2011
87,45.588,0.708737,2.329337,45.588,91.176,2011_nk_43a,Nush,2011
88,46.112,0.708827,2.368498,46.112,92.224,2011_nk_43a,Nush,2011
89,46.636,0.709032,2.334495,46.636,93.272,2011_nk_43a,Nush,2011
90,47.16,0.709212,2.334561,47.160000000000004,94.32000000000001,2011_nk_43a,Nush,2011
91,47.684,0.708427,2.31395,47.684000000000005,95.36800000000001,2011_nk_43a,Nush,2011
92,48.208,0.708787,2.285722,48.208000000000006,96.41600000000001,2011_nk_43a,Nush,2011
93,48.732,0.709043,2.289492,48.732,97.464,2011_nk_43a,Nush,2011
94,49.256,0.708632,2.257933,49.256,98.512,2011_nk_43a,Nush,2011
95,49.78,0.709246,2.232247,49.78,99.56,2011_nk_43a,Nush,2011
96,50.304,0.708633,2.222846,50.304,100.608,2011_nk_43a,Nush,2011
97,50.828,0.708958,2.224517,50.828,101.656,2011_nk_43a,Nush,2011
98,51.352,0.708934,2.277771,51.352000000000004,102.70400000000001,2011_nk_43a,Nush,2011
99,51.876,0.708771,2.211107,51.876000000000005,103.75200000000001,2011_nk_43a,Nush,2011
100,52.4,0.708884,2.20527,52.400000000000006,104.80000000000001,2011_nk_43a,Nush,2011
101,52.924,0.709006,2.214204,52.92400000000001,105.84800000000001,2011_nk_43a,Nush,2011
102,53.448,0.708844,2.199358,53.448,106.896,2011_nk_43a,Nush,2011
103,53.972,0.70875,2.193785,53.972,107.944,2011_nk_43a,Nush,2011
104,54.496,0.707942,2.180529,54.496,108.992,2011_nk_43a,Nush,2011
105,55.02,0.709137,2.183045,55.02,110.04,2011_nk_43a,Nush,2011
106,55.544,0.709269,2.193088,55.544000000000004,111.08800000000001,2011_nk_43a,Nush,2011
107,56.068,0.708285,2.18215,56.068000000000005,112.13600000000001,2011_nk_43a,Nush,2011
108,56.592,0.709309,2.139534,56.592000000000006,113.18400000000001,2011_nk_43a,Nush,2011
109,57.116,0.708942,2.07172,57.116,114.232,2011_nk_43a,Nush,2011
110,57.64,0.708165,2.06431,57.64,115.28,2011_nk_43a,Nush,2011
111,58.164,0.709204,2.06028,58.164,116.328,2011_nk_43a,Nush,2011
112,58.688,0.708407,2.023638,58.688,117.376,2011_nk_43a,Nush,2011
113,59.212,0.708437,2.005978,59.212,118.424,2011_nk_43a,Nush,2011
114,59.736,0.708629,1.937455,59.736000000000004,119.47200000000001,2011_nk_43a,Nush,2011
115,60.26,0.708569,1.821277,60.260000000000005,120.52000000000001,2011_nk_43a,Nush,2011
116,60.784,0.708594,1.80335,60.784000000000006,121.56800000000001,2011_nk_43a,Nush,2011
117,61.308,0.708439,1.787364,61.30800000000001,122.61600000000001,2011_nk_43a,Nush,2011
118,61.832,0.708454,1.769698,61.832,123.664,2011_nk_43a,Nush,2011
119,62.356,0.708491,1.774332,62.356,124.712,2011_nk_43a,Nush,2011
120,62.88,0.708557,1.747687,62.88,125.76,2011_nk_43a,Nush,2011
121,63.404,0.70871,1.727596,63.404,126.808,2011_nk_43a,Nush,2011
122,63.928,0.70834,1.723495,63.928000000000004,127.85600000000001,2011_nk_43a,Nush,2011
123,64.452,0.708269,1.735954,64.452,128.904,2011_nk_43a,Nush,2011
124,64.976,0.70777,1.714933,64.976,129.952,2011_nk_43a,Nush,2011
125,65.5,0.708628,1.677064,65.5,131,2011_nk_43a,Nush,2011
126,66.024,0.70850900000000006,1.623177,66.024,132.048,2011_nk_43a,Nush,2011
127,66.548,0.709128,1.585446,66.548,133.096,2011_nk_43a,Nush,2011
128,67.072,0.708459,1.552573,67.072,134.144,2011_nk_43a,Nush,2011
129,67.596,0.706414,1.518093,67.596,135.192,2011_nk_43a,Nush,2011
130,68.12,0.708344,1.472223,68.12,136.24,2011_nk_43a,Nush,2011
131,68.644,0.708271,1.453766,68.644,137.288,2011_nk_43a,Nush,2011
132,69.168,0.707969,1.422049,69.168,138.336,2011_nk_43a,Nush,2011
133,69.692,0.70814,1.394252,69.69200000000001,139.38400000000001,2011_nk_43a,Nush,2011
134,70.216,0.707954,1.333246,70.21600000000001,140.43200000000002,2011_nk_43a,Nush,2011
135,70.74,0.707686,1.31974,70.74000000000001,141.48000000000002,2011_nk_43a,Nush,2011
136,71.264,0.708371,1.299725,71.26400000000001,142.52800000000002,2011_nk_43a,Nush,2011
137,71.788,0.708232,1.264358,71.78800000000001,143.57600000000002,2011_nk_43a,Nush,2011
138,72.312,0.70761,1.248117,72.312,144.624,2011_nk_43a,Nush,2011
139,72.836,0.707528,1.206623,72.836,145.672,2011_nk_43a,Nush,2011
140,73.36,0.70734,1.213862,73.36,146.72,2011_nk_43a,Nush,2011
141,73.884,0.708111,1.19645,73.884,147.768,2011_nk_43a,Nush,2011
142,74.408,0.707075,1.1717360000000001,74.408,148.816,2011_nk_43a,Nush,2011
143,74.932,0.707544,1.142146,74.932,149.864,2011_nk_43a,Nush,2011
144,75.456,0.706812,1.104552,75.456,150.912,2011_nk_43a,Nush,2011
145,75.98,0.707901,1.088563,75.98,151.96,2011_nk_43a,Nush,2011
146,76.504,0.706573,1.088971,76.504,153.008,2011_nk_43a,Nush,2011
147,77.028,0.706592,1.049724,77.028,154.056,2011_nk_43a,Nush,2011
148,77.552,0.705756,1.03688,77.552,155.104,2011_nk_43a,Nush,2011
149,78.076,0.706939,1.040729,78.07600000000001,156.15200000000002,2011_nk_43a,Nush,2011
150,78.6,0.707427,1.021181,78.60000000000001,157.20000000000002,2011_nk_43a,Nush,2011
151,79.124,0.705986,1.019529,79.12400000000001,158.24800000000002,2011_nk_43a,Nush,2011
152,79.648,0.706842,1.015163,79.64800000000001,159.29600000000002,2011_nk_43a,Nush,2011
153,80.172,0.707147,0.976208,80.172,160.344,2011_nk_43a,Nush,2011
154,80.696,0.70663,0.949024,80.696,161.392,2011_nk_43a,Nush,2011
155,81.22,0.706625,0.929572,81.22,162.44,2011_nk_43a,Nush,2011
156,81.744,0.707093,0.902338,81.744,163.488,2011_nk_43a,Nush,2011
157,82.268,0.706072,0.885533,82.268,164.536,2011_nk_43a,Nush,2011
158,82.792,0.706052,0.862,82.792,165.584,2011_nk_43a,Nush,2011
159,83.316,0.705731,0.847364,83.316,166.632,2011_nk_43a,Nush,2011
160,83.84,0.707432,0.829856,83.84,167.68,2011_nk_43a,Nush,2011
161,84.364,0.706093,0.811146,84.364,168.728,2011_nk_43a,Nush,2011
162,84.888,0.707208,0.803934,84.888,169.776,2011_nk_43a,Nush,2011
163,85.412,0.70636,0.786237,85.412,170.824,2011_nk_43a,Nush,2011
164,85.936,0.706526,0.778923,85.936,171.872,2011_nk_43a,Nush,2011
165,86.46,0.70603,0.769589,86.46000000000001,172.92000000000002,2011_nk_43a,Nush,2011
166,86.984,0.705405,0.75818700000000006,86.98400000000001,173.96800000000002,2011_nk_43a,Nush,2011
167,87.508,0.706365,0.749644,87.50800000000001,175.01600000000002,2011_nk_43a,Nush,2011
168,88.032,0.705609,0.746597,88.03200000000001,176.06400000000002,2011_nk_43a,Nush,2011
169,88.556,0.708448,0.750862,88.55600000000001,177.11200000000002,2011_nk_43a,Nush,2011
170,89.08,0.706409,0.763701,89.08,178.16,2011_nk_43a,Nush,2011
171,89.604,0.706203,0.740755,89.604,179.208,2011_nk_43a,Nush,2011
172,90.128,0.705431,0.728535,90.128,180.256,2011_nk_43a,Nush,2011
173,90.652,0.706876,0.724842,90.652,181.304,2011_nk_43a,Nush,2011
174,91.176,0.706167,0.722692,91.176,182.352,2011_nk_43a,Nush,2011
175,91.7,0.706942,0.713009,91.7,183.4,2011_nk_43a,Nush,2011
176,92.224,0.706279,0.723142,92.224,184.448,2011_nk_43a,Nush,2011
177,92.748,0.706683,0.718445,92.748,185.496,2011_nk_43a,Nush,2011
178,93.272,0.706859,0.723697,93.272,186.544,2011_nk_43a,Nush,2011
179,93.796,0.704966,0.72568,93.796,187.592,2011_nk_43a,Nush,2011
180,94.32,0.708016,0.724396,94.32000000000001,188.64000000000001,2011_nk_43a,Nush,2011
181,94.844,0.706529,0.706932,94.84400000000001,189.68800000000002,2011_nk_43a,Nush,2011
182,95.368,0.704068,0.709421,95.36800000000001,190.73600000000002,2011_nk_43a,Nush,2011
183,95.892,0.704899,0.698537,95.89200000000001,191.78400000000002,2011_nk_43a,Nush,2011
184,96.416,0.705723,0.690644,96.41600000000001,192.83200000000002,2011_nk_43a,Nush,2011
185,96.94,0.707243,0.688596,96.94,193.88,2011_nk_43a,Nush,2011
186,97.464,0.705614,0.683184,97.464,194.928,2011_nk_43a,Nush,2011
187,97.988,0.705493,0.692721,97.988,195.976,2011_nk_43a,Nush,2011
188,98.512,0.706812,0.698386,98.512,197.024,2011_nk_43a,Nush,2011
189,99.036,0.706807,0.690897,99.036,198.072,2011_nk_43a,Nush,2011
190,99.56,0.704648,0.689841,99.56,199.12,2011_nk_43a,Nush,2011
191,100.084,0.702987,0.695317,100.084,200.168,2011_nk_43a,Nush,2011
192,100.608,0.704331,0.690907,100.608,201.216,2011_nk_43a,Nush,2011
193,101.132,0.707068,0.68893,101.132,202.264,2011_nk_43a,Nush,2011
194,101.656,0.704763,0.697544,101.656,203.312,2011_nk_43a,Nush,2011
195,102.18,0.705082,0.696092,102.18,204.36,2011_nk_43a,Nush,2011
196,102.704,0.706325,0.682453,102.70400000000001,205.40800000000002,2011_nk_43a,Nush,2011
197,103.228,0.706224,0.687473,103.22800000000001,206.45600000000002,2011_nk_43a,Nush,2011
198,103.752,0.706319,0.686568,103.75200000000001,207.50400000000002,2011_nk_43a,Nush,2011
199,104.276,0.70534,0.690139,104.27600000000001,208.55200000000002,2011_nk_43a,Nush,2011
200,104.8,0.705979,0.686344,104.80000000000001,209.60000000000002,2011_nk_43a,Nush,2011
201,105.324,0.705804,0.684719,105.32400000000001,210.64800000000002,2011_nk_43a,Nush,2011
202,105.848,0.705688,0.678074,105.848,211.696,2011_nk_43a,Nush,2011
203,106.372,0.705038,0.668359,106.372,212.744,2011_nk_43a,Nush,2011
204,106.896,0.705768,0.66809,106.896,213.792,2011_nk_43a,Nush,2011
205,107.42,0.706399,0.673399,107.42,214.84,2011_nk_43a,Nush,2011
206,107.944,0.70578,0.678577,107.944,215.888,2011_nk_43a,Nush,2011
207,108.468,0.704765,0.67826,108.468,216.936,2011_nk_43a,Nush,2011
208,108.992,0.704621,0.671275,108.992,217.984,2011_nk_43a,Nush,2011
209,109.516,0.705342,0.677054,109.516,219.032,2011_nk_43a,Nush,2011
210,110.04,0.708121,0.664613,110.04,220.08,2011_nk_43a,Nush,2011
211,110.564,0.704774,0.65792,110.56400000000001,221.12800000000001,2011_nk_43a,Nush,2011
212,111.088,0.706248,0.66087,111.08800000000001,222.17600000000002,2011_nk_43a,Nush,2011
213,111.612,0.704921,0.656707,111.61200000000001,223.22400000000002,2011_nk_43a,Nush,2011
214,112.136,0.706723,0.65589,112.13600000000001,224.27200000000002,2011_nk_43a,Nush,2011
215,112.66,0.704197,0.656074,112.66000000000001,225.32000000000002,2011_nk_43a,Nush,2011
216,113.184,0.705964,0.651276,113.18400000000001,226.36800000000002,2011_nk_43a,Nush,2011
217,113.708,0.70352,0.648834,113.708,227.416,2011_nk_43a,Nush,2011
218,114.232,0.704823,0.650593,114.232,228.464,2011_nk_43a,Nush,2011
219,114.756,0.704212,0.64235,114.756,229.512,2011_nk_43a,Nush,2011
220,115.28,0.706942,0.637434,115.28,230.56,2011_nk_43a,Nush,2011
221,115.804,0.706222,0.634564,115.804,231.608,2011_nk_43a,Nush,2011
222,116.328,0.705884,0.627679,116.328,232.656,2011_nk_43a,Nush,2011
223,116.852,0.707394,0.628131,116.852,233.704,2011_nk_43a,Nush,2011
224,117.376,0.704269,0.620143,117.376,234.752,2011_nk_43a,Nush,2011
225,117.9,0.706036,0.633234,117.9,235.8,2011_nk_43a,Nush,2011
226,118.424,0.705098,0.627353,118.424,236.848,2011_nk_43a,Nush,2011
227,118.948,0.707378,0.632169,118.94800000000001,237.89600000000002,2011_nk_43a,Nush,2011
228,119.472,0.706792,0.626363,119.47200000000001,238.94400000000002,2011_nk_43a,Nush,2011
229,119.996,0.70511,0.639259,119.99600000000001,239.99200000000002,2011_nk_43a,Nush,2011
230,120.52,0.70546,0.619854,120.52000000000001,241.04000000000002,2011_nk_43a,Nush,2011
231,121.044,0.703498,0.620635,121.04400000000001,242.08800000000002,2011_nk_43a,Nush,2011
232,121.568,0.70587,0.610014,121.56800000000001,243.13600000000002,2011_nk_43a,Nush,2011
233,122.092,0.703672,0.613125,122.09200000000001,244.18400000000003,2011_nk_43a,Nush,2011
234,122.616,0.70549,0.612223,122.616,245.232,2011_nk_43a,Nush,2011
235,123.14,0.703967,0.623182,123.14,246.28,2011_nk_43a,Nush,2011
236,123.664,0.704771,0.615809,123.664,247.328,2011_nk_43a,Nush,2011
237,124.188,0.704933,0.61496,124.188,248.376,2011_nk_43a,Nush,2011
238,124.712,0.705845,0.626261,124.712,249.424,2011_nk_43a,Nush,2011
239,125.236,0.704281,0.618052,125.236,250.472,2011_nk_43a,Nush,2011
240,125.76,0.704322,0.620929,125.76,251.52,2011_nk_43a,Nush,2011
241,126.284,0.706094,0.618303,126.284,252.568,2011_nk_43a,Nush,2011
242,126.808,0.706378,0.616859,126.808,253.616,2011_nk_43a,Nush,2011
243,127.332,0.704493,0.620186,127.33200000000001,254.66400000000002,2011_nk_43a,Nush,2011
244,127.856,0.706075,0.61871,127.85600000000001,255.71200000000002,2011_nk_43a,Nush,2011
245,128.38,0.704575,0.626027,128.38,256.76,2011_nk_43a,Nush,2011
246,128.904,0.704714,0.631366,128.904,257.808,2011_nk_43a,Nush,2011
247,129.428,0.708113,0.636402,129.428,258.856,2011_nk_43a,Nush,2011
248,129.952,0.705951,0.640607,129.952,259.904,2011_nk_43a,Nush,2011
249,130.476,0.703657,0.638448,130.476,260.952,2011_nk_43a,Nush,2011
250,131,0.704993,0.6405,131,262,2011_nk_43a,Nush,2011
251,131.524,0.708133,0.653447,131.524,263.048,2011_nk_43a,Nush,2011
252,132.048,0.704873,0.64709,132.048,264.096,2011_nk_43a,Nush,2011
253,132.572,0.70455,0.644622,132.572,265.144,2011_nk_43a,Nush,2011
254,133.096,0.705537,0.655316,133.096,266.192,2011_nk_43a,Nush,2011
255,133.62,0.705851,0.662482,133.62,267.24,2011_nk_43a,Nush,2011
256,134.144,0.704285,0.655988,134.144,268.288,2011_nk_43a,Nush,2011
257,134.668,0.704115,0.654765,134.668,269.336,2011_nk_43a,Nush,2011
258,135.192,0.705225,0.664302,135.192,270.384,2011_nk_43a,Nush,2011
259,135.716,0.705937,0.672243,135.716,271.432,2011_nk_43a,Nush,2011
260,136.24,0.704325,0.680247,136.24,272.48,2011_nk_43a,Nush,2011
261,136.764,0.707017,0.686491,136.764,273.528,2011_nk_43a,Nush,2011
262,137.288,0.707973,0.686254,137.288,274.576,2011_nk_43a,Nush,2011
263,137.812,0.704492,0.682234,137.812,275.624,2011_nk_43a,Nush,2011
264,138.336,0.70295,0.677185,138.336,276.672,2011_nk_43a,Nush,2011
265,138.86,0.705116,0.687598,138.86,277.72,2011_nk_43a,Nush,2011
266,139.384,0.705993,0.692856,139.38400000000001,278.76800000000003,2011_nk_43a,Nush,2011
267,139.908,0.704371,0.692689,139.90800000000002,279.81600000000003,2011_nk_43a,Nush,2011
268,140.432,0.703588,0.700731,140.43200000000002,280.86400000000003,2011_nk_43a,Nush,2011
269,140.956,0.70467900000000006,0.698057,140.95600000000002,281.91200000000003,2011_nk_43a,Nush,2011
270,141.48,0.704538,0.69575,141.48000000000002,282.96000000000004,2011_nk_43a,Nush,2011
271,142.004,0.704579,0.697025,142.00400000000002,284.00800000000004,2011_nk_43a,Nush,2011
272,142.528,0.705181,0.698979,142.52800000000002,285.05600000000004,2011_nk_43a,Nush,2011
273,143.052,0.702958,0.696379,143.05200000000002,286.10400000000004,2011_nk_43a,Nush,2011
274,143.576,0.704921,0.697066,143.576,287.152,2011_nk_43a,Nush,2011
275,144.1,0.705488,0.697148,144.1,288.2,2011_nk_43a,Nush,2011
276,144.624,0.704407,0.704749,144.624,289.248,2011_nk_43a,Nush,2011
277,145.148,0.705,0.702636,145.148,290.296,2011_nk_43a,Nush,2011
278,145.672,0.703704,0.695604,145.672,291.344,2011_nk_43a,Nush,2011
279,146.196,0.703943,0.702431,146.196,292.392,2011_nk_43a,Nush,2011
280,146.72,0.702364,0.702834,146.72,293.44,2011_nk_43a,Nush,2011
281,147.244,0.704096,0.701211,147.244,294.488,2011_nk_43a,Nush,2011
282,147.768,0.704181,0.697163,147.768,295.536,2011_nk_43a,Nush,2011
283,148.292,0.706899,0.690633,148.292,296.584,2011_nk_43a,Nush,2011
284,148.816,0.703823,0.696374,148.816,297.632,2011_nk_43a,Nush,2011
285,149.34,0.704456,0.694359,149.34,298.68,2011_nk_43a,Nush,2011
286,149.864,0.706545,0.704919,149.864,299.728,2011_nk_43a,Nush,2011
287,150.388,0.704702,0.698084,150.388,300.776,2011_nk_43a,Nush,2011
288,150.912,0.70541,0.693121,150.912,301.824,2011_nk_43a,Nush,2011
289,151.436,0.704502,0.691695,151.436,302.872,2011_nk_43a,Nush,2011
290,151.96,0.705331,0.678847,151.96,303.92,2011_nk_43a,Nush,2011
291,152.484,0.704077,0.686595,152.484,304.968,2011_nk_43a,Nush,2011
292,153.008,0.705042,0.669548,153.008,306.016,2011_nk_43a,Nush,2011
293,153.532,0.704504,0.673292,153.532,307.064,2011_nk_43a,Nush,2011
294,154.056,0.70559,0.681112,154.056,308.112,2011_nk_43a,Nush,2011
295,154.58,0.700854,0.676897,154.58,309.16,2011_nk_43a,Nush,2011
296,155.104,0.705854,0.68004,155.104,310.208,2011_nk_43a,Nush,2011
297,155.628,0.705987,0.678967,155.62800000000001,311.25600000000003,2011_nk_43a,Nush,2011
298,156.152,0.70468,0.685194,156.15200000000002,312.30400000000003,2011_nk_43a,Nush,2011
299,156.676,0.705923,0.670871,156.67600000000002,313.35200000000003,2011_nk_43a,Nush,2011
300,157.2,0.707019,0.66466,157.20000000000002,314.40000000000003,2011_nk_43a,Nush,2011
301,157.724,0.705359,0.663265,157.72400000000002,315.44800000000004,2011_nk_43a,Nush,2011
302,158.248,0.705091,0.663197,158.24800000000002,316.49600000000004,2011_nk_43a,Nush,2011
303,158.772,0.703659,0.665201,158.77200000000002,317.54400000000004,2011_nk_43a,Nush,2011
304,159.296,0.706379,0.664991,159.29600000000002,318.59200000000004,2011_nk_43a,Nush,2011
305,159.82,0.704445,0.661102,159.82,319.64,2011_nk_43a,Nush,2011
306,160.344,0.704236,0.665143,160.344,320.688,2011_nk_43a,Nush,2011
307,160.868,0.706448,0.657797,160.868,321.736,2011_nk_43a,Nush,2011
308,161.392,0.705585,0.661134,161.392,322.784,2011_nk_43a,Nush,2011
309,161.916,0.704413,0.654855,161.916,323.832,2011_nk_43a,Nush,2011
310,162.44,0.705905,0.656592,162.44,324.88,2011_nk_43a,Nush,2011
311,162.964,0.704742,0.651494,162.964,325.928,2011_nk_43a,Nush,2011
312,163.488,0.703156,0.636912,163.488,326.976,2011_nk_43a,Nush,2011
313,164.012,0.703539,0.650301,164.012,328.024,2011_nk_43a,Nush,2011
314,164.536,0.703798,0.662241,164.536,329.072,2011_nk_43a,Nush,2011
315,165.06,0.70545,0.656861,165.06,330.12,2011_nk_43a,Nush,2011
316,165.584,0.703666,0.654287,165.584,331.168,2011_nk_43a,Nush,2011
317,166.108,0.702369,0.654825,166.108,332.216,2011_nk_43a,Nush,2011
318,166.632,0.706084,0.651388,166.632,333.264,2011_nk_43a,Nush,2011
319,167.156,0.704652,0.648538,167.156,334.312,2011_nk_43a,Nush,2011
320,167.68,0.705589,0.643908,167.68,335.36,2011_nk_43a,Nush,2011
321,168.204,0.705676,0.638716,168.204,336.408,2011_nk_43a,Nush,2011
322,168.728,0.7036,0.646088,168.728,337.456,2011_nk_43a,Nush,2011
323,169.252,0.703746,0.647347,169.252,338.504,2011_nk_43a,Nush,2011
324,169.776,0.706107,0.640998,169.776,339.552,2011_nk_43a,Nush,2011
325,170.3,0.704481,0.651788,170.3,340.6,2011_nk_43a,Nush,2011
326,170.824,0.705496,0.648995,170.824,341.648,2011_nk_43a,Nush,2011
327,171.348,0.705776,0.659627,171.348,342.696,2011_nk_43a,Nush,2011
328,171.872,0.705431,0.666108,171.872,343.744,2011_nk_43a,Nush,2011
329,172.396,0.70507,0.654606,172.39600000000002,344.79200000000003,2011_nk_43a,Nush,2011
330,172.92,0.702898,0.6588,172.92000000000002,345.84000000000003,2011_nk_43a,Nush,2011
331,173.444,0.706414,0.658389,173.44400000000002,346.88800000000003,2011_nk_43a,Nush,2011
332,173.968,0.70615000000000006,0.649801,173.96800000000002,347.93600000000004,2011_nk_43a,Nush,2011
333,174.492,0.706053,0.646098,174.49200000000002,348.98400000000004,2011_nk_43a,Nush,2011
334,175.016,0.705562,0.643767,175.01600000000002,350.03200000000004,2011_nk_43a,Nush,2011
335,175.54,0.704743,0.644816,175.54000000000002,351.08000000000004,2011_nk_43a,Nush,2011
336,176.064,0.704703,0.649432,176.06400000000002,352.12800000000004,2011_nk_43a,Nush,2011
337,176.588,0.70334,0.654077,176.58800000000002,353.17600000000004,2011_nk_43a,Nush,2011
338,177.112,0.702337,0.654913,177.112,354.224,2011_nk_43a,Nush,2011
339,177.636,0.706449,0.658537,177.636,355.272,2011_nk_43a,Nush,2011
340,178.16,0.705663,0.657883,178.16,356.32,2011_nk_43a,Nush,2011
341,178.684,0.704712,0.650772,178.684,357.368,2011_nk_43a,Nush,2011
342,179.208,0.703999,0.657346,179.208,358.416,2011_nk_43a,Nush,2011
343,179.732,0.704318,0.655301,179.732,359.464,2011_nk_43a,Nush,2011
344,180.256,0.704451,0.662355,180.256,360.512,2011_nk_43a,Nush,2011
345,180.78,0.705004,0.656398,180.78,361.56,2011_nk_43a,Nush,2011
346,181.304,0.704459,0.664476,181.304,362.608,2011_nk_43a,Nush,2011
347,181.828,0.70261,0.668578,181.828,363.656,2011_nk_43a,Nush,2011
348,182.352,0.705643,0.675771,182.352,364.704,2011_nk_43a,Nush,2011
349,182.876,0.703773,0.677885,182.876,365.752,2011_nk_43a,Nush,2011
350,183.4,0.705748,0.682337,183.4,366.8,2011_nk_43a,Nush,2011
351,183.924,0.706928,0.680841,183.924,367.848,2011_nk_43a,Nush,2011
352,184.448,0.706419,0.682199,184.448,368.896,2011_nk_43a,Nush,2011
353,184.972,0.706534,0.6802,184.972,369.944,2011_nk_43a,Nush,2011
354,185.496,0.704939,0.687206,185.496,370.992,2011_nk_43a,Nush,2011
355,186.02,0.704194,0.685971,186.02,372.04,2011_nk_43a,Nush,2011
356,186.544,0.704736,0.701843,186.544,373.088,2011_nk_43a,Nush,2011
357,187.068,0.704384,0.697275,187.068,374.136,2011_nk_43a,Nush,2011
358,187.592,0.705233,0.702387,187.592,375.184,2011_nk_43a,Nush,2011
359,188.116,0.705852,0.700807,188.116,376.232,2011_nk_43a,Nush,2011
360,188.64,0.706095,0.706624,188.64000000000001,377.28000000000003,2011_nk_43a,Nush,2011
361,189.164,0.705056,0.715513,189.16400000000002,378.32800000000003,2011_nk_43a,Nush,2011
362,189.688,0.704146,0.711475,189.68800000000002,379.37600000000003,2011_nk_43a,Nush,2011
363,190.212,0.706584,0.709486,190.21200000000002,380.42400000000004,2011_nk_43a,Nush,2011
364,190.736,0.703696,0.709365,190.73600000000002,381.47200000000004,2011_nk_43a,Nush,2011
365,191.26,0.705238,0.705825,191.26000000000002,382.52000000000004,2011_nk_43a,Nush,2011
366,191.784,0.705363,0.70807,191.78400000000002,383.56800000000004,2011_nk_43a,Nush,2011
367,192.308,0.704376,0.698119,192.30800000000002,384.61600000000004,2011_nk_43a,Nush,2011
368,192.832,0.702447,0.713161,192.83200000000002,385.66400000000004,2011_nk_43a,Nush,2011
369,193.356,0.705016,0.706007,193.356,386.712,2011_nk_43a,Nush,2011
370,193.88,0.705649,0.721068,193.88,387.76,2011_nk_43a,Nush,2011
371,194.404,0.704173,0.720294,194.404,388.808,2011_nk_43a,Nush,2011
372,194.928,0.706185,0.722819,194.928,389.856,2011_nk_43a,Nush,2011
373,195.452,0.705856,0.726307,195.452,390.904,2011_nk_43a,Nush,2011
374,195.976,0.704793,0.743403,195.976,391.952,2011_nk_43a,Nush,2011
375,196.5,0.703063,0.735067,196.5,393,2011_nk_43a,Nush,2011
376,197.024,0.704698,0.732351,197.024,394.048,2011_nk_43a,Nush,2011
377,197.548,0.70534,0.729553,197.548,395.096,2011_nk_43a,Nush,2011
378,198.072,0.706428,0.726133,198.072,396.144,2011_nk_43a,Nush,2011
379,198.596,0.703068,0.737725,198.596,397.192,2011_nk_43a,Nush,2011
380,199.12,0.705435,0.714623,199.12,398.24,2011_nk_43a,Nush,2011
381,199.644,0.703832,0.728617,199.644,399.288,2011_nk_43a,Nush,2011
382,200.168,0.704137,0.727322,200.168,400.336,2011_nk_43a,Nush,2011
383,200.692,0.705004,0.720492,200.692,401.384,2011_nk_43a,Nush,2011
384,201.216,0.703888,0.71334,201.216,402.432,2011_nk_43a,Nush,2011
385,201.74,0.703493,0.703953,201.74,403.48,2011_nk_43a,Nush,2011
386,202.264,0.705847,0.701862,202.264,404.528,2011_nk_43a,Nush,2011
387,202.788,0.70565,0.706879,202.788,405.576,2011_nk_43a,Nush,2011
388,203.312,0.704963,0.715989,203.312,406.624,2011_nk_43a,Nush,2011
389,203.836,0.705126,0.717274,203.836,407.672,2011_nk_43a,Nush,2011
390,204.36,0.705031,0.718884,204.36,408.72,2011_nk_43a,Nush,2011
391,204.884,0.704809,0.725279,204.88400000000001,409.76800000000003,2011_nk_43a,Nush,2011
392,205.408,0.706198,0.727621,205.40800000000002,410.81600000000003,2011_nk_43a,Nush,2011
393,205.932,0.702879,0.727817,205.93200000000002,411.86400000000003,2011_nk_43a,Nush,2011
394,206.456,0.705342,0.717963,206.45600000000002,412.91200000000003,2011_nk_43a,Nush,2011
395,206.98,0.703921,0.722557,206.98000000000002,413.96000000000004,2011_nk_43a,Nush,2011
396,207.504,0.705655,0.718087,207.50400000000002,415.00800000000004,2011_nk_43a,Nush,2011
397,208.028,0.704452,0.713991,208.02800000000002,416.05600000000004,2011_nk_43a,Nush,2011
398,208.552,0.704844,0.719514,208.55200000000002,417.10400000000004,2011_nk_43a,Nush,2011
399,209.076,0.704501,0.721287,209.07600000000002,418.15200000000004,2011_nk_43a,Nush,2011
400,209.6,0.704163,0.726379,209.60000000000002,419.20000000000005,2011_nk_43a,Nush,2011
401,210.124,0.705233,0.730479,210.12400000000002,420.24800000000005,2011_nk_43a,Nush,2011
402,210.648,0.705082,0.73695,210.648,421.296,2011_nk_43a,Nush,2011
403,211.172,0.704183,0.733309,211.172,422.344,2011_nk_43a,Nush,2011
404,211.696,0.704698,0.734428,211.696,423.392,2011_nk_43a,Nush,2011
405,212.22,0.705565,0.726762,212.22,424.44,2011_nk_43a,Nush,2011
406,212.744,0.704654,0.73136,212.744,425.488,2011_nk_43a,Nush,2011
407,213.268,0.704891,0.742035,213.268,426.536,2011_nk_43a,Nush,2011
408,213.792,0.706676,0.737366,213.792,427.584,2011_nk_43a,Nush,2011
409,214.316,0.704028,0.746429,214.316,428.632,2011_nk_43a,Nush,2011
410,214.84,0.705233,0.738558,214.84,429.68,2011_nk_43a,Nush,2011
411,215.364,0.704268,0.745121,215.364,430.728,2011_nk_43a,Nush,2011
412,215.888,0.704561,0.734373,215.888,431.776,2011_nk_43a,Nush,2011
413,216.412,0.705845,0.749648,216.412,432.824,2011_nk_43a,Nush,2011
414,216.936,0.704856,0.750631,216.936,433.872,2011_nk_43a,Nush,2011
415,217.46,0.70378,0.739656,217.46,434.92,2011_nk_43a,Nush,2011
416,217.984,0.705624,0.737885,217.984,435.968,2011_nk_43a,Nush,2011
417,218.508,0.703924,0.740522,218.508,437.016,2011_nk_43a,Nush,2011
418,219.032,0.703819,0.73168,219.032,438.064,2011_nk_43a,Nush,2011
419,219.556,0.706089,0.736121,219.556,439.112,2011_nk_43a,Nush,2011
420,220.08,0.7043,0.734186,220.08,440.16,2011_nk_43a,Nush,2011
421,220.604,0.705499,0.742773,220.604,441.208,2011_nk_43a,Nush,2011
422,221.128,0.704834,0.748407,221.12800000000001,442.25600000000003,2011_nk_43a,Nush,2011
423,221.652,0.704951,0.747979,221.65200000000002,443.30400000000003,2011_nk_43a,Nush,2011
424,222.176,0.704492,0.754479,222.17600000000002,444.35200000000003,2011_nk_43a,Nush,2011
425,222.7,0.706754,0.750847,222.70000000000002,445.40000000000003,2011_nk_43a,Nush,2011
426,223.224,0.705914,0.756159,223.22400000000002,446.44800000000004,2011_nk_43a,Nush,2011
427,223.748,0.703698,0.743856,223.74800000000002,447.49600000000004,2011_nk_43a,Nush,2011
428,224.272,0.703482,0.749481,224.27200000000002,448.54400000000004,2011_nk_43a,Nush,2011
429,224.796,0.705207,0.747048,224.79600000000002,449.59200000000004,2011_nk_43a,Nush,2011
430,225.32,0.705096,0.756981,225.32000000000002,450.64000000000004,2011_nk_43a,Nush,2011
431,225.844,0.704084,0.755138,225.84400000000002,451.68800000000005,2011_nk_43a,Nush,2011
432,226.368,0.702714,0.758665,226.36800000000002,452.73600000000005,2011_nk_43a,Nush,2011
433,226.892,0.705818,0.775686,226.892,453.784,2011_nk_43a,Nush,2011
434,227.416,0.703582,0.759573,227.416,454.832,2011_nk_43a,Nush,2011
435,227.94,0.705774,0.767339,227.94,455.88,2011_nk_43a,Nush,2011
436,228.464,0.704325,0.766362,228.464,456.928,2011_nk_43a,Nush,2011
437,228.988,0.705115,0.751758,228.988,457.976,2011_nk_43a,Nush,2011
438,229.512,0.705845,0.757907,229.512,459.024,2011_nk_43a,Nush,2011
439,230.036,0.70426,0.769162,230.036,460.072,2011_nk_43a,Nush,2011
440,230.56,0.703976,0.780014,230.56,461.12,2011_nk_43a,Nush,2011
441,231.084,0.706618,0.778059,231.084,462.168,2011_nk_43a,Nush,2011
442,231.608,0.703237,0.771335,231.608,463.216,2011_nk_43a,Nush,2011
443,232.132,0.705115,0.778634,232.132,464.264,2011_nk_43a,Nush,2011
444,232.656,0.705335,0.778455,232.656,465.312,2011_nk_43a,Nush,2011
445,233.18,0.704782,0.767349,233.18,466.36,2011_nk_43a,Nush,2011
446,233.704,0.70509,0.769181,233.704,467.408,2011_nk_43a,Nush,2011
447,234.228,0.704809,0.772041,234.228,468.456,2011_nk_43a,Nush,2011
448,234.752,0.705104,0.780857,234.752,469.504,2011_nk_43a,Nush,2011
449,235.276,0.704493,0.780682,235.276,470.552,2011_nk_43a,Nush,2011
450,235.8,0.706025,0.791478,235.8,471.6,2011_nk_43a,Nush,2011
451,236.324,0.705588,0.78322,236.324,472.648,2011_nk_43a,Nush,2011
452,236.848,0.704457,0.805068,236.848,473.696,2011_nk_43a,Nush,2011
453,237.372,0.705753,0.807762,237.372,474.744,2011_nk_43a,Nush,2011
454,237.896,0.706128,0.778932,237.89600000000002,475.79200000000003,2011_nk_43a,Nush,2011
455,238.42,0.705,0.792523,238.42000000000002,476.84000000000003,2011_nk_43a,Nush,2011
456,238.944,0.705257,0.792469,238.94400000000002,477.88800000000003,2011_nk_43a,Nush,2011
457,239.468,0.704881,0.79665,239.46800000000002,478.93600000000004,2011_nk_43a,Nush,2011
458,239.992,0.704101,0.800979,239.99200000000002,479.98400000000004,2011_nk_43a,Nush,2011
459,240.516,0.703837,0.800735,240.51600000000002,481.03200000000004,2011_nk_43a,Nush,2011
460,241.04,0.704598,0.798854,241.04000000000002,482.08000000000004,2011_nk_43a,Nush,2011
461,241.564,0.703575,0.797377,241.56400000000002,483.12800000000004,2011_nk_43a,Nush,2011
462,242.088,0.705383,0.801798,242.08800000000002,484.17600000000004,2011_nk_43a,Nush,2011
463,242.612,0.704577,0.799839,242.61200000000002,485.22400000000005,2011_nk_43a,Nush,2011
464,243.136,0.706862,0.801412,243.13600000000002,486.27200000000005,2011_nk_43a,Nush,2011
465,243.66,0.704421,0.799979,243.66000000000003,487.32000000000005,2011_nk_43a,Nush,2011
466,244.184,0.706472,0.784343,244.184,488.368,2011_nk_43a,Nush,2011
467,244.708,0.705044,0.796153,244.708,489.416,2011_nk_43a,Nush,2011
468,245.232,0.705217,0.795692,245.232,490.464,2011_nk_43a,Nush,2011
469,245.756,0.703933,0.803596,245.756,491.512,2011_nk_43a,Nush,2011
470,246.28,0.705803,0.803514,246.28,492.56,2011_nk_43a,Nush,2011
471,246.804,0.705497,0.795566,246.804,493.608,2011_nk_43a,Nush,2011
472,247.328,0.703253,0.784004,247.328,494.656,2011_nk_43a,Nush,2011
473,247.852,0.705168,0.783467,247.852,495.704,2011_nk_43a,Nush,2011
474,248.376,0.703382,0.788455,248.376,496.752,2011_nk_43a,Nush,2011
475,248.9,0.704345,0.787234,248.9,497.8,2011_nk_43a,Nush,2011
476,249.424,0.703163,0.776955,249.424,498.848,2011_nk_43a,Nush,2011
477,249.948,0.705824,0.78303,249.948,499.896,2011_nk_43a,Nush,2011
478,250.472,0.706264,0.790394,250.472,500.944,2011_nk_43a,Nush,2011
479,250.996,0.703805,0.789846,250.996,501.992,2011_nk_43a,Nush,2011
480,251.52,0.704815,0.782246,251.52,503.04,2011_nk_43a,Nush,2011
481,252.044,0.705961,0.772544,252.044,504.088,2011_nk_43a,Nush,2011
482,252.568,0.70537,0.786492,252.568,505.136,2011_nk_43a,Nush,2011
483,253.092,0.704179,0.791038,253.092,506.184,2011_nk_43a,Nush,2011
484,253.616,0.704588,0.782988,253.616,507.232,2011_nk_43a,Nush,2011
485,254.14,0.705174,0.785908,254.14000000000001,508.28000000000003,2011_nk_43a,Nush,2011
486,254.664,0.704795,0.778961,254.66400000000002,509.32800000000003,2011_nk_43a,Nush,2011
487,255.188,0.704508,0.777635,255.18800000000002,510.37600000000003,2011_nk_43a,Nush,2011
488,255.712,0.705602,0.769366,255.71200000000002,511.42400000000004,2011_nk_43a,Nush,2011
489,256.236,0.706428,0.772881,256.236,512.472,2011_nk_43a,Nush,2011
490,256.76,0.703878,0.771322,256.76,513.52,2011_nk_43a,Nush,2011
491,257.284,0.705674,0.769735,257.284,514.568,2011_nk_43a,Nush,2011
492,257.808,0.703569,0.767838,257.808,515.616,2011_nk_43a,Nush,2011
493,258.332,0.704231,0.766031,258.332,516.664,2011_nk_43a,Nush,2011
494,258.856,0.707418,0.770253,258.856,517.712,2011_nk_43a,Nush,2011
495,259.38,0.70463,0.768517,259.38,518.76,2011_nk_43a,Nush,2011
496,259.904,0.704043,0.758907,259.904,519.808,2011_nk_43a,Nush,2011
497,260.428,0.702959,0.759256,260.428,520.856,2011_nk_43a,Nush,2011
498,260.952,0.706258,0.764581,260.952,521.904,2011_nk_43a,Nush,2011
499,261.476,0.703761,0.768232,261.476,522.952,2011_nk_43a,Nush,2011
500,262,0.703649,0.772685,262,524,2011_nk_43a,Nush,2011
501,262.524,0.704167,0.76897,262.524,525.048,2011_nk_43a,Nush,2011
502,263.048,0.705544,0.762256,263.048,526.096,2011_nk_43a,Nush,2011
503,263.572,0.705177,0.765936,263.572,527.144,2011_nk_43a,Nush,2011
504,264.096,0.703966,0.760953,264.096,528.192,2011_nk_43a,Nush,2011
505,264.62,0.7053,0.761666,264.62,529.24,2011_nk_43a,Nush,2011
506,265.144,0.704944,0.761773,265.144,530.288,2011_nk_43a,Nush,2011
507,265.668,0.705432,0.770532,265.668,531.336,2011_nk_43a,Nush,2011
508,266.192,0.703974,0.770674,266.192,532.384,2011_nk_43a,Nush,2011
509,266.716,0.704508,0.769938,266.716,533.432,2011_nk_43a,Nush,2011
510,267.24,0.705285,0.765864,267.24,534.48,2011_nk_43a,Nush,2011
511,267.764,0.705556,0.773835,267.764,535.528,2011_nk_43a,Nush,2011
512,268.288,0.706474,0.765515,268.288,536.576,2011_nk_43a,Nush,2011
513,268.812,0.702875,0.766324,268.812,537.624,2011_nk_43a,Nush,2011
514,269.336,0.703712,0.767862,269.336,538.672,2011_nk_43a,Nush,2011
515,269.86,0.704697,0.770713,269.86,539.72,2011_nk_43a,Nush,2011
516,270.384,0.705809,0.770878,270.384,540.768,2011_nk_43a,Nush,2011
517,270.908,0.705376,0.772099,270.908,541.816,2011_nk_43a,Nush,2011
518,271.432,0.703405,0.769058,271.432,542.864,2011_nk_43a,Nush,2011
519,271.956,0.704129,0.75999,271.956,543.912,2011_nk_43a,Nush,2011
520,272.48,0.705582,0.769732,272.48,544.96,2011_nk_43a,Nush,2011
521,273.004,0.704708,0.777374,273.004,546.008,2011_nk_43a,Nush,2011
522,273.528,0.705498,0.770581,273.528,547.056,2011_nk_43a,Nush,2011
523,274.052,0.704722,0.772264,274.052,548.104,2011_nk_43a,Nush,2011
524,274.576,0.704898,0.769817,274.576,549.152,2011_nk_43a,Nush,2011
525,275.1,0.705143,0.773957,275.1,550.2,2011_nk_43a,Nush,2011
526,275.624,0.705823,0.771261,275.624,551.248,2011_nk_43a,Nush,2011
527,276.148,0.704965,0.774368,276.148,552.296,2011_nk_43a,Nush,2011
528,276.672,0.705989,0.769776,276.672,553.344,2011_nk_43a,Nush,2011
529,277.196,0.703531,0.767795,277.196,554.392,2011_nk_43a,Nush,2011
530,277.72,0.704516,0.770645,277.72,555.44,2011_nk_43a,Nush,2011
531,278.244,0.706974,0.767028,278.244,556.488,2011_nk_43a,Nush,2011
532,278.768,0.704914,0.767555,278.76800000000003,557.5360000000001,2011_nk_43a,Nush,2011
533,279.292,0.704108,0.773509,279.29200000000003,558.5840000000001,2011_nk_43a,Nush,2011
534,279.816,0.705288,0.768481,279.81600000000003,559.6320000000001,2011_nk_43a,Nush,2011
535,280.34,0.704343,0.779231,280.34000000000003,560.6800000000001,2011_nk_43a,Nush,2011
536,280.864,0.705844,0.77117,280.86400000000003,561.7280000000001,2011_nk_43a,Nush,2011
537,281.388,0.704965,0.77459,281.38800000000003,562.7760000000001,2011_nk_43a,Nush,2011
538,281.912,0.703003,0.766943,281.91200000000003,563.8240000000001,2011_nk_43a,Nush,2011
539,282.436,0.70369,0.764395,282.43600000000004,564.8720000000001,2011_nk_43a,Nush,2011
540,282.96,0.705582,0.763941,282.96000000000004,565.9200000000001,2011_nk_43a,Nush,2011
541,283.484,0.705076,0.775027,283.48400000000004,566.9680000000001,2011_nk_43a,Nush,2011
542,284.008,0.70294,0.772662,284.00800000000004,568.0160000000001,2011_nk_43a,Nush,2011
543,284.532,0.705415,0.777558,284.53200000000004,569.0640000000001,2011_nk_43a,Nush,2011
544,285.056,0.704723,0.777479,285.05600000000004,570.1120000000001,2011_nk_43a,Nush,2011
545,285.58,0.704595,0.777737,285.58000000000004,571.1600000000001,2011_nk_43a,Nush,2011
546,286.104,0.705175,0.775295,286.104,572.208,2011_nk_43a,Nush,2011
547,286.628,0.70578,0.772169,286.628,573.256,2011_nk_43a,Nush,2011
548,287.152,0.703687,0.768409,287.152,574.304,2011_nk_43a,Nush,2011
549,287.676,0.705218,0.766421,287.676,575.352,2011_nk_43a,Nush,2011
550,288.2,0.704983,0.766351,288.2,576.4,2011_nk_43a,Nush,2011
551,288.724,0.70597,0.76495,288.724,577.448,2011_nk_43a,Nush,2011
552,289.248,0.705304,0.755132,289.248,578.496,2011_nk_43a,Nush,2011
553,289.772,0.704367,0.764672,289.772,579.544,2011_nk_43a,Nush,2011
554,290.296,0.704443,0.767781,290.296,580.592,2011_nk_43a,Nush,2011
555,290.82,0.705459,0.77056500000000006,290.82,581.64,2011_nk_43a,Nush,2011
556,291.344,0.702917,0.770335,291.344,582.688,2011_nk_43a,Nush,2011
557,291.868,0.705359,0.77831,291.868,583.736,2011_nk_43a,Nush,2011
558,292.392,0.703447,0.778769,292.392,584.784,2011_nk_43a,Nush,2011
559,292.916,0.705601,0.780038,292.916,585.832,2011_nk_43a,Nush,2011
560,293.44,0.705497,0.789953,293.44,586.88,2011_nk_43a,Nush,2011
561,293.964,0.705674,0.784362,293.964,587.928,2011_nk_43a,Nush,2011
562,294.488,0.70503,0.78126,294.488,588.976,2011_nk_43a,Nush,2011
563,295.012,0.703947,0.781596,295.012,590.024,2011_nk_43a,Nush,2011
564,295.536,0.705293,0.789439,295.536,591.072,2011_nk_43a,Nush,2011
565,296.06,0.706592,0.79802,296.06,592.12,2011_nk_43a,Nush,2011
566,296.584,0.704107,0.794351,296.584,593.168,2011_nk_43a,Nush,2011
567,297.108,0.705867,0.796475,297.108,594.216,2011_nk_43a,Nush,2011
568,297.632,0.705631,0.789258,297.632,595.264,2011_nk_43a,Nush,2011
569,298.156,0.705332,0.787243,298.156,596.312,2011_nk_43a,Nush,2011
570,298.68,0.705402,0.794397,298.68,597.36,2011_nk_43a,Nush,2011
571,299.204,0.703029,0.785703,299.204,598.408,2011_nk_43a,Nush,2011
572,299.728,0.706164,0.790858,299.728,599.456,2011_nk_43a,Nush,2011
573,300.252,0.70335,0.784631,300.252,600.504,2011_nk_43a,Nush,2011
574,300.776,0.703583,0.786621,300.776,601.552,2011_nk_43a,Nush,2011
575,301.3,0.705453,0.796663,301.3,602.6,2011_nk_43a,Nush,2011
576,301.824,0.704457,0.802006,301.824,603.648,2011_nk_43a,Nush,2011
577,302.348,0.704565,0.798814,302.348,604.696,2011_nk_43a,Nush,2011
578,302.872,0.704864,0.800921,302.872,605.744,2011_nk_43a,Nush,2011
579,303.396,0.704082,0.80187,303.396,606.792,2011_nk_43a,Nush,2011
580,303.92,0.704734,0.798976,303.92,607.84,2011_nk_43a,Nush,2011
581,304.444,0.704553,0.795679,304.444,608.888,2011_nk_43a,Nush,2011
582,304.968,0.705859,0.798457,304.968,609.936,2011_nk_43a,Nush,2011
583,305.492,0.70638,0.794596,305.492,610.984,2011_nk_43a,Nush,2011
584,306.016,0.704572,0.799675,306.016,612.032,2011_nk_43a,Nush,2011
585,306.54,0.704648,0.792814,306.54,613.08,2011_nk_43a,Nush,2011
586,307.064,0.706424,0.802186,307.064,614.128,2011_nk_43a,Nush,2011
587,307.588,0.703821,0.79752,307.588,615.176,2011_nk_43a,Nush,2011
588,308.112,0.704898,0.798598,308.112,616.224,2011_nk_43a,Nush,2011
589,308.636,0.706108,0.809994,308.636,617.272,2011_nk_43a,Nush,2011
590,309.16,0.704559,0.796113,309.16,618.32,2011_nk_43a,Nush,2011
591,309.684,0.705545,0.806655,309.684,619.368,2011_nk_43a,Nush,2011
592,310.208,0.704954,0.796769,310.208,620.416,2011_nk_43a,Nush,2011
593,310.732,0.705458,0.802883,310.732,621.464,2011_nk_43a,Nush,2011
594,311.256,0.705935,0.80849,311.25600000000003,622.5120000000001,2011_nk_43a,Nush,2011
595,311.78,0.705894,0.811116,311.78000000000003,623.5600000000001,2011_nk_43a,Nush,2011
596,312.304,0.705566,0.819437,312.30400000000003,624.6080000000001,2011_nk_43a,Nush,2011
597,312.828,0.705104,0.814909,312.82800000000003,625.6560000000001,2011_nk_43a,Nush,2011
598,313.352,0.702699,0.814262,313.35200000000003,626.7040000000001,2011_nk_43a,Nush,2011
599,313.876,0.702442,0.811416,313.87600000000003,627.7520000000001,2011_nk_43a,Nush,2011
600,314.4,0.705505,0.814738,314.40000000000003,628.8000000000001,2011_nk_43a,Nush,2011
601,314.924,0.705596,0.833321,314.92400000000004,629.8480000000001,2011_nk_43a,Nush,2011
602,315.448,0.705835,0.817622,315.44800000000004,630.8960000000001,2011_nk_43a,Nush,2011
603,315.972,0.705457,0.825763,315.97200000000004,631.9440000000001,2011_nk_43a,Nush,2011
604,316.496,0.703483,0.834521,316.49600000000004,632.9920000000001,2011_nk_43a,Nush,2011
605,317.02,0.704746,0.836251,317.02000000000004,634.0400000000001,2011_nk_43a,Nush,2011
606,317.544,0.703924,0.832432,317.54400000000004,635.0880000000001,2011_nk_43a,Nush,2011
607,318.068,0.703418,0.825915,318.06800000000004,636.1360000000001,2011_nk_43a,Nush,2011
608,318.592,0.703502,0.82602,318.59200000000004,637.1840000000001,2011_nk_43a,Nush,2011
609,319.116,0.705309,0.82318499999999994,319.116,638.232,2011_nk_43a,Nush,2011
610,319.64,0.707086,0.836143,319.64,639.28,2011_nk_43a,Nush,2011
611,320.164,0.704708,0.836461,320.164,640.328,2011_nk_43a,Nush,2011
612,320.688,0.702922,0.828148,320.688,641.376,2011_nk_43a,Nush,2011
613,321.212,0.705592,0.827037,321.212,642.424,2011_nk_43a,Nush,2011
614,321.736,0.703824,0.825926,321.736,643.472,2011_nk_43a,Nush,2011
615,322.26,0.705671,0.820236,322.26,644.52,2011_nk_43a,Nush,2011
616,322.784,0.705645,0.836041,322.784,645.568,2011_nk_43a,Nush,2011
617,323.308,0.704399,0.832633,323.308,646.616,2011_nk_43a,Nush,2011
618,323.832,0.705132,0.853615,323.832,647.664,2011_nk_43a,Nush,2011
619,324.356,0.704678,0.857283,324.356,648.712,2011_nk_43a,Nush,2011
620,324.88,0.703928,0.863736,324.88,649.76,2011_nk_43a,Nush,2011
621,325.404,0.705124,0.861106,325.404,650.808,2011_nk_43a,Nush,2011
622,325.928,0.706535,0.863815,325.928,651.856,2011_nk_43a,Nush,2011
623,326.452,0.706597,0.875698,326.452,652.904,2011_nk_43a,Nush,2011
624,326.976,0.705735,0.885062,326.976,653.952,2011_nk_43a,Nush,2011
625,327.5,0.703933,0.897266,327.5,655,2011_nk_43a,Nush,2011
626,328.024,0.705209,0.902556,328.024,656.048,2011_nk_43a,Nush,2011
627,328.548,0.705144,0.898687,328.548,657.096,2011_nk_43a,Nush,2011
628,329.072,0.70478,0.902688,329.072,658.144,2011_nk_43a,Nush,2011
629,329.596,0.704779,0.897861,329.596,659.192,2011_nk_43a,Nush,2011
630,330.12,0.704247,0.900266,330.12,660.24,2011_nk_43a,Nush,2011
631,330.644,0.704592,0.906359,330.644,661.288,2011_nk_43a,Nush,2011
632,331.168,0.707363,0.902261,331.168,662.336,2011_nk_43a,Nush,2011
633,331.692,0.705009,0.89642,331.692,663.384,2011_nk_43a,Nush,2011
634,332.216,0.705112,0.89914,332.216,664.432,2011_nk_43a,Nush,2011
635,332.74,0.704948,0.900422,332.74,665.48,2011_nk_43a,Nush,2011
636,333.264,0.703901,0.902089,333.264,666.528,2011_nk_43a,Nush,2011
637,333.788,0.705657,0.89421,333.788,667.576,2011_nk_43a,Nush,2011
638,334.312,0.704445,0.90111,334.312,668.624,2011_nk_43a,Nush,2011
639,334.836,0.705916,0.89322,334.836,669.672,2011_nk_43a,Nush,2011
640,335.36,0.704495,0.893772,335.36,670.72,2011_nk_43a,Nush,2011
641,335.884,0.704318,0.889726,335.884,671.768,2011_nk_43a,Nush,2011
642,336.408,0.705099,0.892338,336.408,672.816,2011_nk_43a,Nush,2011
643,336.932,0.704766,0.898427,336.932,673.864,2011_nk_43a,Nush,2011
644,337.456,0.704904,0.897573,337.456,674.912,2011_nk_43a,Nush,2011
645,337.98,0.705844,0.892687,337.98,675.96,2011_nk_43a,Nush,2011
646,338.504,0.705568,0.893508,338.504,677.008,2011_nk_43a,Nush,2011
647,339.028,0.705114,0.899235,339.028,678.056,2011_nk_43a,Nush,2011
648,339.552,0.705392,0.897716,339.552,679.104,2011_nk_43a,Nush,2011
649,340.076,0.70511,0.898841,340.076,680.152,2011_nk_43a,Nush,2011
650,340.6,0.705184,0.91413,340.6,681.2,2011_nk_43a,Nush,2011
651,341.124,0.705946,0.920128,341.124,682.248,2011_nk_43a,Nush,2011
652,341.648,0.703872,0.907311,341.648,683.296,2011_nk_43a,Nush,2011
653,342.172,0.703269,0.894861,342.172,684.344,2011_nk_43a,Nush,2011
654,342.696,0.703814,0.896177,342.696,685.392,2011_nk_43a,Nush,2011
655,343.22,0.706265,0.907107,343.22,686.44,2011_nk_43a,Nush,2011
656,343.744,0.703306,0.904463,343.744,687.488,2011_nk_43a,Nush,2011
657,344.268,0.70565,0.912398,344.26800000000003,688.5360000000001,2011_nk_43a,Nush,2011
658,344.792,0.704504,0.901983,344.79200000000003,689.5840000000001,2011_nk_43a,Nush,2011
659,345.316,0.704263,0.889388,345.31600000000003,690.6320000000001,2011_nk_43a,Nush,2011
660,345.84,0.704608,0.875291,345.84000000000003,691.6800000000001,2011_nk_43a,Nush,2011
661,346.364,0.705218,0.859236,346.36400000000003,692.7280000000001,2011_nk_43a,Nush,2011
662,346.888,0.70427,0.854608,346.88800000000003,693.7760000000001,2011_nk_43a,Nush,2011
663,347.412,0.704996,0.857607,347.41200000000003,694.8240000000001,2011_nk_43a,Nush,2011
664,347.936,0.704147,0.858072,347.93600000000004,695.8720000000001,2011_nk_43a,Nush,2011
665,348.46,0.703995,0.866054,348.46000000000004,696.9200000000001,2011_nk_43a,Nush,2011
666,348.984,0.705077,0.880225,348.98400000000004,697.9680000000001,2011_nk_43a,Nush,2011
667,349.508,0.705226,0.888087,349.50800000000004,699.0160000000001,2011_nk_43a,Nush,2011
668,350.032,0.704945,0.88892,350.03200000000004,700.0640000000001,2011_nk_43a,Nush,2011
669,350.556,0.703415,0.893316,350.55600000000004,701.1120000000001,2011_nk_43a,Nush,2011
670,351.08,0.704951,0.897962,351.08000000000004,702.1600000000001,2011_nk_43a,Nush,2011
671,351.604,0.704675,0.911391,351.60400000000004,703.2080000000001,2011_nk_43a,Nush,2011
672,352.128,0.704118,0.906609,352.12800000000004,704.2560000000001,2011_nk_43a,Nush,2011
673,352.652,0.704652,0.918691,352.65200000000004,705.3040000000001,2011_nk_43a,Nush,2011
674,353.176,0.705229,0.918289,353.176,706.352,2011_nk_43a,Nush,2011
675,353.7,0.7042,0.915686,353.7,707.4,2011_nk_43a,Nush,2011
676,354.224,0.704397,0.915299,354.224,708.448,2011_nk_43a,Nush,2011
677,354.748,0.70483,0.901069,354.748,709.496,2011_nk_43a,Nush,2011
678,355.272,0.704725,0.888773,355.272,710.544,2011_nk_43a,Nush,2011
679,355.796,0.706316,0.890061,355.796,711.592,2011_nk_43a,Nush,2011
680,356.32,0.704268,0.88118,356.32,712.64,2011_nk_43a,Nush,2011
681,356.844,0.70508,0.869471,356.844,713.688,2011_nk_43a,Nush,2011
682,357.368,0.704438,0.861004,357.368,714.736,2011_nk_43a,Nush,2011
683,357.892,0.704985,0.871885,357.892,715.784,2011_nk_43a,Nush,2011
684,358.416,0.704666,0.858622,358.416,716.832,2011_nk_43a,Nush,2011
685,358.94,0.705872,0.858122,358.94,717.88,2011_nk_43a,Nush,2011
686,359.464,0.704504,0.855099,359.464,718.928,2011_nk_43a,Nush,2011
687,359.988,0.704598,0.850981,359.988,719.976,2011_nk_43a,Nush,2011
688,360.512,0.70622,0.856375,360.512,721.024,2011_nk_43a,Nush,2011
689,361.036,0.705557,0.85269,361.036,722.072,2011_nk_43a,Nush,2011
690,361.56,0.704008,0.834689,361.56,723.12,2011_nk_43a,Nush,2011
691,362.084,0.705555,0.842539,362.084,724.168,2011_nk_43a,Nush,2011
692,362.608,0.704828,0.850298,362.608,725.216,2011_nk_43a,Nush,2011
693,363.132,0.703843,0.849106,363.132,726.264,2011_nk_43a,Nush,2011
694,363.656,0.704231,0.836446,363.656,727.312,2011_nk_43a,Nush,2011
695,364.18,0.705277,0.837133,364.18,728.36,2011_nk_43a,Nush,2011
696,364.704,0.704436,0.849033,364.704,729.408,2011_nk_43a,Nush,2011
697,365.228,0.705652,0.842218,365.228,730.456,2011_nk_43a,Nush,2011
698,365.752,0.705726,0.822205,365.752,731.504,2011_nk_43a,Nush,2011
699,366.276,0.704617,0.832777,366.276,732.552,2011_nk_43a,Nush,2011
700,366.8,0.704378,0.825144,366.8,733.6,2011_nk_43a,Nush,2011
701,367.324,0.704332,0.831297,367.324,734.648,2011_nk_43a,Nush,2011
702,367.848,0.704274,0.821916,367.848,735.696,2011_nk_43a,Nush,2011
703,368.372,0.703853,0.827647,368.372,736.744,2011_nk_43a,Nush,2011
704,368.896,0.706601,0.822599,368.896,737.792,2011_nk_43a,Nush,2011
705,369.42,0.70427,0.832136,369.42,738.84,2011_nk_43a,Nush,2011
706,369.944,0.70592,0.826664,369.944,739.888,2011_nk_43a,Nush,2011
707,370.468,0.704877,0.832165,370.468,740.936,2011_nk_43a,Nush,2011
708,370.992,0.704744,0.832709,370.992,741.984,2011_nk_43a,Nush,2011
709,371.516,0.70439,0.833569,371.516,743.032,2011_nk_43a,Nush,2011
710,372.04,0.704172,0.824536,372.04,744.08,2011_nk_43a,Nush,2011
711,372.564,0.704727,0.820942,372.564,745.128,2011_nk_43a,Nush,2011
712,373.088,0.70462,0.823044,373.088,746.176,2011_nk_43a,Nush,2011
713,373.612,0.7039,0.817638,373.612,747.224,2011_nk_43a,Nush,2011
714,374.136,0.705139,0.816565,374.136,748.272,2011_nk_43a,Nush,2011
715,374.66,0.706536,0.82694,374.66,749.32,2011_nk_43a,Nush,2011
716,375.184,0.703942,0.817717,375.184,750.368,2011_nk_43a,Nush,2011
717,375.708,0.705301,0.821084,375.708,751.416,2011_nk_43a,Nush,2011
718,376.232,0.704334,0.826975,376.232,752.464,2011_nk_43a,Nush,2011
719,376.756,0.704885,0.817672,376.75600000000003,753.5120000000001,2011_nk_43a,Nush,2011
720,377.28,0.705168,0.814146,377.28000000000003,754.5600000000001,2011_nk_43a,Nush,2011
721,377.804,0.705777,0.815495,377.80400000000003,755.6080000000001,2011_nk_43a,Nush,2011
722,378.328,0.704018,0.819858,378.32800000000003,756.6560000000001,2011_nk_43a,Nush,2011
723,378.852,0.706649,0.819405,378.85200000000003,757.7040000000001,2011_nk_43a,Nush,2011
724,379.376,0.704743,0.826175,379.37600000000003,758.7520000000001,2011_nk_43a,Nush,2011
725,379.9,0.705927,0.835331,379.90000000000003,759.8000000000001,2011_nk_43a,Nush,2011
726,380.424,0.70533,0.838136,380.42400000000004,760.8480000000001,2011_nk_43a,Nush,2011
727,380.948,0.704565,0.8292,380.94800000000004,761.8960000000001,2011_nk_43a,Nush,2011
728,381.472,0.705246,0.839177,381.47200000000004,762.9440000000001,2011_nk_43a,Nush,2011
729,381.996,0.705198,0.847427,381.99600000000004,763.9920000000001,2011_nk_43a,Nush,2011
730,382.52,0.702241,0.847184,382.52000000000004,765.0400000000001,2011_nk_43a,Nush,2011
731,383.044,0.70552,0.851389,383.04400000000004,766.0880000000001,2011_nk_43a,Nush,2011
732,383.568,0.704177,0.859274,383.56800000000004,767.1360000000001,2011_nk_43a,Nush,2011
733,384.092,0.704986,0.868782,384.09200000000004,768.1840000000001,2011_nk_43a,Nush,2011
734,384.616,0.705073,0.871378,384.61600000000004,769.2320000000001,2011_nk_43a,Nush,2011
735,385.14,0.706515,0.889111,385.14000000000004,770.2800000000001,2011_nk_43a,Nush,2011
736,385.664,0.704345,0.88519,385.66400000000004,771.3280000000001,2011_nk_43a,Nush,2011
737,386.188,0.704175,0.892493,386.188,772.376,2011_nk_43a,Nush,2011
738,386.712,0.70511,0.892358,386.712,773.424,2011_nk_43a,Nush,2011
739,387.236,0.706003,0.887347,387.236,774.472,2011_nk_43a,Nush,2011
740,387.76,0.704062,0.890287,387.76,775.52,2011_nk_43a,Nush,2011
741,388.284,0.705599,0.903184,388.284,776.568,2011_nk_43a,Nush,2011
742,388.808,0.704316,0.905607,388.808,777.616,2011_nk_43a,Nush,2011
743,389.332,0.705046,0.911762,389.332,778.664,2011_nk_43a,Nush,2011
744,389.856,0.703713,0.915015,389.856,779.712,2011_nk_43a,Nush,2011
745,390.38,0.706274,0.925871,390.38,780.76,2011_nk_43a,Nush,2011
746,390.904,0.704637,0.929495,390.904,781.808,2011_nk_43a,Nush,2011
747,391.428,0.706488,0.931213,391.428,782.856,2011_nk_43a,Nush,2011
748,391.952,0.705503,0.941224,391.952,783.904,2011_nk_43a,Nush,2011
749,392.476,0.704012,0.937222,392.476,784.952,2011_nk_43a,Nush,2011
750,393,0.704713,0.935441,393,786,2011_nk_43a,Nush,2011
751,393.524,0.704864,0.935014,393.524,787.048,2011_nk_43a,Nush,2011
752,394.048,0.705694,0.934322,394.048,788.096,2011_nk_43a,Nush,2011
753,394.572,0.705465,0.946201,394.572,789.144,2011_nk_43a,Nush,2011
754,395.096,0.706292,0.948028,395.096,790.192,2011_nk_43a,Nush,2011
755,395.62,0.703601,0.952332,395.62,791.24,2011_nk_43a,Nush,2011
756,396.144,0.705365,0.959307,396.144,792.288,2011_nk_43a,Nush,2011
757,396.668,0.706253,0.969578,396.668,793.336,2011_nk_43a,Nush,2011
758,397.192,0.704924,0.97438,397.192,794.384,2011_nk_43a,Nush,2011
759,397.716,0.703734,0.968353,397.716,795.432,2011_nk_43a,Nush,2011
760,398.24,0.705791,0.980758,398.24,796.48,2011_nk_43a,Nush,2011
761,398.764,0.705176,0.975558,398.764,797.528,2011_nk_43a,Nush,2011
762,399.288,0.70557,0.980479,399.288,798.576,2011_nk_43a,Nush,2011
763,399.812,0.706035,0.996407,399.812,799.624,2011_nk_43a,Nush,2011
764,400.336,0.705318,0.998635,400.336,800.672,2011_nk_43a,Nush,2011
765,400.86,0.706195,1.013129,400.86,801.72,2011_nk_43a,Nush,2011
766,401.384,0.704538,1.009125,401.384,802.768,2011_nk_43a,Nush,2011
767,401.908,0.705312,1.012,401.908,803.816,2011_nk_43a,Nush,2011
768,402.432,0.705978,1.015737,402.432,804.864,2011_nk_43a,Nush,2011
769,402.956,0.706145,1.024807,402.956,805.912,2011_nk_43a,Nush,2011
770,403.48,0.705354,1.020367,403.48,806.96,2011_nk_43a,Nush,2011
771,404.004,0.704459,1.021065,404.004,808.008,2011_nk_43a,Nush,2011
772,404.528,0.70475,1.023589,404.528,809.056,2011_nk_43a,Nush,2011
773,405.052,0.705927,1.027678,405.052,810.104,2011_nk_43a,Nush,2011
774,405.576,0.705159,1.027,405.576,811.152,2011_nk_43a,Nush,2011
775,406.1,0.705143,1.030506,406.1,812.2,2011_nk_43a,Nush,2011
776,406.624,0.704946,1.029193,406.624,813.248,2011_nk_43a,Nush,2011
777,407.148,0.70556,1.035216,407.148,814.296,2011_nk_43a,Nush,2011
778,407.672,0.706564,1.035866,407.672,815.344,2011_nk_43a,Nush,2011
779,408.196,0.706289,1.03162,408.196,816.392,2011_nk_43a,Nush,2011
780,408.72,0.705534,1.033379,408.72,817.44,2011_nk_43a,Nush,2011
781,409.244,0.706221,1.022772,409.244,818.488,2011_nk_43a,Nush,2011
782,409.768,0.7059,1.032216,409.76800000000003,819.5360000000001,2011_nk_43a,Nush,2011
783,410.292,0.705171,1.039396,410.29200000000003,820.5840000000001,2011_nk_43a,Nush,2011
784,410.816,0.706369,1.042539,410.81600000000003,821.6320000000001,2011_nk_43a,Nush,2011
785,411.34,0.707359,1.047484,411.34000000000003,822.6800000000001,2011_nk_43a,Nush,2011
786,411.864,0.705241,1.048573,411.86400000000003,823.7280000000001,2011_nk_43a,Nush,2011
787,412.388,0.705807,1.04185,412.38800000000003,824.7760000000001,2011_nk_43a,Nush,2011
788,412.912,0.705874,1.046724,412.91200000000003,825.8240000000001,2011_nk_43a,Nush,2011
789,413.436,0.70637,1.043641,413.43600000000004,826.8720000000001,2011_nk_43a,Nush,2011
790,413.96,0.706398,1.043156,413.96000000000004,827.9200000000001,2011_nk_43a,Nush,2011
791,414.484,0.707497,1.052649,414.48400000000004,828.9680000000001,2011_nk_43a,Nush,2011
792,415.008,0.707368,1.047465,415.00800000000004,830.0160000000001,2011_nk_43a,Nush,2011
793,415.532,0.706977,1.045506,415.53200000000004,831.0640000000001,2011_nk_43a,Nush,2011
794,416.056,0.706065,1.042427,416.05600000000004,832.1120000000001,2011_nk_43a,Nush,2011
795,416.58,0.705372,1.041635,416.58000000000004,833.1600000000001,2011_nk_43a,Nush,2011
796,417.104,0.708584,1.03415,417.10400000000004,834.2080000000001,2011_nk_43a,Nush,2011
797,417.628,0.706957,1.028901,417.62800000000004,835.2560000000001,2011_nk_43a,Nush,2011
798,418.152,0.705216,1.037201,418.15200000000004,836.3040000000001,2011_nk_43a,Nush,2011
799,418.676,0.707014,1.046358,418.67600000000004,837.3520000000001,2011_nk_43a,Nush,2011
800,419.2,0.705924,1.046332,419.20000000000005,838.4000000000001,2011_nk_43a,Nush,2011
801,419.724,0.706791,1.027032,419.72400000000005,839.4480000000001,2011_nk_43a,Nush,2011
802,420.248,0.707205,1.030972,420.248,840.496,2011_nk_43a,Nush,2011
803,420.772,0.707948,1.030034,420.772,841.544,2011_nk_43a,Nush,2011
804,421.296,0.70733,1.04249,421.296,842.592,2011_nk_43a,Nush,2011
805,421.82,0.70678,1.041016,421.82,843.64,2011_nk_43a,Nush,2011
806,422.344,0.705828,1.035326,422.344,844.688,2011_nk_43a,Nush,2011
807,422.868,0.706514,1.034022,422.868,845.736,2011_nk_43a,Nush,2011
808,423.392,0.706995,1.034157,423.392,846.784,2011_nk_43a,Nush,2011
809,423.916,0.706582,1.039973,423.916,847.832,2011_nk_43a,Nush,2011
810,424.44,0.706097,1.046942,424.44,848.88,2011_nk_43a,Nush,2011
811,424.964,0.705278,1.033088,424.964,849.928,2011_nk_43a,Nush,2011
812,425.488,0.706906,1.029986,425.488,850.976,2011_nk_43a,Nush,2011
813,426.012,0.70778,1.028603,426.012,852.024,2011_nk_43a,Nush,2011
814,426.536,0.707308,1.037679,426.536,853.072,2011_nk_43a,Nush,2011
815,427.06,0.707224,1.030949,427.06,854.12,2011_nk_43a,Nush,2011
816,427.584,0.706761,1.053077,427.584,855.168,2011_nk_43a,Nush,2011
817,428.108,0.706213,1.059941,428.108,856.216,2011_nk_43a,Nush,2011
818,428.632,0.705578,1.07097,428.632,857.264,2011_nk_43a,Nush,2011
819,429.156,0.70737,1.082082,429.156,858.312,2011_nk_43a,Nush,2011
820,429.68,0.709237,1.076342,429.68,859.36,2011_nk_43a,Nush,2011
821,430.204,0.707539,1.060353,430.204,860.408,2011_nk_43a,Nush,2011
822,430.728,0.706888,1.061385,430.728,861.456,2011_nk_43a,Nush,2011
823,431.252,0.707015,1.063559,431.252,862.504,2011_nk_43a,Nush,2011
824,431.776,0.707165,1.059205,431.776,863.552,2011_nk_43a,Nush,2011
825,432.3,0.706692,1.057678,432.3,864.6,2011_nk_43a,Nush,2011
826,432.824,0.707442,1.058612,432.824,865.648,2011_nk_43a,Nush,2011
827,433.348,0.708004,1.067002,433.348,866.696,2011_nk_43a,Nush,2011
828,433.872,0.706243,1.093852,433.872,867.744,2011_nk_43a,Nush,2011
829,434.396,0.707646,1.117119,434.396,868.792,2011_nk_43a,Nush,2011
830,434.92,0.706767,1.096807,434.92,869.84,2011_nk_43a,Nush,2011
831,435.444,0.707158,1.115906,435.444,870.888,2011_nk_43a,Nush,2011
832,435.968,0.706515,1.104142,435.968,871.936,2011_nk_43a,Nush,2011
833,436.492,0.708491,1.126749,436.492,872.984,2011_nk_43a,Nush,2011
834,437.016,0.707631,1.127607,437.016,874.032,2011_nk_43a,Nush,2011
835,437.54,0.707707,1.13676,437.54,875.08,2011_nk_43a,Nush,2011
836,438.064,0.708353,1.1675,438.064,876.128,2011_nk_43a,Nush,2011
837,438.588,0.707589,1.184609,438.588,877.176,2011_nk_43a,Nush,2011
838,439.112,0.707654,1.186266,439.112,878.224,2011_nk_43a,Nush,2011
839,439.636,0.706031,1.195134,439.636,879.272,2011_nk_43a,Nush,2011
840,440.16,0.706492,1.201201,440.16,880.32,2011_nk_43a,Nush,2011
841,440.684,0.708276,1.203858,440.684,881.368,2011_nk_43a,Nush,2011
842,441.208,0.706257,1.207739,441.208,882.416,2011_nk_43a,Nush,2011
843,441.732,0.707041,1.226411,441.732,883.464,2011_nk_43a,Nush,2011
844,442.256,0.707822,1.22992,442.25600000000003,884.5120000000001,2011_nk_43a,Nush,2011
845,442.78,0.70718,1.240331,442.78000000000003,885.5600000000001,2011_nk_43a,Nush,2011
846,443.304,0.706967,1.231175,443.30400000000003,886.6080000000001,2011_nk_43a,Nush,2011
847,443.828,0.709123,1.245958,443.82800000000003,887.6560000000001,2011_nk_43a,Nush,2011
848,444.352,0.70774,1.270489,444.35200000000003,888.7040000000001,2011_nk_43a,Nush,2011
849,444.876,0.707607,1.293407,444.87600000000003,889.7520000000001,2011_nk_43a,Nush,2011
850,445.4,0.707787,1.298362,445.40000000000003,890.8000000000001,2011_nk_43a,Nush,2011
851,445.924,0.707133,1.27648,445.92400000000004,891.8480000000001,2011_nk_43a,Nush,2011
852,446.448,0.706984,1.276015,446.44800000000004,892.8960000000001,2011_nk_43a,Nush,2011
853,446.972,0.708305,1.289969,446.97200000000004,893.9440000000001,2011_nk_43a,Nush,2011
854,447.496,0.707034,1.287818,447.49600000000004,894.9920000000001,2011_nk_43a,Nush,2011
855,448.02,0.706928,1.308476,448.02000000000004,896.0400000000001,2011_nk_43a,Nush,2011
856,448.544,0.707195,1.302407,448.54400000000004,897.0880000000001,2011_nk_43a,Nush,2011
857,449.068,0.707451,1.307418,449.06800000000004,898.1360000000001,2011_nk_43a,Nush,2011
858,449.592,0.706591,1.300132,449.59200000000004,899.1840000000001,2011_nk_43a,Nush,2011
859,450.116,0.707648,1.307754,450.11600000000004,900.2320000000001,2011_nk_43a,Nush,2011
860,450.64,0.708513,1.306941,450.64000000000004,901.2800000000001,2011_nk_43a,Nush,2011
861,451.164,0.708081,1.322106,451.16400000000004,902.3280000000001,2011_nk_43a,Nush,2011
862,451.688,0.705373,1.335817,451.68800000000005,903.3760000000001,2011_nk_43a,Nush,2011
863,452.212,0.706317,1.333923,452.21200000000005,904.4240000000001,2011_nk_43a,Nush,2011
864,452.736,0.708047,1.338612,452.73600000000005,905.4720000000001,2011_nk_43a,Nush,2011
865,453.26,0.707201,1.351567,453.26,906.52,2011_nk_43a,Nush,2011
866,453.784,0.706884,1.334626,453.784,907.568,2011_nk_43a,Nush,2011
867,454.308,0.707702,1.352331,454.308,908.616,2011_nk_43a,Nush,2011
868,454.832,0.706649,1.356101,454.832,909.664,2011_nk_43a,Nush,2011
869,455.356,0.707373,1.365021,455.356,910.712,2011_nk_43a,Nush,2011
870,455.88,0.70814,1.392379,455.88,911.76,2011_nk_43a,Nush,2011
871,456.404,0.707887,1.373369,456.404,912.808,2011_nk_43a,Nush,2011
872,456.928,0.70826,1.380417,456.928,913.856,2011_nk_43a,Nush,2011
873,457.452,0.708314,1.399552,457.452,914.904,2011_nk_43a,Nush,2011
874,457.976,0.707071,1.396561,457.976,915.952,2011_nk_43a,Nush,2011
875,458.5,0.70763,1.407352,458.5,917,2011_nk_43a,Nush,2011
876,459.024,0.707462,1.394236,459.024,918.048,2011_nk_43a,Nush,2011
877,459.548,0.707169,1.398691,459.548,919.096,2011_nk_43a,Nush,2011
878,460.072,0.707951,1.388569,460.072,920.144,2011_nk_43a,Nush,2011
879,460.596,0.709235,1.382591,460.596,921.192,2011_nk_43a,Nush,2011
880,461.12,0.707614,1.375339,461.12,922.24,2011_nk_43a,Nush,2011
881,461.644,0.707049,1.377832,461.644,923.288,2011_nk_43a,Nush,2011
882,462.168,0.708226,1.380493,462.168,924.336,2011_nk_43a,Nush,2011
883,462.692,0.707019,1.384953,462.692,925.384,2011_nk_43a,Nush,2011
884,463.216,0.708247,1.398486,463.216,926.432,2011_nk_43a,Nush,2011
885,463.74,0.707594,1.389827,463.74,927.48,2011_nk_43a,Nush,2011
886,464.264,0.706511,1.38436,464.264,928.528,2011_nk_43a,Nush,2011
887,464.788,0.708017,1.407716,464.788,929.576,2011_nk_43a,Nush,2011
888,465.312,0.708256,1.382417,465.312,930.624,2011_nk_43a,Nush,2011
889,465.836,0.707498,1.359573,465.836,931.672,2011_nk_43a,Nush,2011
890,466.36,0.706789,1.344296,466.36,932.72,2011_nk_43a,Nush,2011
891,466.884,0.707376,1.352204,466.884,933.768,2011_nk_43a,Nush,2011
892,467.408,0.707364,1.340619,467.408,934.816,2011_nk_43a,Nush,2011
893,467.932,0.706801,1.330405,467.932,935.864,2011_nk_43a,Nush,2011
894,468.456,0.707707,1.322887,468.456,936.912,2011_nk_43a,Nush,2011
895,468.98,0.707865,1.325436,468.98,937.96,2011_nk_43a,Nush,2011
896,469.504,0.708191,1.322938,469.504,939.008,2011_nk_43a,Nush,2011
897,470.028,0.706757,1.327064,470.028,940.056,2011_nk_43a,Nush,2011
898,470.552,0.707419,1.329446,470.552,941.104,2011_nk_43a,Nush,2011
899,471.076,0.707436,1.337915,471.076,942.152,2011_nk_43a,Nush,2011
900,471.6,0.708077,1.314021,471.6,943.2,2011_nk_43a,Nush,2011
901,472.124,0.706304,1.302506,472.124,944.248,2011_nk_43a,Nush,2011
902,472.648,0.707886,1.303007,472.648,945.296,2011_nk_43a,Nush,2011
903,473.172,0.707585,1.318172,473.172,946.344,2011_nk_43a,Nush,2011
904,473.696,0.706796,1.325674,473.696,947.392,2011_nk_43a,Nush,2011
905,474.22,0.70786,1.324658,474.22,948.44,2011_nk_43a,Nush,2011
906,474.744,0.707438,1.312105,474.744,949.488,2011_nk_43a,Nush,2011
907,475.268,0.709012,1.312571,475.26800000000003,950.5360000000001,2011_nk_43a,Nush,2011
908,475.792,0.708634,1.320496,475.79200000000003,951.5840000000001,2011_nk_43a,Nush,2011
909,476.316,0.708249,1.324578,476.31600000000003,952.6320000000001,2011_nk_43a,Nush,2011
910,476.84,0.707595,1.354156,476.84000000000003,953.6800000000001,2011_nk_43a,Nush,2011
911,477.364,0.708496,1.361714,477.36400000000003,954.7280000000001,2011_nk_43a,Nush,2011
912,477.888,0.707417,1.375102,477.88800000000003,955.7760000000001,2011_nk_43a,Nush,2011
913,478.412,0.707849,1.384781,478.41200000000003,956.8240000000001,2011_nk_43a,Nush,2011
914,478.936,0.707981,1.375871,478.93600000000004,957.8720000000001,2011_nk_43a,Nush,2011
915,479.46,0.708225,1.353511,479.46000000000004,958.9200000000001,2011_nk_43a,Nush,2011
916,479.984,0.707986,1.378223,479.98400000000004,959.9680000000001,2011_nk_43a,Nush,2011
917,480.508,0.707748,1.360888,480.50800000000004,961.0160000000001,2011_nk_43a,Nush,2011
918,481.032,0.707834,1.346327,481.03200000000004,962.0640000000001,2011_nk_43a,Nush,2011
919,481.556,0.707629,1.351004,481.55600000000004,963.1120000000001,2011_nk_43a,Nush,2011
920,482.08,0.708369,1.372471,482.08000000000004,964.1600000000001,2011_nk_43a,Nush,2011
921,482.604,0.707202,1.368386,482.60400000000004,965.2080000000001,2011_nk_43a,Nush,2011
922,483.128,0.708224,1.358556,483.12800000000004,966.2560000000001,2011_nk_43a,Nush,2011
923,483.652,0.708615,1.37239,483.65200000000004,967.3040000000001,2011_nk_43a,Nush,2011
924,484.176,0.708484,1.35731,484.17600000000004,968.3520000000001,2011_nk_43a,Nush,2011
925,484.7,0.70878,1.369806,484.70000000000005,969.4000000000001,2011_nk_43a,Nush,2011
926,485.224,0.708778,1.373596,485.22400000000005,970.4480000000001,2011_nk_43a,Nush,2011
927,485.748,0.708891,1.381133,485.74800000000005,971.4960000000001,2011_nk_43a,Nush,2011
928,486.272,0.708283,1.375557,486.27200000000005,972.5440000000001,2011_nk_43a,Nush,2011
929,486.796,0.708393,1.366854,486.79600000000005,973.5920000000001,2011_nk_43a,Nush,2011
930,487.32,0.707685,1.372627,487.32,974.64,2011_nk_43a,Nush,2011
931,487.844,0.707712,1.371376,487.844,975.688,2011_nk_43a,Nush,2011
932,488.368,0.707625,1.358705,488.368,976.736,2011_nk_43a,Nush,2011
933,488.892,0.707711,1.387181,488.892,977.784,2011_nk_43a,Nush,2011
934,489.416,0.707595,1.378153,489.416,978.832,2011_nk_43a,Nush,2011
935,489.94,0.709211,1.379918,489.94,979.88,2011_nk_43a,Nush,2011
936,490.464,0.706783,1.390939,490.464,980.928,2011_nk_43a,Nush,2011
937,490.988,0.707928,1.395177,490.988,981.976,2011_nk_43a,Nush,2011
938,491.512,0.707533,1.403153,491.512,983.024,2011_nk_43a,Nush,2011
939,492.036,0.708076,1.389199,492.036,984.072,2011_nk_43a,Nush,2011
940,492.56,0.706687,1.394458,492.56,985.12,2011_nk_43a,Nush,2011
941,493.084,0.708407,1.381272,493.084,986.168,2011_nk_43a,Nush,2011
942,493.608,0.708322,1.39553,493.608,987.216,2011_nk_43a,Nush,2011
943,494.132,0.707966,1.384996,494.132,988.264,2011_nk_43a,Nush,2011
944,494.656,0.708011,1.38597,494.656,989.312,2011_nk_43a,Nush,2011
945,495.18,0.707995,1.381798,495.18,990.36,2011_nk_43a,Nush,2011
946,495.704,0.708753,1.374388,495.704,991.408,2011_nk_43a,Nush,2011
947,496.228,0.708345,1.382184,496.228,992.456,2011_nk_43a,Nush,2011
948,496.752,0.707577,1.36715,496.752,993.504,2011_nk_43a,Nush,2011
949,497.276,0.706836,1.373266,497.276,994.552,2011_nk_43a,Nush,2011
950,497.8,0.708652,1.367978,497.8,995.6,2011_nk_43a,Nush,2011
951,498.324,0.707755,1.37757,498.324,996.648,2011_nk_43a,Nush,2011
952,498.848,0.706819,1.38264,498.848,997.696,2011_nk_43a,Nush,2011
953,499.372,0.708206,1.370147,499.372,998.744,2011_nk_43a,Nush,2011
954,499.896,0.708452,1.371175,499.896,999.792,2011_nk_43a,Nush,2011
955,500.42,0.706968,1.375349,500.42,1000.84,2011_nk_43a,Nush,2011
956,500.944,0.708118,1.368704,500.944,1001.888,2011_nk_43a,Nush,2011
957,501.468,0.707721,1.374682,501.468,1002.936,2011_nk_43a,Nush,2011
958,501.992,0.707655,1.373714,501.992,1003.984,2011_nk_43a,Nush,2011
959,502.516,0.707491,1.375576,502.516,1005.032,2011_nk_43a,Nush,2011
960,503.04,0.707731,1.377654,503.04,1006.08,2011_nk_43a,Nush,2011
961,503.564,0.706465,1.412143,503.564,1007.128,2011_nk_43a,Nush,2011
962,504.088,0.708617,1.382581,504.088,1008.176,2011_nk_43a,Nush,2011
963,504.612,0.708224,1.369413,504.612,1009.224,2011_nk_43a,Nush,2011
964,505.136,0.708022,1.389853,505.136,1010.272,2011_nk_43a,Nush,2011
965,505.66,0.706944,1.387094,505.66,1011.32,2011_nk_43a,Nush,2011
966,506.184,0.707103,1.370133,506.184,1012.368,2011_nk_43a,Nush,2011
967,506.708,0.708495,1.358681,506.708,1013.416,2011_nk_43a,Nush,2011
968,507.232,0.708253,1.379757,507.232,1014.464,2011_nk_43a,Nush,2011
969,507.756,0.708516,1.38135,507.75600000000003,1015.5120000000001,2011_nk_43a,Nush,2011
970,508.28,0.708196,1.3736,508.28000000000003,1016.5600000000001,2011_nk_43a,Nush,2011
971,508.804,0.706662,1.362675,508.80400000000003,1017.6080000000001,2011_nk_43a,Nush,2011
972,509.328,0.70798,1.386881,509.32800000000003,1018.6560000000001,2011_nk_43a,Nush,2011
973,509.852,0.70787,1.391425,509.85200000000003,1019.7040000000001,2011_nk_43a,Nush,2011
974,510.376,0.707709,1.368194,510.37600000000003,1020.7520000000001,2011_nk_43a,Nush,2011
975,510.9,0.708133,1.350074,510.90000000000003,1021.8000000000001,2011_nk_43a,Nush,2011
976,511.424,0.707084,1.362645,511.42400000000004,1022.8480000000001,2011_nk_43a,Nush,2011
977,511.948,0.70819,1.382698,511.94800000000004,1023.8960000000001,2011_nk_43a,Nush,2011
978,512.472,0.707498,1.36361,512.472,1024.944,2011_nk_43a,Nush,2011
979,512.996,0.70785,1.368094,512.996,1025.992,2011_nk_43a,Nush,2011
980,513.52,0.707882,1.354849,513.52,1027.04,2011_nk_43a,Nush,2011
981,514.044,0.707132,1.356082,514.044,1028.088,2011_nk_43a,Nush,2011
982,514.568,0.708025,1.341366,514.568,1029.136,2011_nk_43a,Nush,2011
983,515.092,0.707531,1.347573,515.092,1030.184,2011_nk_43a,Nush,2011
984,515.616,0.70743,1.342178,515.616,1031.232,2011_nk_43a,Nush,2011
985,516.14,0.708381,1.360778,516.14,1032.28,2011_nk_43a,Nush,2011
986,516.664,0.70751,1.358103,516.664,1033.328,2011_nk_43a,Nush,2011
987,517.188,0.708377,1.359554,517.188,1034.376,2011_nk_43a,Nush,2011
988,517.712,0.708411,1.361728,517.712,1035.424,2011_nk_43a,Nush,2011
989,518.236,0.706494,1.343824,518.236,1036.472,2011_nk_43a,Nush,2011
990,518.76,0.708368,1.349144,518.76,1037.52,2011_nk_43a,Nush,2011
991,519.284,0.707443,1.346165,519.284,1038.568,2011_nk_43a,Nush,2011
992,519.808,0.70827,1.329058,519.808,1039.616,2011_nk_43a,Nush,2011
993,520.332,0.708284,1.330811,520.332,1040.664,2011_nk_43a,Nush,2011
994,520.856,0.707429,1.324754,520.856,1041.712,2011_nk_43a,Nush,2011
995,521.38,0.707634,1.32102,521.38,1042.76,2011_nk_43a,Nush,2011
996,521.904,0.706939,1.300565,521.904,1043.808,2011_nk_43a,Nush,2011
997,522.428,0.707824,1.324122,522.428,1044.856,2011_nk_43a,Nush,2011
998,522.952,0.70807,1.308839,522.952,1045.904,2011_nk_43a,Nush,2011
999,523.476,0.707281,1.310151,523.476,1046.952,2011_nk_43a,Nush,2011
1000,524,0.708343,1.300347,524,1048,2011_nk_43a,Nush,2011
1001,524.524,0.708781,1.294725,524.524,1049.048,2011_nk_43a,Nush,2011
1002,525.048,0.707432,1.296594,525.048,1050.096,2011_nk_43a,Nush,2011
1003,525.572,0.708324,1.28248,525.572,1051.144,2011_nk_43a,Nush,2011
1004,526.096,0.708005,1.281667,526.096,1052.192,2011_nk_43a,Nush,2011
1005,526.62,0.708516,1.287947,526.62,1053.24,2011_nk_43a,Nush,2011
1006,527.144,0.707403,1.278458,527.144,1054.288,2011_nk_43a,Nush,2011
1007,527.668,0.707509,1.272869,527.668,1055.336,2011_nk_43a,Nush,2011
1008,528.192,0.707065,1.273737,528.192,1056.384,2011_nk_43a,Nush,2011
1009,528.716,0.708951,1.27084,528.716,1057.432,2011_nk_43a,Nush,2011
1010,529.24,0.708567,1.269998,529.24,1058.48,2011_nk_43a,Nush,2011
1011,529.764,0.707313,1.271423,529.764,1059.528,2011_nk_43a,Nush,2011
1012,530.288,0.706992,1.253969,530.288,1060.576,2011_nk_43a,Nush,2011
1013,530.812,0.706831,1.257239,530.812,1061.624,2011_nk_43a,Nush,2011
1014,531.336,0.70846,1.263382,531.336,1062.672,2011_nk_43a,Nush,2011
1015,531.86,0.708218,1.256812,531.86,1063.72,2011_nk_43a,Nush,2011
1016,532.384,0.706893,1.255306,532.384,1064.768,2011_nk_43a,Nush,2011
1017,532.908,0.708131,1.25822,532.908,1065.816,2011_nk_43a,Nush,2011
1018,533.432,0.708021,1.252475,533.432,1066.864,2011_nk_43a,Nush,2011
1019,533.956,0.70711,1.243678,533.956,1067.912,2011_nk_43a,Nush,2011
1020,534.48,0.708051,1.228451,534.48,1068.96,2011_nk_43a,Nush,2011
1021,535.004,0.707407,1.208936,535.004,1070.008,2011_nk_43a,Nush,2011
1022,535.528,0.707004,1.205464,535.528,1071.056,2011_nk_43a,Nush,2011
1023,536.052,0.706132,1.213675,536.052,1072.104,2011_nk_43a,Nush,2011
1024,536.576,0.706967,1.219051,536.576,1073.152,2011_nk_43a,Nush,2011
1025,537.1,0.70818,1.21635,537.1,1074.2,2011_nk_43a,Nush,2011
1026,537.624,0.706941,1.214212,537.624,1075.248,2011_nk_43a,Nush,2011
1027,538.148,0.7069,1.209498,538.148,1076.296,2011_nk_43a,Nush,2011
1028,538.672,0.706579,1.216157,538.672,1077.344,2011_nk_43a,Nush,2011
1029,539.196,0.707204,1.217579,539.196,1078.392,2011_nk_43a,Nush,2011
1030,539.72,0.706486,1.223819,539.72,1079.44,2011_nk_43a,Nush,2011
1031,540.244,0.707008,1.221426,540.244,1080.488,2011_nk_43a,Nush,2011
1032,540.768,0.707051,1.222328,540.768,1081.536,2011_nk_43a,Nush,2011
1033,541.292,0.708352,1.22066,541.292,1082.584,2011_nk_43a,Nush,2011
1034,541.816,0.707342,1.20442,541.816,1083.632,2011_nk_43a,Nush,2011
1035,542.34,0.70757,1.20624,542.34,1084.68,2011_nk_43a,Nush,2011
1036,542.864,0.70728,1.20628,542.864,1085.728,2011_nk_43a,Nush,2011
1037,543.388,0.707313,1.208281,543.388,1086.776,2011_nk_43a,Nush,2011
1038,543.912,0.70677,1.208681,543.912,1087.824,2011_nk_43a,Nush,2011
1039,544.436,0.707389,1.188372,544.436,1088.872,2011_nk_43a,Nush,2011
1040,544.96,0.706036,1.189592,544.96,1089.92,2011_nk_43a,Nush,2011
1041,545.484,0.70711,1.191478,545.484,1090.968,2011_nk_43a,Nush,2011
1042,546.008,0.7065,1.178826,546.008,1092.016,2011_nk_43a,Nush,2011
1043,546.532,0.706643,1.174275,546.532,1093.064,2011_nk_43a,Nush,2011
1044,547.056,0.706992,1.186564,547.056,1094.112,2011_nk_43a,Nush,2011
1045,547.58,0.707238,1.18022,547.58,1095.16,2011_nk_43a,Nush,2011
1046,548.104,0.707669,1.179969,548.104,1096.208,2011_nk_43a,Nush,2011
1047,548.628,0.706299,1.174772,548.628,1097.256,2011_nk_43a,Nush,2011
1048,549.152,0.707213,1.172535,549.152,1098.304,2011_nk_43a,Nush,2011
1049,549.676,0.707137,1.166775,549.676,1099.352,2011_nk_43a,Nush,2011
1050,550.2,0.708419,1.165041,550.2,1100.4,2011_nk_43a,Nush,2011
1051,550.724,0.705205,1.172384,550.724,1101.448,2011_nk_43a,Nush,2011
1052,551.248,0.707137,1.166794,551.248,1102.496,2011_nk_43a,Nush,2011
1053,551.772,0.706521,1.173569,551.772,1103.544,2011_nk_43a,Nush,2011
1054,552.296,0.706907,1.146429,552.296,1104.592,2011_nk_43a,Nush,2011
1055,552.82,0.708484,1.133836,552.82,1105.64,2011_nk_43a,Nush,2011
1056,553.344,0.708565,1.130883,553.344,1106.688,2011_nk_43a,Nush,2011
1057,553.868,0.706696,1.120883,553.868,1107.736,2011_nk_43a,Nush,2011
1058,554.392,0.707702,1.116691,554.392,1108.784,2011_nk_43a,Nush,2011
1059,554.916,0.708032,1.120904,554.916,1109.832,2011_nk_43a,Nush,2011
1060,555.44,0.705812,1.13547,555.44,1110.88,2011_nk_43a,Nush,2011
1061,555.964,0.708391,1.134998,555.964,1111.928,2011_nk_43a,Nush,2011
1062,556.488,0.707383,1.125442,556.488,1112.976,2011_nk_43a,Nush,2011
1063,557.012,0.707314,1.137983,557.0120000000001,1114.0240000000001,2011_nk_43a,Nush,2011
1064,557.536,0.70775,1.131546,557.5360000000001,1115.0720000000001,2011_nk_43a,Nush,2011
1065,558.06,0.707605,1.146447,558.0600000000001,1116.1200000000001,2011_nk_43a,Nush,2011
1066,558.584,0.707952,1.138334,558.5840000000001,1117.1680000000001,2011_nk_43a,Nush,2011
1067,559.108,0.707788,1.149347,559.1080000000001,1118.2160000000001,2011_nk_43a,Nush,2011
1068,559.632,0.70813,1.150775,559.6320000000001,1119.2640000000001,2011_nk_43a,Nush,2011
1069,560.156,0.706235,1.13904,560.1560000000001,1120.3120000000001,2011_nk_43a,Nush,2011
1070,560.68,0.706939,1.16546,560.6800000000001,1121.3600000000001,2011_nk_43a,Nush,2011
1071,561.204,0.707624,1.178359,561.2040000000001,1122.4080000000001,2011_nk_43a,Nush,2011
1072,561.728,0.70689,1.139961,561.7280000000001,1123.4560000000001,2011_nk_43a,Nush,2011
1073,562.252,0.708272,1.136242,562.2520000000001,1124.5040000000001,2011_nk_43a,Nush,2011
1074,562.776,0.706877,1.130294,562.7760000000001,1125.5520000000001,2011_nk_43a,Nush,2011
1075,563.3,0.707825,1.139543,563.3000000000001,1126.6000000000001,2011_nk_43a,Nush,2011
1076,563.824,0.706596,1.132032,563.8240000000001,1127.6480000000001,2011_nk_43a,Nush,2011
1077,564.348,0.706533,1.121768,564.3480000000001,1128.6960000000001,2011_nk_43a,Nush,2011
1078,564.872,0.707577,1.146932,564.8720000000001,1129.7440000000001,2011_nk_43a,Nush,2011
1079,565.396,0.707347,1.132229,565.3960000000001,1130.7920000000001,2011_nk_43a,Nush,2011
1080,565.92,0.707878,1.127783,565.9200000000001,1131.8400000000001,2011_nk_43a,Nush,2011
1081,566.444,0.707446,1.134007,566.4440000000001,1132.8880000000001,2011_nk_43a,Nush,2011
1082,566.968,0.708588,1.141067,566.9680000000001,1133.9360000000001,2011_nk_43a,Nush,2011
1083,567.492,0.706668,1.15259,567.4920000000001,1134.9840000000002,2011_nk_43a,Nush,2011
1084,568.016,0.707839,1.125086,568.0160000000001,1136.0320000000002,2011_nk_43a,Nush,2011
1085,568.54,0.706554,1.142471,568.5400000000001,1137.0800000000002,2011_nk_43a,Nush,2011
1086,569.064,0.706899,1.11594,569.0640000000001,1138.1280000000002,2011_nk_43a,Nush,2011
1087,569.588,0.707154,1.12685,569.5880000000001,1139.1760000000002,2011_nk_43a,Nush,2011
1088,570.112,0.706864,1.150757,570.1120000000001,1140.2240000000002,2011_nk_43a,Nush,2011
1089,570.636,0.707196,1.139983,570.6360000000001,1141.2720000000002,2011_nk_43a,Nush,2011
1090,571.16,0.705863,1.109036,571.16,1142.32,2011_nk_43a,Nush,2011
1091,571.684,0.706945,1.118483,571.684,1143.368,2011_nk_43a,Nush,2011
1092,572.208,0.707825,1.121259,572.208,1144.416,2011_nk_43a,Nush,2011
1093,572.732,0.705361,1.105734,572.732,1145.464,2011_nk_43a,Nush,2011
1094,573.256,0.707651,1.109006,573.256,1146.512,2011_nk_43a,Nush,2011
1095,573.78,0.707062,1.127126,573.78,1147.56,2011_nk_43a,Nush,2011
1096,574.304,0.706253,1.123495,574.304,1148.608,2011_nk_43a,Nush,2011
1097,574.828,0.706633,1.127274,574.828,1149.656,2011_nk_43a,Nush,2011
1098,575.352,0.706279,1.125029,575.352,1150.704,2011_nk_43a,Nush,2011
1099,575.876,0.706802,1.126404,575.876,1151.752,2011_nk_43a,Nush,2011
1100,576.4,0.707247,1.110114,576.4,1152.8,2011_nk_43a,Nush,2011
1101,576.924,0.707874,1.10195,576.924,1153.848,2011_nk_43a,Nush,2011
1102,577.448,0.70686,1.100749,577.448,1154.896,2011_nk_43a,Nush,2011
1103,577.972,0.706968,1.107095,577.972,1155.944,2011_nk_43a,Nush,2011
1104,578.496,0.706393,1.111436,578.496,1156.992,2011_nk_43a,Nush,2011
1105,579.02,0.706677,1.127009,579.02,1158.04,2011_nk_43a,Nush,2011
1106,579.544,0.705915,1.112949,579.544,1159.088,2011_nk_43a,Nush,2011
1107,580.068,0.706258,1.121768,580.068,1160.136,2011_nk_43a,Nush,2011
1108,580.592,0.706176,1.111997,580.592,1161.184,2011_nk_43a,Nush,2011
1109,581.116,0.706647,1.109739,581.116,1162.232,2011_nk_43a,Nush,2011
1110,581.64,0.706488,1.0788,581.64,1163.28,2011_nk_43a,Nush,2011
1111,582.164,0.707322,1.086138,582.164,1164.328,2011_nk_43a,Nush,2011
1112,582.688,0.706174,1.084421,582.688,1165.376,2011_nk_43a,Nush,2011
1113,583.212,0.706444,1.090968,583.212,1166.424,2011_nk_43a,Nush,2011
1114,583.736,0.705877,1.090701,583.736,1167.472,2011_nk_43a,Nush,2011
1115,584.26,0.70626,1.082165,584.26,1168.52,2011_nk_43a,Nush,2011
1116,584.784,0.706569,1.098476,584.784,1169.568,2011_nk_43a,Nush,2011
1117,585.308,0.706854,1.089412,585.308,1170.616,2011_nk_43a,Nush,2011
1118,585.832,0.705579,1.061095,585.832,1171.664,2011_nk_43a,Nush,2011
1119,586.356,0.706728,1.057711,586.356,1172.712,2011_nk_43a,Nush,2011
1120,586.88,0.706903,1.06037,586.88,1173.76,2011_nk_43a,Nush,2011
1121,587.404,0.705787,1.0605,587.404,1174.808,2011_nk_43a,Nush,2011
1122,587.928,0.706581,1.043303,587.928,1175.856,2011_nk_43a,Nush,2011
1123,588.452,0.704857,1.065432,588.452,1176.904,2011_nk_43a,Nush,2011
1124,588.976,0.705625,1.074482,588.976,1177.952,2011_nk_43a,Nush,2011
1125,589.5,0.705106,1.061158,589.5,1179,2011_nk_43a,Nush,2011
1126,590.024,0.707553,1.077439,590.024,1180.048,2011_nk_43a,Nush,2011
1127,590.548,0.705612,1.086394,590.548,1181.096,2011_nk_43a,Nush,2011
1128,591.072,0.705445,1.074568,591.072,1182.144,2011_nk_43a,Nush,2011
1129,591.596,0.705388,1.059915,591.596,1183.192,2011_nk_43a,Nush,2011
1130,592.12,0.704455,1.043051,592.12,1184.24,2011_nk_43a,Nush,2011
1131,592.644,0.705324,1.047218,592.644,1185.288,2011_nk_43a,Nush,2011
1132,593.168,0.703706,1.04478,593.168,1186.336,2011_nk_43a,Nush,2011
1133,593.692,0.705649,1.037777,593.692,1187.384,2011_nk_43a,Nush,2011
1134,594.216,0.70517,1.023076,594.216,1188.432,2011_nk_43a,Nush,2011
1135,594.74,0.706429,1.016638,594.74,1189.48,2011_nk_43a,Nush,2011
1136,595.264,0.705026,1.018388,595.264,1190.528,2011_nk_43a,Nush,2011
1137,595.788,0.70506,1.012303,595.788,1191.576,2011_nk_43a,Nush,2011
1138,596.312,0.704836,1.008149,596.312,1192.624,2011_nk_43a,Nush,2011
1139,596.836,0.705071,0.987078,596.836,1193.672,2011_nk_43a,Nush,2011
1140,597.36,0.706456,0.983834,597.36,1194.72,2011_nk_43a,Nush,2011
1141,597.884,0.706213,0.968613,597.884,1195.768,2011_nk_43a,Nush,2011
1142,598.408,0.705744,0.969545,598.408,1196.816,2011_nk_43a,Nush,2011
1143,598.932,0.705128,0.97228,598.932,1197.864,2011_nk_43a,Nush,2011
1144,599.456,0.705041,0.968911,599.456,1198.912,2011_nk_43a,Nush,2011
1145,599.98,0.70592,0.950656,599.98,1199.96,2011_nk_43a,Nush,2011
1146,600.504,0.704162,0.95504,600.504,1201.008,2011_nk_43a,Nush,2011
1147,601.028,0.705308,0.951878,601.028,1202.056,2011_nk_43a,Nush,2011
1148,601.552,0.706164,0.963579,601.552,1203.104,2011_nk_43a,Nush,2011
1149,602.076,0.704655,0.954743,602.076,1204.152,2011_nk_43a,Nush,2011
1150,602.6,0.705503,0.954451,602.6,1205.2,2011_nk_43a,Nush,2011
1151,603.124,0.704876,0.954446,603.124,1206.248,2011_nk_43a,Nush,2011
1152,603.648,0.705324,0.959878,603.648,1207.296,2011_nk_43a,Nush,2011
1153,604.172,0.704641,0.959353,604.172,1208.344,2011_nk_43a,Nush,2011
1154,604.696,0.705487,0.957612,604.696,1209.392,2011_nk_43a,Nush,2011
1155,605.22,0.706246,0.955807,605.22,1210.44,2011_nk_43a,Nush,2011
1156,605.744,0.705657,0.939044,605.744,1211.488,2011_nk_43a,Nush,2011
1157,606.268,0.704453,0.934159,606.268,1212.536,2011_nk_43a,Nush,2011
1158,606.792,0.703768,0.943161,606.792,1213.584,2011_nk_43a,Nush,2011
1159,607.316,0.703824,0.942994,607.316,1214.632,2011_nk_43a,Nush,2011
1160,607.84,0.705576,0.936623,607.84,1215.68,2011_nk_43a,Nush,2011
1161,608.364,0.70539,0.929697,608.364,1216.728,2011_nk_43a,Nush,2011
1162,608.888,0.702948,0.926445,608.888,1217.776,2011_nk_43a,Nush,2011
1163,609.412,0.705004,0.92828,609.412,1218.824,2011_nk_43a,Nush,2011
1164,609.936,0.705421,0.929508,609.936,1219.872,2011_nk_43a,Nush,2011
1165,610.46,0.706134,0.933868,610.46,1220.92,2011_nk_43a,Nush,2011
1166,610.984,0.703508,0.923094,610.984,1221.968,2011_nk_43a,Nush,2011
1167,611.508,0.704548,0.917293,611.508,1223.016,2011_nk_43a,Nush,2011
1168,612.032,0.703394,0.914875,612.032,1224.064,2011_nk_43a,Nush,2011
1169,612.556,0.705052,0.90979,612.556,1225.112,2011_nk_43a,Nush,2011
1170,613.08,0.704306,0.90967,613.08,1226.16,2011_nk_43a,Nush,2011
1171,613.604,0.705896,0.922636,613.604,1227.208,2011_nk_43a,Nush,2011
1172,614.128,0.705315,0.920285,614.128,1228.256,2011_nk_43a,Nush,2011
1173,614.652,0.705843,0.919025,614.652,1229.304,2011_nk_43a,Nush,2011
1174,615.176,0.705629,0.917602,615.176,1230.352,2011_nk_43a,Nush,2011
1175,615.7,0.70526199999999994,0.9192,615.7,1231.4,2011_nk_43a,Nush,2011
1176,616.224,0.704186,0.925486,616.224,1232.448,2011_nk_43a,Nush,2011
1177,616.748,0.705742,0.931576,616.748,1233.496,2011_nk_43a,Nush,2011
1178,617.272,0.702922,0.935865,617.272,1234.544,2011_nk_43a,Nush,2011
1179,617.796,0.703505,0.941494,617.796,1235.592,2011_nk_43a,Nush,2011
1180,618.32,0.703308,0.933352,618.32,1236.64,2011_nk_43a,Nush,2011
1181,618.844,0.706146,0.939886,618.844,1237.688,2011_nk_43a,Nush,2011
1182,619.368,0.703885,0.927247,619.368,1238.736,2011_nk_43a,Nush,2011
1183,619.892,0.704407,0.932998,619.892,1239.784,2011_nk_43a,Nush,2011
1184,620.416,0.705854,0.93287,620.416,1240.832,2011_nk_43a,Nush,2011
1185,620.94,0.704763,0.927437,620.94,1241.88,2011_nk_43a,Nush,2011
1186,621.464,0.7033,0.946451,621.464,1242.928,2011_nk_43a,Nush,2011
1187,621.988,0.705152,0.95396,621.988,1243.976,2011_nk_43a,Nush,2011
1188,622.512,0.70436,0.94863,622.5120000000001,1245.0240000000001,2011_nk_43a,Nush,2011
1189,623.036,0.704413,0.963216,623.0360000000001,1246.0720000000001,2011_nk_43a,Nush,2011
1190,623.56,0.703162,0.97095,623.5600000000001,1247.1200000000001,2011_nk_43a,Nush,2011
1191,624.084,0.705426,0.964614,624.0840000000001,1248.1680000000001,2011_nk_43a,Nush,2011
1192,624.608,0.704442,0.966638,624.6080000000001,1249.2160000000001,2011_nk_43a,Nush,2011
1193,625.132,0.7046,0.955772,625.1320000000001,1250.2640000000001,2011_nk_43a,Nush,2011
1194,625.656,0.705288,0.952429,625.6560000000001,1251.3120000000001,2011_nk_43a,Nush,2011
1195,626.18,0.705065,0.948912,626.1800000000001,1252.3600000000001,2011_nk_43a,Nush,2011
1196,626.704,0.704176,0.959004,626.7040000000001,1253.4080000000001,2011_nk_43a,Nush,2011
1197,627.228,0.705826,0.942434,627.2280000000001,1254.4560000000001,2011_nk_43a,Nush,2011
1198,627.752,0.704266,0.947099,627.7520000000001,1255.5040000000001,2011_nk_43a,Nush,2011
1199,628.276,0.705421,0.941939,628.2760000000001,1256.5520000000001,2011_nk_43a,Nush,2011
1200,628.8,0.70565,0.937404,628.8000000000001,1257.6000000000001,2011_nk_43a,Nush,2011
1201,629.324,0.704681,0.942273,629.3240000000001,1258.6480000000001,2011_nk_43a,Nush,2011
1202,629.848,0.705516,0.935735,629.8480000000001,1259.6960000000001,2011_nk_43a,Nush,2011
1203,630.372,0.704744,0.938839,630.3720000000001,1260.7440000000001,2011_nk_43a,Nush,2011
1204,630.896,0.70435,0.952528,630.8960000000001,1261.7920000000001,2011_nk_43a,Nush,2011
1205,631.42,0.704012,0.937825,631.4200000000001,1262.8400000000001,2011_nk_43a,Nush,2011
1206,631.944,0.705486,0.933319,631.9440000000001,1263.8880000000001,2011_nk_43a,Nush,2011
1207,632.468,0.705308,0.935349,632.4680000000001,1264.9360000000001,2011_nk_43a,Nush,2011
1208,632.992,0.705061,0.935856,632.9920000000001,1265.9840000000002,2011_nk_43a,Nush,2011
1209,633.516,0.705273,0.94439,633.5160000000001,1267.0320000000002,2011_nk_43a,Nush,2011
1210,634.04,0.704884,0.933232,634.0400000000001,1268.0800000000002,2011_nk_43a,Nush,2011
1211,634.564,0.704701,0.937262,634.5640000000001,1269.1280000000002,2011_nk_43a,Nush,2011
