"Cycle","Time","Iso","Sr88","Fish_id","Watershed","Year","Microns","Iso_MA","natal_iso","marine_start_index","natal_start_index","natal_end_index"
618,323.832,0.707832422826742,1.79139635265464,"2015_yk_573","Yukon",2015,647.664,NA,0.707713197623254,408,646.711284078966,797.168153297834
619,324.356,0.70817094189299,1.86455822788879,"2015_yk_573","Yukon",2015,648.712,NA,0.707713197623254,408,646.711284078966,797.168153297834
620,324.88,0.707426054603508,1.87107285526327,"2015_yk_573","Yukon",2015,649.76,NA,0.707713197623254,408,646.711284078966,797.168153297834
621,325.404,0.707409115297013,1.82662924903047,"2015_yk_573","Yukon",2015,650.808,NA,0.707713197623254,408,646.711284078966,797.168153297834
622,325.928,0.708042859602273,1.82897716114423,"2015_yk_573","Yukon",2015,651.856,NA,0.707713197623254,408,646.711284078966,797.168153297834
623,326.452,0.708028641061213,1.88879408568178,"2015_yk_573","Yukon",2015,652.904,NA,0.707713197623254,408,646.711284078966,797.168153297834
624,326.976,0.707471574625504,1.88049507332379,"2015_yk_573","Yukon",2015,653.952,NA,0.707713197623254,408,646.711284078966,797.168153297834
625,327.5,0.70762867105309,1.84927661601804,"2015_yk_573","Yukon",2015,655,NA,0.707713197623254,408,646.711284078966,797.168153297834
626,328.024,0.707830338349066,1.84078495405309,"2015_yk_573","Yukon",2015,656.048,NA,0.707713197623254,408,646.711284078966,797.168153297834
627,328.548,0.70794683370146,1.88209838667124,"2015_yk_573","Yukon",2015,657.096,NA,0.707713197623254,408,646.711284078966,797.168153297834
628,329.072,0.708402391437762,1.92274039911753,"2015_yk_573","Yukon",2015,658.144,NA,0.707713197623254,408,646.711284078966,797.168153297834
629,329.596,0.707288591391407,1.91548395184154,"2015_yk_573","Yukon",2015,659.192,NA,0.707713197623254,408,646.711284078966,797.168153297834
630,330.12,0.70785674262077,1.99713433135358,"2015_yk_573","Yukon",2015,660.24,NA,0.707713197623254,408,646.711284078966,797.168153297834
631,330.644,0.707612256556419,2.01039460063258,"2015_yk_573","Yukon",2015,661.288,NA,0.707713197623254,408,646.711284078966,797.168153297834
632,331.168,0.707320197189505,1.93485529203752,"2015_yk_573","Yukon",2015,662.336,NA,0.707713197623254,408,646.711284078966,797.168153297834
633,331.692,0.707030940459691,1.87067557818194,"2015_yk_573","Yukon",2015,663.384,NA,0.707713197623254,408,646.711284078966,797.168153297834
634,332.216,0.707085311489371,1.95938708646212,"2015_yk_573","Yukon",2015,664.432,NA,0.707713197623254,408,646.711284078966,797.168153297834
635,332.74,0.7070122273173,2.00420440877502,"2015_yk_573","Yukon",2015,665.48,NA,0.707713197623254,408,646.711284078966,797.168153297834
636,333.264,0.708305703295032,1.99676828129399,"2015_yk_573","Yukon",2015,666.528,NA,0.707713197623254,408,646.711284078966,797.168153297834
637,333.788,0.707223597631734,1.94165910855051,"2015_yk_573","Yukon",2015,667.576,NA,0.707713197623254,408,646.711284078966,797.168153297834
638,334.312,0.707803987924827,1.96552246055783,"2015_yk_573","Yukon",2015,668.624,NA,0.707713197623254,408,646.711284078966,797.168153297834
639,334.836,0.707356725749385,1.98134607609894,"2015_yk_573","Yukon",2015,669.672,NA,0.707713197623254,408,646.711284078966,797.168153297834
640,335.36,0.707700643912278,1.96966985497657,"2015_yk_573","Yukon",2015,670.72,NA,0.707713197623254,408,646.711284078966,797.168153297834
641,335.884,0.70661449239463,1.9125897107027,"2015_yk_573","Yukon",2015,671.768,NA,0.707713197623254,408,646.711284078966,797.168153297834
642,336.408,0.708414010057646,1.95261162662957,"2015_yk_573","Yukon",2015,672.816,NA,0.707713197623254,408,646.711284078966,797.168153297834
643,336.932,0.707767269608053,2.02970698085768,"2015_yk_573","Yukon",2015,673.864,NA,0.707713197623254,408,646.711284078966,797.168153297834
644,337.456,0.708168540358918,2.0190255163062,"2015_yk_573","Yukon",2015,674.912,NA,0.707713197623254,408,646.711284078966,797.168153297834
645,337.98,0.707673230884212,1.99400948515813,"2015_yk_573","Yukon",2015,675.96,NA,0.707713197623254,408,646.711284078966,797.168153297834
646,338.504,0.707985814323656,2.03122880447486,"2015_yk_573","Yukon",2015,677.008,NA,0.707713197623254,408,646.711284078966,797.168153297834
647,339.028,0.707734529947247,1.9883358530047,"2015_yk_573","Yukon",2015,678.056,0.707733939087458,0.707713197623254,408,646.711284078966,797.168153297834
648,339.552,0.707868054163623,1.95806948457624,"2015_yk_573","Yukon",2015,679.104,0.707727188332065,0.707713197623254,408,646.711284078966,797.168153297834
649,340.076,0.707658704500412,2.02911124844992,"2015_yk_573","Yukon",2015,680.152,0.707713250990622,0.707713197623254,408,646.711284078966,797.168153297834
650,340.6,0.708164943349209,2.02680520944684,"2015_yk_573","Yukon",2015,681.2,0.707718462015538,0.707713197623254,408,646.711284078966,797.168153297834
651,341.124,0.707713611295527,1.98333547394624,"2015_yk_573","Yukon",2015,682.248,0.707723395325969,0.707713197623254,408,646.711284078966,797.168153297834
652,341.648,0.70758399136611,1.99300327206834,"2015_yk_573","Yukon",2015,683.296,0.707716964020637,0.707713197623254,408,646.711284078966,797.168153297834
653,342.172,0.707398706060443,2.0438312854312,"2015_yk_573","Yukon",2015,684.344,0.707717104887629,0.707713197623254,408,646.711284078966,797.168153297834
654,342.696,0.707533604819103,2.05883808483181,"2015_yk_573","Yukon",2015,685.392,0.707717135395603,0.707713197623254,408,646.711284078966,797.168153297834
655,343.22,0.707970765144695,2.0244723410689,"2015_yk_573","Yukon",2015,686.44,0.707714303806947,0.707713197623254,408,646.711284078966,797.168153297834
656,343.744,0.707831805964996,2.02591738563169,"2015_yk_573","Yukon",2015,687.488,0.707712638183938,0.707713197623254,408,646.711284078966,797.168153297834
657,344.268,0.707934633090176,2.04163958380249,"2015_yk_573","Yukon",2015,688.536,0.707713193708195,0.707713197623254,408,646.711284078966,797.168153297834
658,344.792,0.708093980181438,2.03918122895249,"2015_yk_573","Yukon",2015,689.584,0.707705979110268,0.707713197623254,408,646.711284078966,797.168153297834
659,345.316,0.708102677575551,2.01823066646348,"2015_yk_573","Yukon",2015,690.632,0.707707276762884,0.707713197623254,408,646.711284078966,797.168153297834
660,345.84,0.707615012660571,1.9949810746041,"2015_yk_573","Yukon",2015,691.68,0.707708025663494,0.707713197623254,408,646.711284078966,797.168153297834
661,346.364,0.70787308160788,2.01454511895742,"2015_yk_573","Yukon",2015,692.728,0.707702327335495,0.707713197623254,408,646.711284078966,797.168153297834
662,346.888,0.707999946998025,2.0344829319942,"2015_yk_573","Yukon",2015,693.776,0.707698572046745,0.707713197623254,408,646.711284078966,797.168153297834
663,347.412,0.707959530189388,2.03630695317838,"2015_yk_573","Yukon",2015,694.824,0.707716464450372,0.707713197623254,408,646.711284078966,797.168153297834
664,347.936,0.707998128706668,2.04301026141296,"2015_yk_573","Yukon",2015,695.872,0.70772945715734,0.707713197623254,408,646.711284078966,797.168153297834
665,348.46,0.707706750213256,2.03147639310284,"2015_yk_573","Yukon",2015,696.92,0.707745422385111,0.707713197623254,408,646.711284078966,797.168153297834
666,348.984,0.707554076994896,2.01121741238137,"2015_yk_573","Yukon",2015,697.968,0.707731157925382,0.707713197623254,408,646.711284078966,797.168153297834
667,349.508,0.707319378591171,1.99783575902685,"2015_yk_573","Yukon",2015,699.016,0.707728859092709,0.707713197623254,408,646.711284078966,797.168153297834
668,350.032,0.707736643183033,2.03117469341968,"2015_yk_573","Yukon",2015,700.064,0.70772230207851,0.707713197623254,408,646.711284078966,797.168153297834
669,350.556,0.708318608563554,2.04047485235936,"2015_yk_573","Yukon",2015,701.112,0.70773223870615,0.707713197623254,408,646.711284078966,797.168153297834
670,351.08,0.707418646529059,2.10282981746013,"2015_yk_573","Yukon",2015,702.16,0.707740281152533,0.707713197623254,408,646.711284078966,797.168153297834
671,351.604,0.707597298422043,2.08854660697846,"2015_yk_573","Yukon",2015,703.208,0.707767795486239,0.707713197623254,408,646.711284078966,797.168153297834
672,352.128,0.707209215024894,2.12736679911455,"2015_yk_573","Yukon",2015,704.256,0.707741423564529,0.707713197623254,408,646.711284078966,797.168153297834
673,352.652,0.708058633847256,2.08200247262516,"2015_yk_573","Yukon",2015,705.304,0.70774354234908,0.707713197623254,408,646.711284078966,797.168153297834
674,353.176,0.708441466366131,2.06937553883466,"2015_yk_573","Yukon",2015,706.352,0.707740791011113,0.707713197623254,408,646.711284078966,797.168153297834
675,353.7,0.707092187881679,2.05332568256353,"2015_yk_573","Yukon",2015,707.4,0.707743588038163,0.707713197623254,408,646.711284078966,797.168153297834
676,354.224,0.708268414917561,2.07730010642722,"2015_yk_573","Yukon",2015,708.448,0.70773695036558,0.707713197623254,408,646.711284078966,797.168153297834
677,354.748,0.70786918947642,2.06642718135135,"2015_yk_573","Yukon",2015,709.496,0.707726987651112,0.707713197623254,408,646.711284078966,797.168153297834
678,355.272,0.707427377503177,2.06303865191865,"2015_yk_573","Yukon",2015,710.544,0.707711095368894,0.707713197623254,408,646.711284078966,797.168153297834
679,355.796,0.707334701406398,2.10431928883048,"2015_yk_573","Yukon",2015,711.592,0.707713830191653,0.707713197623254,408,646.711284078966,797.168153297834
680,356.32,0.70773871609851,2.14475993103154,"2015_yk_573","Yukon",2015,712.64,0.707709157035304,0.707713197623254,408,646.711284078966,797.168153297834
681,356.844,0.707705113922842,2.09907374292387,"2015_yk_573","Yukon",2015,713.688,0.70770366111188,0.707713197623254,408,646.711284078966,797.168153297834
682,357.368,0.707656981282335,2.07982835644496,"2015_yk_573","Yukon",2015,714.736,0.707712514366123,0.707713197623254,408,646.711284078966,797.168153297834
683,357.892,0.708037093080734,2.09556940957052,"2015_yk_573","Yukon",2015,715.784,0.707720112824357,0.707713197623254,408,646.711284078966,797.168153297834
684,358.416,0.707473405103985,2.08259726389711,"2015_yk_573","Yukon",2015,716.832,0.707709035398649,0.707713197623254,408,646.711284078966,797.168153297834
685,358.94,0.707458775733747,2.10644813320804,"2015_yk_573","Yukon",2015,717.88,0.707715662513905,0.707713197623254,408,646.711284078966,797.168153297834
686,359.464,0.707730400968504,2.08981913264095,"2015_yk_573","Yukon",2015,718.928,0.707713022899195,0.707713197623254,408,646.711284078966,797.168153297834
687,359.988,0.707980165156865,2.13631346297295,"2015_yk_573","Yukon",2015,719.976,0.707707954648072,0.707713197623254,408,646.711284078966,797.168153297834
688,360.512,0.707969515562123,2.11507941491869,"2015_yk_573","Yukon",2015,721.024,0.707695760708531,0.707713197623254,408,646.711284078966,797.168153297834
689,361.036,0.707366450548401,2.08242453335447,"2015_yk_573","Yukon",2015,722.072,0.70769435455085,0.707713197623254,408,646.711284078966,797.168153297834
690,361.56,0.70790167665737,2.04935295581157,"2015_yk_573","Yukon",2015,723.12,0.707692939364917,0.707713197623254,408,646.711284078966,797.168153297834
691,362.084,0.707270356876449,2.07843830243802,"2015_yk_573","Yukon",2015,724.168,0.707688525881915,0.707713197623254,408,646.711284078966,797.168153297834
692,362.608,0.707094879864494,2.10411154867415,"2015_yk_573","Yukon",2015,725.216,0.707683673611875,0.707713197623254,408,646.711284078966,797.168153297834
693,363.132,0.708104484677307,2.09922637960057,"2015_yk_573","Yukon",2015,726.264,0.707684593299816,0.707713197623254,408,646.711284078966,797.168153297834
694,363.656,0.707864873907467,2.08051140721425,"2015_yk_573","Yukon",2015,727.312,0.707684973387308,0.707713197623254,408,646.711284078966,797.168153297834
695,364.18,0.707970140983565,2.13875337333664,"2015_yk_573","Yukon",2015,728.36,0.707693647101614,0.707713197623254,408,646.711284078966,797.168153297834
696,364.704,0.707449835711306,2.12506188745072,"2015_yk_573","Yukon",2015,729.408,0.707692850292901,0.707713197623254,408,646.711284078966,797.168153297834
697,365.228,0.707085667671328,2.0443930796025,"2015_yk_573","Yukon",2015,730.456,0.707703497613425,0.707713197623254,408,646.711284078966,797.168153297834
698,365.752,0.707410567072909,2.04854826091959,"2015_yk_573","Yukon",2015,731.504,0.707701563657579,0.707713197623254,408,646.711284078966,797.168153297834
699,366.276,0.707952923407755,2.10039726339817,"2015_yk_573","Yukon",2015,732.552,0.707686729554645,0.707713197623254,408,646.711284078966,797.168153297834
700,366.8,0.708183190695275,2.10585458617692,"2015_yk_573","Yukon",2015,733.6,0.707677726874282,0.707713197623254,408,646.711284078966,797.168153297834
701,367.324,0.708265352416987,2.09172019179032,"2015_yk_573","Yukon",2015,734.648,0.707689792609578,0.707713197623254,408,646.711284078966,797.168153297834
702,367.848,0.706831694755057,2.10506020534003,"2015_yk_573","Yukon",2015,735.696,0.707692680925855,0.707713197623254,408,646.711284078966,797.168153297834
703,368.372,0.707894396681121,2.12256601829676,"2015_yk_573","Yukon",2015,736.744,0.707689782961491,0.707713197623254,408,646.711284078966,797.168153297834
704,368.896,0.708003460080905,2.1160559469086,"2015_yk_573","Yukon",2015,737.792,0.707675454190185,0.707713197623254,408,646.711284078966,797.168153297834
705,369.42,0.70784105250717,2.08077947598295,"2015_yk_573","Yukon",2015,738.84,0.707689725963449,0.707713197623254,408,646.711284078966,797.168153297834
706,369.944,0.707587553968679,2.11096330915267,"2015_yk_573","Yukon",2015,739.888,0.707679070159456,0.707713197623254,408,646.711284078966,797.168153297834
707,370.468,0.707136767079176,2.07223702400669,"2015_yk_573","Yukon",2015,740.936,0.707681274501063,0.707713197623254,408,646.711284078966,797.168153297834
708,370.992,0.706914517230533,2.07707244678956,"2015_yk_573","Yukon",2015,741.984,0.707690819211252,0.707713197623254,408,646.711284078966,797.168153297834
709,371.516,0.707822793865964,2.05885448222447,"2015_yk_573","Yukon",2015,743.032,0.707693665916481,0.707713197623254,408,646.711284078966,797.168153297834
710,372.04,0.707884553968308,2.0547997312227,"2015_yk_573","Yukon",2015,744.08,0.707687859727233,0.707713197623254,408,646.711284078966,797.168153297834
711,372.564,0.707383855890032,2.10630265921992,"2015_yk_573","Yukon",2015,745.128,0.707693901764987,0.707713197623254,408,646.711284078966,797.168153297834
712,373.088,0.708115186620721,2.05181848417696,"2015_yk_573","Yukon",2015,746.176,0.707696379393807,0.707713197623254,408,646.711284078966,797.168153297834
713,373.612,0.707854613554499,2.04166600820086,"2015_yk_573","Yukon",2015,747.224,0.707698980897365,0.707713197623254,408,646.711284078966,797.168153297834
714,374.136,0.70686895927661,2.08566817944871,"2015_yk_573","Yukon",2015,748.272,0.707715870628273,0.707713197623254,408,646.711284078966,797.168153297834
715,374.66,0.70836839206003,2.1020490374811,"2015_yk_573","Yukon",2015,749.32,0.707729439196808,0.707713197623254,408,646.711284078966,797.168153297834
716,375.184,0.707673429082414,2.01131897634976,"2015_yk_573","Yukon",2015,750.368,0.707735518423152,0.707713197623254,408,646.711284078966,797.168153297834
717,375.708,0.707630538022788,2.06877376181482,"2015_yk_573","Yukon",2015,751.416,0.707733249108976,0.707713197623254,408,646.711284078966,797.168153297834
718,376.232,0.707362343808971,2.04171117070198,"2015_yk_573","Yukon",2015,752.464,0.70773655946824,0.707713197623254,408,646.711284078966,797.168153297834
719,376.756,0.708018308114699,2.05217001510441,"2015_yk_573","Yukon",2015,753.512,0.707739065375398,0.707713197623254,408,646.711284078966,797.168153297834
720,377.28,0.7075301015046,2.02523515286377,"2015_yk_573","Yukon",2015,754.56,0.707726004722,0.707713197623254,408,646.711284078966,797.168153297834
721,377.804,0.707608272627726,2.07320749474624,"2015_yk_573","Yukon",2015,755.608,0.707728128964658,0.707713197623254,408,646.711284078966,797.168153297834
722,378.328,0.707708810795673,2.0485862745725,"2015_yk_573","Yukon",2015,756.656,0.707739750309708,0.707713197623254,408,646.711284078966,797.168153297834
723,378.852,0.708014711465841,2.07035374680717,"2015_yk_573","Yukon",2015,757.704,0.707729517355426,0.707713197623254,408,646.711284078966,797.168153297834
724,379.376,0.708020933956198,2.04078986380359,"2015_yk_573","Yukon",2015,758.752,0.707717083303115,0.707713197623254,408,646.711284078966,797.168153297834
725,379.9,0.708227173071576,2.04923887368838,"2015_yk_573","Yukon",2015,759.8,0.707709306703187,0.707713197623254,408,646.711284078966,797.168153297834
726,380.424,0.707506268472114,2.05260156681625,"2015_yk_573","Yukon",2015,760.848,0.70771078774421,0.707713197623254,408,646.711284078966,797.168153297834
727,380.948,0.707958217822604,2.04112029457914,"2015_yk_573","Yukon",2015,761.896,0.707717815551265,0.707713197623254,408,646.711284078966,797.168153297834
728,381.472,0.707620605832296,2.0413201162212,"2015_yk_573","Yukon",2015,762.944,0.707723568764753,0.707713197623254,408,646.711284078966,797.168153297834
729,381.996,0.707428562387511,2.08573226614315,"2015_yk_573","Yukon",2015,763.992,0.707725164596525,0.707713197623254,408,646.711284078966,797.168153297834
730,382.52,0.70687848570731,2.03604125984141,"2015_yk_573","Yukon",2015,765.04,0.70771306034975,0.707713197623254,408,646.711284078966,797.168153297834
731,383.044,0.708321242539778,2.03085580298475,"2015_yk_573","Yukon",2015,766.088,0.707703294872814,0.707713197623254,408,646.711284078966,797.168153297834
732,383.568,0.707382514001506,2.04614234711488,"2015_yk_573","Yukon",2015,767.136,0.707707871645998,0.707713197623254,408,646.711284078966,797.168153297834
733,384.092,0.70788475598541,2.04001202855155,"2015_yk_573","Yukon",2015,768.184,0.707687718520367,0.707713197623254,408,646.711284078966,797.168153297834
734,384.616,0.707581740087804,2.03889717506992,"2015_yk_573","Yukon",2015,769.232,0.707681530014872,0.707713197623254,408,646.711284078966,797.168153297834
735,385.14,0.707948494277514,1.95173077573217,"2015_yk_573","Yukon",2015,770.28,0.707666534199336,0.707713197623254,408,646.711284078966,797.168153297834
736,385.664,0.707629066677989,1.96167525583597,"2015_yk_573","Yukon",2015,771.328,0.707669227524223,0.707713197623254,408,646.711284078966,797.168153297834
737,386.188,0.708001449972838,1.9525998856226,"2015_yk_573","Yukon",2015,772.376,0.707678470171658,0.707713197623254,408,646.711284078966,797.168153297834
738,386.712,0.708000060114503,1.99976940555268,"2015_yk_573","Yukon",2015,773.424,0.707690124230299,0.707713197623254,408,646.711284078966,797.168153297834
739,387.236,0.707505503720119,1.92441307130825,"2015_yk_573","Yukon",2015,774.472,0.707693400955365,0.707713197623254,408,646.711284078966,797.168153297834
740,387.76,0.70739034474363,1.96877770233612,"2015_yk_573","Yukon",2015,775.52,0.707678961675408,0.707713197623254,408,646.711284078966,797.168153297834
741,388.284,0.7080676361881,1.9705858768126,"2015_yk_573","Yukon",2015,776.568,0.707678915312221,0.707713197623254,408,646.711284078966,797.168153297834
742,388.808,0.70780563901157,1.96372221505144,"2015_yk_573","Yukon",2015,777.616,0.707685328782073,0.707713197623254,408,646.711284078966,797.168153297834
743,389.332,0.708193183294175,1.96692815666565,"2015_yk_573","Yukon",2015,778.664,0.707680858348487,0.707713197623254,408,646.711284078966,797.168153297834
744,389.856,0.708486788958494,1.97800022721925,"2015_yk_573","Yukon",2015,779.712,0.707697936578125,0.707713197623254,408,646.711284078966,797.168153297834
745,390.38,0.70827288984584,1.98992822934498,"2015_yk_573","Yukon",2015,780.76,0.707689516521519,0.707713197623254,408,646.711284078966,797.168153297834
746,390.904,0.708095154549118,1.95003979631574,"2015_yk_573","Yukon",2015,781.808,0.707689363463226,0.707713197623254,408,646.711284078966,797.168153297834
747,391.428,0.707844006306329,1.93715727614182,"2015_yk_573","Yukon",2015,782.856,0.707687440691252,0.707713197623254,408,646.711284078966,797.168153297834
748,391.952,0.708168137117951,1.94632107936932,"2015_yk_573","Yukon",2015,783.904,0.70770101862766,0.707713197623254,408,646.711284078966,797.168153297834
749,392.476,0.707516804977857,1.96426527267852,"2015_yk_573","Yukon",2015,784.952,0.707702411619828,0.707713197623254,408,646.711284078966,797.168153297834
750,393,0.707118037453548,1.88852421865155,"2015_yk_573","Yukon",2015,786,0.707704331012685,0.707713197623254,408,646.711284078966,797.168153297834
751,393.524,0.707397811435905,1.84730479543076,"2015_yk_573","Yukon",2015,787.048,0.707697760474018,0.707713197623254,408,646.711284078966,797.168153297834
752,394.048,0.707792160567476,1.87551837721461,"2015_yk_573","Yukon",2015,788.096,0.70769785235445,0.707713197623254,408,646.711284078966,797.168153297834
753,394.572,0.707490507420382,1.88464189869218,"2015_yk_573","Yukon",2015,789.144,0.707695842456411,0.707713197623254,408,646.711284078966,797.168153297834
754,395.096,0.707118830768829,1.85609168584777,"2015_yk_573","Yukon",2015,790.192,0.707684847957179,0.707713197623254,408,646.711284078966,797.168153297834
755,395.62,0.707503544987865,1.85467084230261,"2015_yk_573","Yukon",2015,791.24,0.707666177256661,0.707713197623254,408,646.711284078966,797.168153297834
756,396.144,0.707538698172712,1.86963515740209,"2015_yk_573","Yukon",2015,792.288,0.70767287943601,0.707713197623254,408,646.711284078966,797.168153297834
757,396.668,0.7075073360946,1.87575361932261,"2015_yk_573","Yukon",2015,793.336,0.707661491877868,0.707713197623254,408,646.711284078966,797.168153297834
758,397.192,0.707755759882188,1.81182537098898,"2015_yk_573","Yukon",2015,794.384,0.707662908541765,0.707713197623254,408,646.711284078966,797.168153297834
759,397.716,0.708048673314119,1.805361965505,"2015_yk_573","Yukon",2015,795.432,0.707665567926806,0.707713197623254,408,646.711284078966,797.168153297834
760,398.24,0.707456935888727,1.83690805597862,"2015_yk_573","Yukon",2015,796.48,0.7076873816759,0.707713197623254,408,646.711284078966,797.168153297834
761,398.764,0.707679423800837,1.8224768711957,"2015_yk_573","Yukon",2015,797.528,0.707671017507382,0.707713197623254,408,646.711284078966,797.168153297834
762,399.288,0.707106301146122,1.77544836230741,"2015_yk_573","Yukon",2015,798.576,0.707681609709919,0.707713197623254,408,646.711284078966,797.168153297834
763,399.812,0.706685209143269,1.81348714932639,"2015_yk_573","Yukon",2015,799.624,0.707683574655881,0.707713197623254,408,646.711284078966,797.168153297834
764,400.336,0.707632149751224,1.82965907603057,"2015_yk_573","Yukon",2015,800.672,0.707671970958025,0.707713197623254,408,646.711284078966,797.168153297834
765,400.86,0.706941303574958,1.78957479083714,"2015_yk_573","Yukon",2015,801.72,0.707674239171823,0.707713197623254,408,646.711284078966,797.168153297834
766,401.384,0.7077491534619,1.79980837900872,"2015_yk_573","Yukon",2015,802.768,0.707669887560709,0.707713197623254,408,646.711284078966,797.168153297834
767,401.908,0.707691325925307,1.79608252307405,"2015_yk_573","Yukon",2015,803.816,0.707666479673995,0.707713197623254,408,646.711284078966,797.168153297834
768,402.432,0.707613760748973,1.81168182310671,"2015_yk_573","Yukon",2015,804.864,0.707671059370411,0.707713197623254,408,646.711284078966,797.168153297834
769,402.956,0.708019397369945,1.75775563118655,"2015_yk_573","Yukon",2015,805.912,0.707673750890272,0.707713197623254,408,646.711284078966,797.168153297834
770,403.48,0.707018197170868,1.74400301855135,"2015_yk_573","Yukon",2015,806.96,0.707674361159529,0.707713197623254,408,646.711284078966,797.168153297834
771,404.004,0.707381074098837,1.74196054336532,"2015_yk_573","Yukon",2015,808.008,0.707663903339178,0.707713197623254,408,646.711284078966,797.168153297834
772,404.528,0.708499994811855,1.77017703177651,"2015_yk_573","Yukon",2015,809.056,0.707660338077341,0.707713197623254,408,646.711284078966,797.168153297834
773,405.052,0.707586387539291,1.73606359726214,"2015_yk_573","Yukon",2015,810.104,0.707634660804495,0.707713197623254,408,646.711284078966,797.168153297834
774,405.576,0.707893653054934,1.73458925594568,"2015_yk_573","Yukon",2015,811.152,0.707607195674723,0.707713197623254,408,646.711284078966,797.168153297834
775,406.1,0.70786318866366,1.73476267338004,"2015_yk_573","Yukon",2015,812.2,0.707577850593143,0.707713197623254,408,646.711284078966,797.168153297834
776,406.624,0.707664245584823,1.75267740206698,"2015_yk_573","Yukon",2015,813.248,0.707586580187837,0.707713197623254,408,646.711284078966,797.168153297834
777,407.148,0.707515171704347,1.73007081632424,"2015_yk_573","Yukon",2015,814.296,0.707579198563596,0.707713197623254,408,646.711284078966,797.168153297834
778,407.672,0.708177019993473,1.7281371245683,"2015_yk_573","Yukon",2015,815.344,0.707561758985592,0.707713197623254,408,646.711284078966,797.168153297834
779,408.196,0.708101887644762,1.76572551292604,"2015_yk_573","Yukon",2015,816.392,0.707569067323824,0.707713197623254,408,646.711284078966,797.168153297834
780,408.72,0.707645265075982,1.73288953964836,"2015_yk_573","Yukon",2015,817.44,0.707566974170381,0.707713197623254,408,646.711284078966,797.168153297834
781,409.244,0.707214040307731,1.7113397412395,"2015_yk_573","Yukon",2015,818.488,0.707551986549564,0.707713197623254,408,646.711284078966,797.168153297834
782,409.768,0.707714323621599,1.69423315549132,"2015_yk_573","Yukon",2015,819.536,0.707539830873309,0.707713197623254,408,646.711284078966,797.168153297834
783,410.292,0.707894117583521,1.74474827369849,"2015_yk_573","Yukon",2015,820.584,0.707544797726427,0.707713197623254,408,646.711284078966,797.168153297834
784,410.816,0.707361264002254,1.70538294202743,"2015_yk_573","Yukon",2015,821.632,0.70755523269018,0.707713197623254,408,646.711284078966,797.168153297834
785,411.34,0.707106931040482,1.69898212554146,"2015_yk_573","Yukon",2015,822.68,0.707553672793814,0.707713197623254,408,646.711284078966,797.168153297834
786,411.864,0.707908399233063,1.69540003393075,"2015_yk_573","Yukon",2015,823.728,0.707563585033614,0.707713197623254,408,646.711284078966,797.168153297834
787,412.388,0.707274964334114,1.75387448669325,"2015_yk_573","Yukon",2015,824.776,0.70757957578839,0.707713197623254,408,646.711284078966,797.168153297834
788,412.912,0.707705605666113,1.70487550096994,"2015_yk_573","Yukon",2015,825.824,0.70757031228133,0.707713197623254,408,646.711284078966,797.168153297834
789,413.436,0.70758812548993,1.69214265286184,"2015_yk_573","Yukon",2015,826.872,0.707555350839824,0.707713197623254,408,646.711284078966,797.168153297834
790,413.96,0.708187310652966,1.72244756475078,"2015_yk_573","Yukon",2015,827.92,0.707556447414589,0.707713197623254,408,646.711284078966,797.168153297834
791,414.484,0.707339392428725,1.74373302041957,"2015_yk_573","Yukon",2015,828.968,0.707547100885994,0.707713197623254,408,646.711284078966,797.168153297834
792,415.008,0.708018046153694,1.64581914314206,"2015_yk_573","Yukon",2015,830.016,0.707553420701897,0.707713197623254,408,646.711284078966,797.168153297834
793,415.532,0.708002652743131,1.68564446725854,"2015_yk_573","Yukon",2015,831.064,0.707571256728177,0.707713197623254,408,646.711284078966,797.168153297834
794,416.056,0.706885518216478,1.70537633955746,"2015_yk_573","Yukon",2015,832.112,0.707571699974021,0.707713197623254,408,646.711284078966,797.168153297834
795,416.58,0.70808458710537,1.70829880392144,"2015_yk_573","Yukon",2015,833.16,0.707588417512841,0.707713197623254,408,646.711284078966,797.168153297834
796,417.104,0.707367970011132,1.68302758071507,"2015_yk_573","Yukon",2015,834.208,0.707590211864568,0.707713197623254,408,646.711284078966,797.168153297834
797,417.628,0.707796976770032,1.71220191072722,"2015_yk_573","Yukon",2015,835.256,0.707574076246002,0.707713197623254,408,646.711284078966,797.168153297834
798,418.152,0.708274841899434,1.69506455749772,"2015_yk_573","Yukon",2015,836.304,0.70759234483218,0.707713197623254,408,646.711284078966,797.168153297834
799,418.676,0.707666994911792,1.69225580448151,"2015_yk_573","Yukon",2015,837.352,0.707569102627756,0.707713197623254,408,646.711284078966,797.168153297834
800,419.2,0.707426960899051,1.67112686669508,"2015_yk_573","Yukon",2015,838.4,0.707569893974537,0.707713197623254,408,646.711284078966,797.168153297834
801,419.724,0.70744016696702,1.68518841307025,"2015_yk_573","Yukon",2015,839.448,0.707577390460257,0.707713197623254,408,646.711284078966,797.168153297834
802,420.248,0.707591723301387,1.73496360943006,"2015_yk_573","Yukon",2015,840.496,0.707552623769006,0.707713197623254,408,646.711284078966,797.168153297834
803,420.772,0.706652546923362,1.667875035251,"2015_yk_573","Yukon",2015,841.544,0.707560472762985,0.707713197623254,408,646.711284078966,797.168153297834
804,421.296,0.706838881172214,1.64444159958176,"2015_yk_573","Yukon",2015,842.592,0.707559527708971,0.707713197623254,408,646.711284078966,797.168153297834
805,421.82,0.706512184950998,1.66966179415641,"2015_yk_573","Yukon",2015,843.64,0.707559411475509,0.707713197623254,408,646.711284078966,797.168153297834
806,422.344,0.708618930230814,1.6907328191677,"2015_yk_573","Yukon",2015,844.688,0.707551770585318,0.707713197623254,408,646.711284078966,797.168153297834
807,422.868,0.707401108851862,1.66250245838172,"2015_yk_573","Yukon",2015,845.736,0.707548040121968,0.707713197623254,408,646.711284078966,797.168153297834
808,423.392,0.707121762437689,1.66227935345632,"2015_yk_573","Yukon",2015,846.784,0.70755559381682,0.707713197623254,408,646.711284078966,797.168153297834
809,423.916,0.707955305271792,1.70216524084974,"2015_yk_573","Yukon",2015,847.832,0.707539149924483,0.707713197623254,408,646.711284078966,797.168153297834
810,424.44,0.706992448246966,1.7252567810361,"2015_yk_573","Yukon",2015,848.88,0.707531649451561,0.707713197623254,408,646.711284078966,797.168153297834
811,424.964,0.706498554186887,1.68173549640234,"2015_yk_573","Yukon",2015,849.928,0.707525502083203,0.707713197623254,408,646.711284078966,797.168153297834
812,425.488,0.707062819992184,1.68260932524794,"2015_yk_573","Yukon",2015,850.976,0.70752600557913,0.707713197623254,408,646.711284078966,797.168153297834
813,426.012,0.707788518607436,1.69967585954065,"2015_yk_573","Yukon",2015,852.024,0.707524615118976,0.707713197623254,408,646.711284078966,797.168153297834
814,426.536,0.707744928594019,1.69411510401175,"2015_yk_573","Yukon",2015,853.072,0.707520321995548,0.707713197623254,408,646.711284078966,797.168153297834
815,427.06,0.707409951205876,1.67434804699999,"2015_yk_573","Yukon",2015,854.12,0.707511839134172,0.707713197623254,408,646.711284078966,797.168153297834
816,427.584,0.708133432560749,1.68697432309846,"2015_yk_573","Yukon",2015,855.168,0.707502954120654,0.707713197623254,408,646.711284078966,797.168153297834
817,428.108,0.708466781381133,1.71685437771615,"2015_yk_573","Yukon",2015,856.216,0.707518847429837,0.707713197623254,408,646.711284078966,797.168153297834
818,428.632,0.707199949458618,1.6960083505402,"2015_yk_573","Yukon",2015,857.264,0.70752911087543,0.707713197623254,408,646.711284078966,797.168153297834
819,429.156,0.707150986823742,1.66877247765586,"2015_yk_573","Yukon",2015,858.312,0.7075333525153,0.707713197623254,408,646.711284078966,797.168153297834
820,429.68,0.707522730374645,1.67467187925991,"2015_yk_573","Yukon",2015,859.36,0.707529969414661,0.707713197623254,408,646.711284078966,797.168153297834
821,430.204,0.707118632085148,1.70448390284434,"2015_yk_573","Yukon",2015,860.408,0.707533253088192,0.707713197623254,408,646.711284078966,797.168153297834
822,430.728,0.707485490100274,1.673905161612,"2015_yk_573","Yukon",2015,861.456,0.707530888056756,0.707713197623254,408,646.711284078966,797.168153297834
823,431.252,0.707755370720099,1.70814026404106,"2015_yk_573","Yukon",2015,862.504,0.707519381440003,0.707713197623254,408,646.711284078966,797.168153297834
824,431.776,0.707658744501842,1.66430743548509,"2015_yk_573","Yukon",2015,863.552,0.707535303061113,0.707713197623254,408,646.711284078966,797.168153297834
825,432.3,0.707944355904148,1.68768628111363,"2015_yk_573","Yukon",2015,864.6,0.707524684819365,0.707713197623254,408,646.711284078966,797.168153297834
826,432.824,0.707856814565536,1.66657041073503,"2015_yk_573","Yukon",2015,865.648,0.707534573834759,0.707713197623254,408,646.711284078966,797.168153297834
827,433.348,0.706723188811359,1.68876331812327,"2015_yk_573","Yukon",2015,866.696,0.707526561760091,0.707713197623254,408,646.711284078966,797.168153297834
828,433.872,0.708709875919624,1.67808315883107,"2015_yk_573","Yukon",2015,867.744,0.707526674761409,0.707713197623254,408,646.711284078966,797.168153297834
829,434.396,0.706624865104517,1.68656873987617,"2015_yk_573","Yukon",2015,868.792,0.707526827730658,0.707713197623254,408,646.711284078966,797.168153297834
830,434.92,0.707065677977759,1.66131666453775,"2015_yk_573","Yukon",2015,869.84,0.707520024615246,0.707713197623254,408,646.711284078966,797.168153297834
831,435.444,0.707830863242,1.67797963299061,"2015_yk_573","Yukon",2015,870.888,0.707522281551877,0.707713197623254,408,646.711284078966,797.168153297834
832,435.968,0.707013993336781,1.69332273124749,"2015_yk_573","Yukon",2015,871.936,0.707524604781789,0.707713197623254,408,646.711284078966,797.168153297834
833,436.492,0.708057327178027,1.64928350441246,"2015_yk_573","Yukon",2015,872.984,0.707529817754046,0.707713197623254,408,646.711284078966,797.168153297834
834,437.016,0.707836949814128,1.63209895022656,"2015_yk_573","Yukon",2015,874.032,0.707545066662784,0.707713197623254,408,646.711284078966,797.168153297834
835,437.54,0.707856214655943,1.6495696966129,"2015_yk_573","Yukon",2015,875.08,0.707566080938918,0.707713197623254,408,646.711284078966,797.168153297834
836,438.064,0.70720579217335,1.65760374332232,"2015_yk_573","Yukon",2015,876.128,0.70754255708019,0.707713197623254,408,646.711284078966,797.168153297834
837,438.588,0.707291343903366,1.62940728447786,"2015_yk_573","Yukon",2015,877.176,0.707558804303734,0.707713197623254,408,646.711284078966,797.168153297834
838,439.112,0.708630241684622,1.62386045301082,"2015_yk_573","Yukon",2015,878.224,0.70756786736022,0.707713197623254,408,646.711284078966,797.168153297834
839,439.636,0.707115254104515,1.65559234328036,"2015_yk_573","Yukon",2015,879.272,0.707556533532031,0.707713197623254,408,646.711284078966,797.168153297834
840,440.16,0.707195236700646,1.67940766946114,"2015_yk_573","Yukon",2015,880.32,0.707570122770886,0.707713197623254,408,646.711284078966,797.168153297834
841,440.684,0.706845198206237,1.61822206898263,"2015_yk_573","Yukon",2015,881.368,0.70757958338502,0.707713197623254,408,646.711284078966,797.168153297834
842,441.208,0.707744533377219,1.62629170758946,"2015_yk_573","Yukon",2015,882.416,0.707583709481157,0.707713197623254,408,646.711284078966,797.168153297834
843,441.732,0.707810689974286,1.59413236112784,"2015_yk_573","Yukon",2015,883.464,0.707568618872901,0.707713197623254,408,646.711284078966,797.168153297834
844,442.256,0.707103676596583,1.61973951242068,"2015_yk_573","Yukon",2015,884.512,0.707567555632282,0.707713197623254,408,646.711284078966,797.168153297834
845,442.78,0.706597959357956,1.56815514670489,"2015_yk_573","Yukon",2015,885.56,0.707568229733158,0.707713197623254,408,646.711284078966,797.168153297834
846,443.304,0.707375298421956,1.60191666300757,"2015_yk_573","Yukon",2015,886.608,0.707553305936576,0.707713197623254,408,646.711284078966,797.168153297834
847,443.828,0.708228562885055,1.5962838127579,"2015_yk_573","Yukon",2015,887.656,0.707540038627763,0.707713197623254,408,646.711284078966,797.168153297834
848,444.352,0.708321412401754,1.60468240492398,"2015_yk_573","Yukon",2015,888.704,0.707546041796704,0.707713197623254,408,646.711284078966,797.168153297834
849,444.876,0.7078426238821,1.54212762451595,"2015_yk_573","Yukon",2015,889.752,0.707572899225152,0.707713197623254,408,646.711284078966,797.168153297834
850,445.4,0.707984324614619,1.57414165477933,"2015_yk_573","Yukon",2015,890.8,0.707579750041187,0.707713197623254,408,646.711284078966,797.168153297834
851,445.924,0.707536412840568,1.62368650195462,"2015_yk_573","Yukon",2015,891.848,0.707587735771854,0.707713197623254,408,646.711284078966,797.168153297834
852,446.448,0.707876144267554,1.61514241125993,"2015_yk_573","Yukon",2015,892.896,0.707610251136163,0.707713197623254,408,646.711284078966,797.168153297834
853,446.972,0.707312255737956,1.57381930464156,"2015_yk_573","Yukon",2015,893.944,0.707602047122378,0.707713197623254,408,646.711284078966,797.168153297834
854,447.496,0.7078408154831,1.56167396201358,"2015_yk_573","Yukon",2015,894.992,0.707609795396368,0.707713197623254,408,646.711284078966,797.168153297834
855,448.02,0.70744749260049,1.56467731456961,"2015_yk_573","Yukon",2015,896.04,0.707610797773756,0.707713197623254,408,646.711284078966,797.168153297834
856,448.544,0.707961310934724,1.5784722619919,"2015_yk_573","Yukon",2015,897.088,0.707612162071353,0.707713197623254,408,646.711284078966,797.168153297834
857,449.068,0.70731625228996,1.53840307035036,"2015_yk_573","Yukon",2015,898.136,0.707624743540698,0.707713197623254,408,646.711284078966,797.168153297834
858,449.592,0.708281621978512,1.56251322659771,"2015_yk_573","Yukon",2015,899.184,0.70760634498853,0.707713197623254,408,646.711284078966,797.168153297834
859,450.116,0.70767617306677,1.57017427729703,"2015_yk_573","Yukon",2015,900.232,0.707625179328296,0.707713197623254,408,646.711284078966,797.168153297834
860,450.64,0.707018773974315,1.55180692583015,"2015_yk_573","Yukon",2015,901.28,0.707631524451315,0.707713197623254,408,646.711284078966,797.168153297834
861,451.164,0.707575583164896,1.55422947173791,"2015_yk_573","Yukon",2015,902.328,0.707619431870683,0.707713197623254,408,646.711284078966,797.168153297834
862,451.688,0.707731117096084,1.57575770130862,"2015_yk_573","Yukon",2015,903.376,0.707621889848053,0.707713197623254,408,646.711284078966,797.168153297834
863,452.212,0.706965325258761,1.57050055516174,"2015_yk_573","Yukon",2015,904.424,0.707629061332969,0.707713197623254,408,646.711284078966,797.168153297834
864,452.736,0.707753815696515,1.51582806588371,"2015_yk_573","Yukon",2015,905.472,0.7076252072209,0.707713197623254,408,646.711284078966,797.168153297834
865,453.26,0.70777304151904,1.53150176067845,"2015_yk_573","Yukon",2015,906.52,0.707623637860784,0.707713197623254,408,646.711284078966,797.168153297834
866,453.784,0.707207498707151,1.54140536801193,"2015_yk_573","Yukon",2015,907.568,0.707632090427785,0.707713197623254,408,646.711284078966,797.168153297834
867,454.308,0.708375942264495,1.55033487922167,"2015_yk_573","Yukon",2015,908.616,0.707635867408873,0.707713197623254,408,646.711284078966,797.168153297834
868,454.832,0.707665545826845,1.54167328775416,"2015_yk_573","Yukon",2015,909.664,0.707622112926866,0.707713197623254,408,646.711284078966,797.168153297834
869,455.356,0.707275275580461,1.52814628247116,"2015_yk_573","Yukon",2015,910.712,0.707621585126848,0.707713197623254,408,646.711284078966,797.168153297834
870,455.88,0.707807802578265,1.53925606863329,"2015_yk_573","Yukon",2015,911.76,0.707621250734972,0.707713197623254,408,646.711284078966,797.168153297834
871,456.404,0.707066191034903,1.51814793538188,"2015_yk_573","Yukon",2015,912.808,0.7076371843543,0.707713197623254,408,646.711284078966,797.168153297834
872,456.928,0.707310385760408,1.50840700868433,"2015_yk_573","Yukon",2015,913.856,0.70763814663832,0.707713197623254,408,646.711284078966,797.168153297834
873,457.452,0.706883082112078,1.54578589454843,"2015_yk_573","Yukon",2015,914.904,0.707637063315509,0.707713197623254,408,646.711284078966,797.168153297834
874,457.976,0.707681134156886,1.52219362560669,"2015_yk_573","Yukon",2015,915.952,0.707649226236461,0.707713197623254,408,646.711284078966,797.168153297834
875,458.5,0.707450397258405,1.51529690904391,"2015_yk_573","Yukon",2015,917,0.707657473894183,0.707713197623254,408,646.711284078966,797.168153297834
876,459.024,0.707238004765868,1.53574135848906,"2015_yk_573","Yukon",2015,918.048,0.707663670660902,0.707713197623254,408,646.711284078966,797.168153297834
877,459.548,0.707670742852318,1.53265408000034,"2015_yk_573","Yukon",2015,919.096,0.707659978162892,0.707713197623254,408,646.711284078966,797.168153297834
878,460.072,0.707560139595072,1.51969383451307,"2015_yk_573","Yukon",2015,920.144,0.707645611155741,0.707713197623254,408,646.711284078966,797.168153297834
879,460.596,0.70876243253065,1.54146845377306,"2015_yk_573","Yukon",2015,921.192,0.707657195137465,0.707713197623254,408,646.711284078966,797.168153297834
880,461.12,0.707933779336732,1.5556888643598,"2015_yk_573","Yukon",2015,922.24,0.707652927402833,0.707713197623254,408,646.711284078966,797.168153297834
881,461.644,0.707597775925182,1.53247793455904,"2015_yk_573","Yukon",2015,923.288,0.707655499775998,0.707713197623254,408,646.711284078966,797.168153297834
882,462.168,0.708836411958835,1.52741490230726,"2015_yk_573","Yukon",2015,924.336,0.707650308277347,0.707713197623254,408,646.711284078966,797.168153297834
883,462.692,0.707263129892992,1.53580395752807,"2015_yk_573","Yukon",2015,925.384,0.707653323724934,0.707713197623254,408,646.711284078966,797.168153297834
884,463.216,0.708123640941227,1.5689910143661,"2015_yk_573","Yukon",2015,926.432,0.707653934688561,0.707713197623254,408,646.711284078966,797.168153297834
885,463.74,0.708004498547395,1.57034737956007,"2015_yk_573","Yukon",2015,927.48,0.707654284604497,0.707713197623254,408,646.711284078966,797.168153297834
886,464.264,0.707938672421351,1.54425018789493,"2015_yk_573","Yukon",2015,928.528,0.707652393863259,0.707713197623254,408,646.711284078966,797.168153297834
887,464.788,0.707478076972074,1.54257071545363,"2015_yk_573","Yukon",2015,929.576,0.707671162849594,0.707713197623254,408,646.711284078966,797.168153297834
888,465.312,0.707605962789567,1.57573094702862,"2015_yk_573","Yukon",2015,930.624,0.707660607254038,0.707713197623254,408,646.711284078966,797.168153297834
889,465.836,0.707754925490467,1.55913488493606,"2015_yk_573","Yukon",2015,931.672,0.707658225226096,0.707713197623254,408,646.711284078966,797.168153297834
890,466.36,0.707446385358889,1.54001482270469,"2015_yk_573","Yukon",2015,932.72,0.707671289652,0.707713197623254,408,646.711284078966,797.168153297834
891,466.884,0.707105308404066,1.55399935415968,"2015_yk_573","Yukon",2015,933.768,0.70768175818958,0.707713197623254,408,646.711284078966,797.168153297834
892,467.408,0.707161471979026,1.57836137479578,"2015_yk_573","Yukon",2015,934.816,0.707678150908397,0.707713197623254,408,646.711284078966,797.168153297834
893,467.932,0.70848761627294,1.52094484063958,"2015_yk_573","Yukon",2015,935.864,0.707700468793396,0.707713197623254,408,646.711284078966,797.168153297834
894,468.456,0.707605703090004,1.51659585530341,"2015_yk_573","Yukon",2015,936.912,0.707695210185315,0.707713197623254,408,646.711284078966,797.168153297834
895,468.98,0.70776205304902,1.56501267309491,"2015_yk_573","Yukon",2015,937.96,0.707695034205625,0.707713197623254,408,646.711284078966,797.168153297834
896,469.504,0.707712946193373,1.57746018390782,"2015_yk_573","Yukon",2015,939.008,0.707693319193545,0.707713197623254,408,646.711284078966,797.168153297834
897,470.028,0.707517962768665,1.54127289525176,"2015_yk_573","Yukon",2015,940.056,0.707681817451989,0.707713197623254,408,646.711284078966,797.168153297834
898,470.552,0.707804972764177,1.53973214447034,"2015_yk_573","Yukon",2015,941.104,0.707687993865379,0.707713197623254,408,646.711284078966,797.168153297834
899,471.076,0.707083586103444,1.53858675173884,"2015_yk_573","Yukon",2015,942.152,0.707681854771181,0.707713197623254,408,646.711284078966,797.168153297834
900,471.6,0.707175173188118,1.56217671130978,"2015_yk_573","Yukon",2015,943.2,0.707684132559283,0.707713197623254,408,646.711284078966,797.168153297834
901,472.124,0.707801215365914,1.5345586966237,"2015_yk_573","Yukon",2015,944.248,0.707709816687884,0.707713197623254,408,646.711284078966,797.168153297834
902,472.648,0.707802270418419,1.54499766783858,"2015_yk_573","Yukon",2015,945.296,0.70771140304095,0.707713197623254,408,646.711284078966,797.168153297834
903,473.172,0.707745690605578,1.55459603264826,"2015_yk_573","Yukon",2015,946.344,0.707738552303897,0.707713197623254,408,646.711284078966,797.168153297834
904,473.696,0.70783345185371,1.55885025602908,"2015_yk_573","Yukon",2015,947.392,0.70773909808746,0.707713197623254,408,646.711284078966,797.168153297834
905,474.22,0.707092818821296,1.53380692640209,"2015_yk_573","Yukon",2015,948.44,0.707720451548331,0.707713197623254,408,646.711284078966,797.168153297834
906,474.744,0.707747104425115,1.54987730022368,"2015_yk_573","Yukon",2015,949.488,0.707733251563765,0.707713197623254,408,646.711284078966,797.168153297834
907,475.268,0.708007013004432,1.56099581459648,"2015_yk_573","Yukon",2015,950.536,0.707738353753582,0.707713197623254,408,646.711284078966,797.168153297834
908,475.792,0.70745939197272,1.53359794846169,"2015_yk_573","Yukon",2015,951.584,0.707750981999607,0.707713197623254,408,646.711284078966,797.168153297834
909,476.316,0.708537662785537,1.52338981135454,"2015_yk_573","Yukon",2015,952.632,0.70772353752933,0.707713197623254,408,646.711284078966,797.168153297834
910,476.84,0.707728260536696,1.52447750354188,"2015_yk_573","Yukon",2015,953.68,0.707704920632561,0.707713197623254,408,646.711284078966,797.168153297834
911,477.364,0.707690755230429,1.54729764562634,"2015_yk_573","Yukon",2015,954.728,0.707708643583848,0.707713197623254,408,646.711284078966,797.168153297834
912,477.888,0.707564654348509,1.50409675638769,"2015_yk_573","Yukon",2015,955.776,0.707693882736942,0.707713197623254,408,646.711284078966,797.168153297834
913,478.412,0.707493182593197,1.52949990638212,"2015_yk_573","Yukon",2015,956.824,0.707710259094301,0.707713197623254,408,646.711284078966,797.168153297834
914,478.936,0.707877473300708,1.53821352448855,"2015_yk_573","Yukon",2015,957.872,0.707715884174557,0.707713197623254,408,646.711284078966,797.168153297834
915,479.46,0.707468487556636,1.55243829979892,"2015_yk_573","Yukon",2015,958.92,0.707713387128086,0.707713197623254,408,646.711284078966,797.168153297834
916,479.984,0.707847866460444,1.51180934401568,"2015_yk_573","Yukon",2015,959.968,0.707719513760765,0.707713197623254,408,646.711284078966,797.168153297834
917,480.508,0.708442391470067,1.52449132382619,"2015_yk_573","Yukon",2015,961.016,0.707728305370906,0.707713197623254,408,646.711284078966,797.168153297834
918,481.032,0.70764828624516,1.5543455974595,"2015_yk_573","Yukon",2015,962.064,0.707723386116672,0.707713197623254,408,646.711284078966,797.168153297834
919,481.556,0.70753325139027,1.61422130336715,"2015_yk_573","Yukon",2015,963.112,0.707732332225967,0.707713197623254,408,646.711284078966,797.168153297834
920,482.08,0.707802639528544,1.56616404406366,"2015_yk_573","Yukon",2015,964.16,0.707749631545303,0.707713197623254,408,646.711284078966,797.168153297834
921,482.604,0.708203695419678,1.54375620409653,"2015_yk_573","Yukon",2015,965.208,0.707756587094613,0.707713197623254,408,646.711284078966,797.168153297834
922,483.128,0.707514680225136,1.55866841413265,"2015_yk_573","Yukon",2015,966.256,0.707772626555819,0.707713197623254,408,646.711284078966,797.168153297834
923,483.652,0.708304398358645,1.52151033717033,"2015_yk_573","Yukon",2015,967.304,0.707765221193506,0.707713197623254,408,646.711284078966,797.168153297834
924,484.176,0.707438299211684,1.50767363535095,"2015_yk_573","Yukon",2015,968.352,0.70774913250875,0.707713197623254,408,646.711284078966,797.168153297834
925,484.7,0.707762482737623,1.48915664262261,"2015_yk_573","Yukon",2015,969.4,0.707741237958634,0.707713197623254,408,646.711284078966,797.168153297834
926,485.224,0.70710459798234,1.49928325886904,"2015_yk_573","Yukon",2015,970.448,0.707742277707414,0.707713197623254,408,646.711284078966,797.168153297834
927,485.748,0.70768583777118,1.49423716908741,"2015_yk_573","Yukon",2015,971.496,0.707747364458291,0.707713197623254,408,646.711284078966,797.168153297834
928,486.272,0.708036130630256,1.49572740646833,"2015_yk_573","Yukon",2015,972.544,0.707739481948871,0.707713197623254,408,646.711284078966,797.168153297834
929,486.796,0.706906929928583,1.49622727535319,"2015_yk_573","Yukon",2015,973.592,0.707758501599117,0.707713197623254,408,646.711284078966,797.168153297834
930,487.32,0.707944469864386,1.50004463644743,"2015_yk_573","Yukon",2015,974.64,0.707756131354295,0.707713197623254,408,646.711284078966,797.168153297834
931,487.844,0.708607238750928,1.48240944322189,"2015_yk_573","Yukon",2015,975.688,0.707772276090688,0.707713197623254,408,646.711284078966,797.168153297834
932,488.368,0.707405566944374,1.47904947857351,"2015_yk_573","Yukon",2015,976.736,0.707783919831371,0.707713197623254,408,646.711284078966,797.168153297834
933,488.892,0.708512037888911,1.47797702656356,"2015_yk_573","Yukon",2015,977.784,0.707777943963496,0.707713197623254,408,646.711284078966,797.168153297834
934,489.416,0.707713881170661,1.46041584895752,"2015_yk_573","Yukon",2015,978.832,0.707775617877547,0.707713197623254,408,646.711284078966,797.168153297834
935,489.94,0.70633160491069,1.43384509689366,"2015_yk_573","Yukon",2015,979.88,0.707810973779096,0.707713197623254,408,646.711284078966,797.168153297834
936,490.464,0.70800600569186,1.44361982026988,"2015_yk_573","Yukon",2015,980.928,0.707811030555449,0.707713197623254,408,646.711284078966,797.168153297834
937,490.988,0.707976874241373,1.4641691694298,"2015_yk_573","Yukon",2015,981.976,0.707818178111324,0.707713197623254,408,646.711284078966,797.168153297834
938,491.512,0.708317834356538,1.48377456478647,"2015_yk_573","Yukon",2015,983.024,0.707830432273955,0.707713197623254,408,646.711284078966,797.168153297834
939,492.036,0.707115764314068,1.45696281981516,"2015_yk_573","Yukon",2015,984.072,0.707826068535586,0.707713197623254,408,646.711284078966,797.168153297834
940,492.56,0.706816765530575,1.46207083509686,"2015_yk_573","Yukon",2015,985.12,0.707843045580835,0.707713197623254,408,646.711284078966,797.168153297834
941,493.084,0.707821153002396,1.48634507304062,"2015_yk_573","Yukon",2015,986.168,0.707853764692547,0.707713197623254,408,646.711284078966,797.168153297834
942,493.608,0.707950761144476,1.44741548856586,"2015_yk_573","Yukon",2015,987.216,0.707851648449367,0.707713197623254,408,646.711284078966,797.168153297834
943,494.132,0.708245711334557,1.41950275468554,"2015_yk_573","Yukon",2015,988.264,0.707846592909676,0.707713197623254,408,646.711284078966,797.168153297834
944,494.656,0.708461145756565,1.40651498056301,"2015_yk_573","Yukon",2015,989.312,0.70785495017389,0.707713197623254,408,646.711284078966,797.168153297834
945,495.18,0.707854675759116,1.45717131836648,"2015_yk_573","Yukon",2015,990.36,0.70785798067535,0.707713197623254,408,646.711284078966,797.168153297834
946,495.704,0.708306270382135,1.42881660169721,"2015_yk_573","Yukon",2015,991.408,0.707864215525908,0.707713197623254,408,646.711284078966,797.168153297834
947,496.228,0.708005573580515,1.41024284881126,"2015_yk_573","Yukon",2015,992.456,0.707871465431511,0.707713197623254,408,646.711284078966,797.168153297834
948,496.752,0.707310807535552,1.4357843989239,"2015_yk_573","Yukon",2015,993.504,0.707897309159271,0.707713197623254,408,646.711284078966,797.168153297834
949,497.276,0.708291692048153,1.43501371706303,"2015_yk_573","Yukon",2015,994.552,0.707917205514455,0.707713197623254,408,646.711284078966,797.168153297834
950,497.8,0.708484344519032,1.39626397353169,"2015_yk_573","Yukon",2015,995.6,0.70791578906177,0.707713197623254,408,646.711284078966,797.168153297834
951,498.324,0.707522641362701,1.38973025153821,"2015_yk_573","Yukon",2015,996.648,0.707911485881939,0.707713197623254,408,646.711284078966,797.168153297834
952,498.848,0.708123839651369,1.37084429758305,"2015_yk_573","Yukon",2015,997.696,0.707919174773302,0.707713197623254,408,646.711284078966,797.168153297834
953,499.372,0.708043294534153,1.3904179228729,"2015_yk_573","Yukon",2015,998.744,0.707941192229342,0.707713197623254,408,646.711284078966,797.168153297834
954,499.896,0.706640382004667,1.34851718170954,"2015_yk_573","Yukon",2015,999.792,0.707961923197106,0.707713197623254,408,646.711284078966,797.168153297834
955,500.42,0.707288380042029,1.34701853818873,"2015_yk_573","Yukon",2015,1000.84,0.707985715568873,0.707713197623254,408,646.711284078966,797.168153297834
956,500.944,0.707775331120173,1.35402927052266,"2015_yk_573","Yukon",2015,1001.888,0.70801880566016,0.707713197623254,408,646.711284078966,797.168153297834
957,501.468,0.707823167821294,1.35601619651793,"2015_yk_573","Yukon",2015,1002.936,0.708038553241116,0.707713197623254,408,646.711284078966,797.168153297834
958,501.992,0.707332022198982,1.33127788676173,"2015_yk_573","Yukon",2015,1003.984,0.708061071588224,0.707713197623254,408,646.711284078966,797.168153297834
959,502.516,0.708224765118192,1.31782366827334,"2015_yk_573","Yukon",2015,1005.032,0.708093952602306,0.707713197623254,408,646.711284078966,797.168153297834
960,503.04,0.707032958498838,1.31813141533752,"2015_yk_573","Yukon",2015,1006.08,0.708112799304413,0.707713197623254,408,646.711284078966,797.168153297834
961,503.564,0.708769899549464,1.32075196056515,"2015_yk_573","Yukon",2015,1007.128,0.708107940885288,0.707713197623254,408,646.711284078966,797.168153297834
962,504.088,0.708500894859382,1.29480169758994,"2015_yk_573","Yukon",2015,1008.176,0.708132951158525,0.707713197623254,408,646.711284078966,797.168153297834
963,504.612,0.707387138533113,1.28491248845443,"2015_yk_573","Yukon",2015,1009.224,0.708134015785734,0.707713197623254,408,646.711284078966,797.168153297834
964,505.136,0.707693886696777,1.31995458371873,"2015_yk_573","Yukon",2015,1010.272,0.708143243667702,0.707713197623254,408,646.711284078966,797.168153297834
965,505.66,0.709214172914243,1.30117115280925,"2015_yk_573","Yukon",2015,1011.32,0.708197923735148,0.707713197623254,408,646.711284078966,797.168153297834
966,506.184,0.707750511006288,1.2595426054795,"2015_yk_573","Yukon",2015,1012.368,0.708231069343863,0.707713197623254,408,646.711284078966,797.168153297834
967,506.708,0.708435866356914,1.27873518379891,"2015_yk_573","Yukon",2015,1013.416,0.708250420055284,0.707713197623254,408,646.711284078966,797.168153297834
968,507.232,0.708194641730573,1.26917584264412,"2015_yk_573","Yukon",2015,1014.464,0.708255447803122,0.707713197623254,408,646.711284078966,797.168153297834
969,507.756,0.708275838483386,1.22683342376226,"2015_yk_573","Yukon",2015,1015.512,0.708285486860949,0.707713197623254,408,646.711284078966,797.168153297834
970,508.28,0.708746883251675,1.25706647360063,"2015_yk_573","Yukon",2015,1016.56,0.708325744043679,0.707713197623254,408,646.711284078966,797.168153297834
971,508.804,0.708333901933156,1.25908882247741,"2015_yk_573","Yukon",2015,1017.608,0.708339834332987,0.707713197623254,408,646.711284078966,797.168153297834
972,509.328,0.707437679757675,1.25332567296131,"2015_yk_573","Yukon",2015,1018.656,0.708367765348132,0.707713197623254,408,646.711284078966,797.168153297834
973,509.852,0.707189850211757,1.22596304661212,"2015_yk_573","Yukon",2015,1019.704,0.708380225445179,0.707713197623254,408,646.711284078966,797.168153297834
974,510.376,0.708378909153539,1.2309343537694,"2015_yk_573","Yukon",2015,1020.752,0.708407656552025,0.707713197623254,408,646.711284078966,797.168153297834
975,510.9,0.707650317644234,1.22137765371136,"2015_yk_573","Yukon",2015,1021.8,0.708407511440592,0.707713197623254,408,646.711284078966,797.168153297834
976,511.424,0.708221957493902,1.19307126230889,"2015_yk_573","Yukon",2015,1022.848,0.708412250456812,0.707713197623254,408,646.711284078966,797.168153297834
977,511.948,0.708877385806273,1.16258502833413,"2015_yk_573","Yukon",2015,1023.896,0.70843856592942,0.707713197623254,408,646.711284078966,797.168153297834
978,512.472,0.70919890991077,1.169093281297,"2015_yk_573","Yukon",2015,1024.944,0.70845964095845,0.707713197623254,408,646.711284078966,797.168153297834
979,512.996,0.708727032701305,1.18950278955708,"2015_yk_573","Yukon",2015,1025.992,0.708489083727205,0.707713197623254,408,646.711284078966,797.168153297834
980,513.52,0.707717652367434,1.17672615297907,"2015_yk_573","Yukon",2015,1027.04,0.7085043277495,0.707713197623254,408,646.711284078966,797.168153297834
981,514.044,0.707945504629835,1.1587878043693,"2015_yk_573","Yukon",2015,1028.088,0.708529075351008,0.707713197623254,408,646.711284078966,797.168153297834
982,514.568,0.707976013706932,1.15867864557277,"2015_yk_573","Yukon",2015,1029.136,0.708558078419233,0.707713197623254,408,646.711284078966,797.168153297834
983,515.092,0.709625445721031,1.17662093459327,"2015_yk_573","Yukon",2015,1030.184,0.708584096463793,0.707713197623254,408,646.711284078966,797.168153297834
984,515.616,0.708682157277503,1.14129262723897,"2015_yk_573","Yukon",2015,1031.232,0.708609699314838,0.707713197623254,408,646.711284078966,797.168153297834
985,516.14,0.709190025043628,1.10915189639053,"2015_yk_573","Yukon",2015,1032.28,0.708650399466304,0.707713197623254,408,646.711284078966,797.168153297834
986,516.664,0.709090003459581,1.12938031633614,"2015_yk_573","Yukon",2015,1033.328,0.708680378589251,0.707713197623254,408,646.711284078966,797.168153297834
987,517.188,0.708870692628548,1.11666231370104,"2015_yk_573","Yukon",2015,1034.376,0.708704488702491,0.707713197623254,408,646.711284078966,797.168153297834
988,517.712,0.709387231456714,1.12097841463763,"2015_yk_573","Yukon",2015,1035.424,0.708753764782203,0.707713197623254,408,646.711284078966,797.168153297834
989,518.236,0.708879790773483,1.12880719150377,"2015_yk_573","Yukon",2015,1036.472,0.708764952569324,0.707713197623254,408,646.711284078966,797.168153297834
990,518.76,0.709075271990839,1.11797477516323,"2015_yk_573","Yukon",2015,1037.52,0.70880361924376,0.707713197623254,408,646.711284078966,797.168153297834
991,519.284,0.708315733603394,1.10803144522309,"2015_yk_573","Yukon",2015,1038.568,0.70881776703874,0.707713197623254,408,646.711284078966,797.168153297834
992,519.808,0.708906183338646,1.10041616800865,"2015_yk_573","Yukon",2015,1039.616,0.708825239045656,0.707713197623254,408,646.711284078966,797.168153297834
993,520.332,0.70857591552142,1.1073487218854,"2015_yk_573","Yukon",2015,1040.664,0.708851810957329,0.707713197623254,408,646.711284078966,797.168153297834
994,520.856,0.708267554088754,1.09897570232277,"2015_yk_573","Yukon",2015,1041.712,0.708874693580073,0.707713197623254,408,646.711284078966,797.168153297834
995,521.38,0.709612408957433,1.08848511632133,"2015_yk_573","Yukon",2015,1042.76,0.708885294632595,0.707713197623254,408,646.711284078966,797.168153297834
996,521.904,0.709994742214789,1.11682404381043,"2015_yk_573","Yukon",2015,1043.808,0.708912220240733,0.707713197623254,408,646.711284078966,797.168153297834
997,522.428,0.709137916926582,1.10080042102249,"2015_yk_573","Yukon",2015,1044.856,0.708911632833206,0.707713197623254,408,646.711284078966,797.168153297834
998,522.952,0.708619499226815,1.10021451022876,"2015_yk_573","Yukon",2015,1045.904,0.708933653866441,0.707713197623254,408,646.711284078966,797.168153297834
999,523.476,0.70891810778369,1.09682157198543,"2015_yk_573","Yukon",2015,1046.952,0.708962272218673,0.707713197623254,408,646.711284078966,797.168153297834
1000,524,0.70923219649439,1.10205321932764,"2015_yk_573","Yukon",2015,1048,0.708993113506885,0.707713197623254,408,646.711284078966,797.168153297834
1001,524.524,0.708666570360903,1.10992295398773,"2015_yk_573","Yukon",2015,1049.048,0.709016563417612,0.707713197623254,408,646.711284078966,797.168153297834
1002,525.048,0.709626622053172,1.12289078616734,"2015_yk_573","Yukon",2015,1050.096,0.709057125229666,0.707713197623254,408,646.711284078966,797.168153297834
1003,525.572,0.708993317157387,1.10722666748058,"2015_yk_573","Yukon",2015,1051.144,0.709104622093873,0.707713197623254,408,646.711284078966,797.168153297834
1004,526.096,0.710107012167289,1.07225200823735,"2015_yk_573","Yukon",2015,1052.192,0.709124578008561,0.707713197623254,408,646.711284078966,797.168153297834
1005,526.62,0.707845969073142,1.11408636092876,"2015_yk_573","Yukon",2015,1053.24,0.709161886452186,0.707713197623254,408,646.711284078966,797.168153297834
1006,527.144,0.708590611355307,1.10995102654157,"2015_yk_573","Yukon",2015,1054.288,0.709194478577674,0.707713197623254,408,646.711284078966,797.168153297834
1007,527.668,0.709584501936985,1.07889368844549,"2015_yk_573","Yukon",2015,1055.336,0.709202162518293,0.707713197623254,408,646.711284078966,797.168153297834
1008,528.192,0.708575309277414,1.09104818195364,"2015_yk_573","Yukon",2015,1056.384,0.709209994010674,0.707713197623254,408,646.711284078966,797.168153297834
1009,528.716,0.71005825817343,1.11602628933249,"2015_yk_573","Yukon",2015,1057.432,0.709231157505204,0.707713197623254,408,646.711284078966,797.168153297834
1010,529.24,0.709398985856717,1.1389657721723,"2015_yk_573","Yukon",2015,1058.48,0.709262129589213,0.707713197623254,408,646.711284078966,797.168153297834
1011,529.764,0.709007497453176,1.11693619150973,"2015_yk_573","Yukon",2015,1059.528,0.70928756049981,0.707713197623254,408,646.711284078966,797.168153297834
1012,530.288,0.709864023744858,1.12931154510045,"2015_yk_573","Yukon",2015,1060.576,0.70930997614772,0.707713197623254,408,646.711284078966,797.168153297834
1013,530.812,0.709604377207768,1.14893687168951,"2015_yk_573","Yukon",2015,1061.624,0.709310788230324,0.707713197623254,408,646.711284078966,797.168153297834
1014,531.336,0.708176553067348,1.16075400798749,"2015_yk_573","Yukon",2015,1062.672,0.709320605014376,0.707713197623254,408,646.711284078966,797.168153297834
1015,531.86,0.709730389129977,1.15007142350528,"2015_yk_573","Yukon",2015,1063.72,0.709332793797946,0.707713197623254,408,646.711284078966,797.168153297834
1016,532.384,0.709574078497024,1.1684218602164,"2015_yk_573","Yukon",2015,1064.768,0.709336233460177,0.707713197623254,408,646.711284078966,797.168153297834
1017,532.908,0.709269774615702,1.21588251651001,"2015_yk_573","Yukon",2015,1065.816,0.709340367675854,0.707713197623254,408,646.711284078966,797.168153297834
1018,533.432,0.710288586981672,1.19455039312408,"2015_yk_573","Yukon",2015,1066.864,0.709342082362194,0.707713197623254,408,646.711284078966,797.168153297834
1019,533.956,0.708896032345444,1.17987349928647,"2015_yk_573","Yukon",2015,1067.912,0.70935034508686,0.707713197623254,408,646.711284078966,797.168153297834
1020,534.48,0.709352958964986,1.20937366541751,"2015_yk_573","Yukon",2015,1068.96,0.709360020936677,0.707713197623254,408,646.711284078966,797.168153297834
1021,535.004,0.70961876724829,1.25593323594841,"2015_yk_573","Yukon",2015,1070.008,0.70936510191255,0.707713197623254,408,646.711284078966,797.168153297834
1022,535.528,0.708949215274324,1.22226799998784,"2015_yk_573","Yukon",2015,1071.056,0.709386553825833,0.707713197623254,408,646.711284078966,797.168153297834
1023,536.052,0.708981453233509,1.23233172275593,"2015_yk_573","Yukon",2015,1072.104,0.709402639450861,0.707713197623254,408,646.711284078966,797.168153297834
1024,536.576,0.709066844061448,1.26734254281186,"2015_yk_573","Yukon",2015,1073.152,0.709424530144267,0.707713197623254,408,646.711284078966,797.168153297834
1025,537.1,0.709850236065523,1.31235091651151,"2015_yk_573","Yukon",2015,1074.2,0.709418924565359,0.707713197623254,408,646.711284078966,797.168153297834
