Cycle,Time,Iso,Sr88,FishID,Watershed,Year,Microns,MA
240,125.76,0.7115721111473889,0.7829351956294976,2015_yk_367,Yukon,2015,251.52,0.7115741783124319
241,126.284,0.7122745317871707,0.7801384933318544,2015_yk_367,Yukon,2015,252.568,0.7115508148039068
242,126.808,0.7115262896235945,0.7394559521041747,2015_yk_367,Yukon,2015,253.616,0.7115484180784133
243,127.332,0.7119763431221738,0.702369199177651,2015_yk_367,Yukon,2015,254.664,0.7115682759156134
244,127.856,0.7111442211905199,0.74844908364409235,2015_yk_367,Yukon,2015,255.712,0.7115813806119907
245,128.38,0.7112024897635404,0.7447931605099584,2015_yk_367,Yukon,2015,256.76,0.7116203174188589
246,128.904,0.7127132257593001,0.7142528118776156,2015_yk_367,Yukon,2015,257.808,0.7116047458601652
247,129.428,0.7131583811633454,0.7164558648526675,2015_yk_367,Yukon,2015,258.856,0.7116284052580446
248,129.952,0.7100557194759788,0.741983365171813,2015_yk_367,Yukon,2015,259.904,0.7116500878885442
249,130.476,0.7128978634146633,0.7382614965569443,2015_yk_367,Yukon,2015,260.952,0.711634388283478
250,131,0.7114208440299283,0.7215113180863477,2015_yk_367,Yukon,2015,262,0.7116457837251314
251,131.524,0.7110977534607273,0.7516144131480749,2015_yk_367,Yukon,2015,263.048,0.7116599369061422
252,132.048,0.7112209033762525,0.7464996494603923,2015_yk_367,Yukon,2015,264.096,0.7116339816488196
253,132.572,0.7111719678304382,0.7405024878447555,2015_yk_367,Yukon,2015,265.144,0.7116657358548476
254,133.096,0.7111982965503272,0.7203755658203277,2015_yk_367,Yukon,2015,266.192,0.7116674835754105
255,133.62,0.7122405023640147,0.738155972192451,2015_yk_367,Yukon,2015,267.24,0.7117104532359119
256,134.144,0.7103227516964213,0.7422064273407961,2015_yk_367,Yukon,2015,268.288,0.7117350421315294
257,134.668,0.7124346926031532,0.7187710897998405,2015_yk_367,Yukon,2015,269.336,0.7117601798240311
258,135.192,0.711740390117328,0.7194003796072197,2015_yk_367,Yukon,2015,270.384,0.711786674548384
259,135.716,0.7127862772645709,0.7590864163177106,2015_yk_367,Yukon,2015,271.432,0.7118015286429025
260,136.24,0.7111472114646046,0.7325922587670146,2015_yk_367,Yukon,2015,272.48,0.7118193651140675
261,136.764,0.712039481400998,0.7084244403169435,2015_yk_367,Yukon,2015,273.528,0.7118097342412526
262,137.288,0.7117235213459459,0.7184005940708946,2015_yk_367,Yukon,2015,274.576,0.7117920370391839
263,137.812,0.7108907979140203,0.7051184925429478,2015_yk_367,Yukon,2015,275.624,0.7118097332039184
264,138.336,0.7117847189105381,0.663670078798753,2015_yk_367,Yukon,2015,276.672,0.7118234381629861
265,138.86,0.7120000751881707,0.6800814650008747,2015_yk_367,Yukon,2015,277.72,0.7118358270766552
266,139.384,0.7107207299478314,0.7318745418641369,2015_yk_367,Yukon,2015,278.76800000000003,0.7118099986677308
267,139.90800000000002,0.7102675535053025,0.7285228814742967,2015_yk_367,Yukon,2015,279.81600000000003,0.7118470449459733
268,140.43200000000002,0.7132815783625147,0.7026652180641609,2015_yk_367,Yukon,2015,280.86400000000003,0.7118926441032886
269,140.95600000000002,0.712103540179332,0.7043518054955769,2015_yk_367,Yukon,2015,281.91200000000003,0.7119299208601152
270,141.48000000000002,0.71163134128383,0.7109641132236694,2015_yk_367,Yukon,2015,282.96000000000004,0.7119516172787839
271,142.00400000000002,0.7099696678133047,0.6916295376973194,2015_yk_367,Yukon,2015,284.00800000000004,0.7119350782264376
272,142.52800000000002,0.7112385599309625,0.6862064249194416,2015_yk_367,Yukon,2015,285.05600000000004,0.7119652417479195
273,143.05200000000002,0.7123795351746088,0.733988579335144,2015_yk_367,Yukon,2015,286.10400000000004,0.7120050682682267
274,143.576,0.7126417157336601,0.7268265684069967,2015_yk_367,Yukon,2015,287.152,0.7120225259548908
275,144.1,0.7123528245769571,0.6874959394084892,2015_yk_367,Yukon,2015,288.2,0.7120196673038655
276,144.624,0.7109521863168853,0.704993996515544,2015_yk_367,Yukon,2015,289.248,0.7120274137471587
277,145.148,0.713503974345433,0.7184693282132055,2015_yk_367,Yukon,2015,290.296,0.7120309784881053
278,145.672,0.7130479337304485,0.7120375802730424,2015_yk_367,Yukon,2015,291.344,0.7120965001851756
279,146.196,0.7114973928916883,0.68270504672812,2015_yk_367,Yukon,2015,292.392,0.7120945931029564
280,146.72,0.7121459380713259,0.7134721415126316,2015_yk_367,Yukon,2015,293.44,0.7121430543822646
281,147.244,0.7122550821514827,0.7151823913362543,2015_yk_367,Yukon,2015,294.488,0.7121897521946009
282,147.768,0.7112272570108524,0.6946730478545681,2015_yk_367,Yukon,2015,295.536,0.7122026245779574
283,148.292,0.7130970133757564,0.6999633762871992,2015_yk_367,Yukon,2015,296.584,0.7122390658112452
284,148.816,0.7118514283818727,0.7193562015575756,2015_yk_367,Yukon,2015,297.632,0.7122917675950674
285,149.34,0.7129297679818474,0.6904483091946603,2015_yk_367,Yukon,2015,298.68,0.7123307282360103
286,149.864,0.7122607833451768,0.6608565553606546,2015_yk_367,Yukon,2015,299.728,0.712379090061146
287,150.388,0.7130118366634588,0.6980854751749589,2015_yk_367,Yukon,2015,300.776,0.712413884104769
288,150.912,0.7123644039174813,0.6811016754653985,2015_yk_367,Yukon,2015,301.824,0.7124360960070143
289,151.436,0.7118802191775238,0.636723986480651,2015_yk_367,Yukon,2015,302.872,0.7124598291814805
290,151.96,0.711739906326501,0.6714746654823024,2015_yk_367,Yukon,2015,303.92,0.712513099825857
291,152.484,0.7120446306889929,0.7071441310614585,2015_yk_367,Yukon,2015,304.968,0.7125390888597186
292,153.008,0.710888656687621,0.6829934187960621,2015_yk_367,Yukon,2015,306.016,0.7125556657117115
293,153.532,0.7118605254393704,0.6699934810394559,2015_yk_367,Yukon,2015,307.064,0.7125915142417545
294,154.056,0.7125869932289968,0.6977471607961503,2015_yk_367,Yukon,2015,308.112,0.7126446952798061
295,154.58,0.7126898086280072,0.6825557924808625,2015_yk_367,Yukon,2015,309.16,0.7126835687104296
296,155.104,0.7108138208470075,0.6569413845534454,2015_yk_367,Yukon,2015,310.208,0.7127303706289451
297,155.628,0.7129045329323421,0.6703373387454761,2015_yk_367,Yukon,2015,311.25600000000003,0.7127866364258763
298,156.15200000000002,0.7141194677072724,0.6937675006926135,2015_yk_367,Yukon,2015,312.30400000000003,0.7127835762136797
299,156.67600000000002,0.713793283286149,0.6776531902106897,2015_yk_367,Yukon,2015,313.35200000000003,0.7128171751043045
300,157.20000000000002,0.7128738962675091,0.6624291523004678,2015_yk_367,Yukon,2015,314.40000000000003,0.7128429926983816
301,157.72400000000002,0.7112821886463969,0.6665415874822467,2015_yk_367,Yukon,2015,315.44800000000004,0.7129204160878936
302,158.24800000000002,0.7133361009125104,0.6633569740626137,2015_yk_367,Yukon,2015,316.49600000000004,0.7129487028463953
303,158.77200000000002,0.7143659343406045,0.6279048697326731,2015_yk_367,Yukon,2015,317.54400000000004,0.712962584904146
304,159.29600000000002,0.7121916823903562,0.6243657414816872,2015_yk_367,Yukon,2015,318.59200000000004,0.7129823851052614
305,159.82,0.7110309707020233,0.6573916923087794,2015_yk_367,Yukon,2015,319.64,0.712992627051438
306,160.344,0.7131780123568964,0.6680359210092236,2015_yk_367,Yukon,2015,320.688,0.7130638562090892
307,160.868,0.7133722656201341,0.6476986467563131,2015_yk_367,Yukon,2015,321.736,0.7130537261731352
308,161.392,0.713987021300194,0.6555583092979816,2015_yk_367,Yukon,2015,322.784,0.7130543067534831
309,161.916,0.7127834384815189,0.6934470457475166,2015_yk_367,Yukon,2015,323.832,0.7130646808391837
310,162.44,0.7143285207884118,0.6798845850240385,2015_yk_367,Yukon,2015,324.88,0.7131039003836736
311,162.964,0.7138996222009146,0.6674158991516874,2015_yk_367,Yukon,2015,325.928,0.7131219317106844
312,163.488,0.711993246377639,0.6975922751727889,2015_yk_367,Yukon,2015,326.976,0.7131851934998045
313,164.012,0.7133584418277061,0.6882329072680724,2015_yk_367,Yukon,2015,328.024,0.7132235585850354
314,164.536,0.7143604035796614,0.6841153515702787,2015_yk_367,Yukon,2015,329.072,0.7132571096784996
315,165.06,0.7145781408205875,0.7037842891746877,2015_yk_367,Yukon,2015,330.12,0.7132934795997815
316,165.584,0.7132244612045582,0.698137974350969,2015_yk_367,Yukon,2015,331.168,0.7133267980631736
317,166.108,0.7145223352205391,0.6821370785534898,2015_yk_367,Yukon,2015,332.216,0.713345910950541
318,166.632,0.7130731042520443,0.6498776613202982,2015_yk_367,Yukon,2015,333.264,0.7133329592845187
319,167.156,0.7142102677325495,0.6690144919759327,2015_yk_367,Yukon,2015,334.312,0.7133486641972426
320,167.68,0.714343450127187,0.6713827561740783,2015_yk_367,Yukon,2015,335.36,0.7133971251608492
321,168.204,0.7135988234326922,0.6616639042742698,2015_yk_367,Yukon,2015,336.408,0.7134227605723389
322,168.728,0.7127181324655214,0.6781349342602707,2015_yk_367,Yukon,2015,337.456,0.7134669224481065
323,169.252,0.7130417097166037,0.6753409055053397,2015_yk_367,Yukon,2015,338.504,0.7135160277974483
324,169.776,0.7149755811936379,0.6512638578606129,2015_yk_367,Yukon,2015,339.552,0.7135136957542091
325,170.3,0.7143324810255745,0.643062627805799,2015_yk_367,Yukon,2015,340.6,0.7135319037082367
326,170.824,0.7135288450587616,0.6724400967806525,2015_yk_367,Yukon,2015,341.648,0.7135900734783173
327,171.348,0.7136435013211676,0.6718249298482846,2015_yk_367,Yukon,2015,342.696,0.7136249585646712
328,171.872,0.7130979656307225,0.681675563566145,2015_yk_367,Yukon,2015,343.744,0.7136189495666171
329,172.39600000000002,0.7141194736168246,0.6769492300516219,2015_yk_367,Yukon,2015,344.79200000000003,0.7136009861951824
330,172.92000000000002,0.7131803969284484,0.6945138216121414,2015_yk_367,Yukon,2015,345.84000000000003,0.7136300046314532
331,173.44400000000002,0.7146150711840291,0.6953686852130349,2015_yk_367,Yukon,2015,346.88800000000003,0.713648721324065
332,173.96800000000002,0.7129357654410677,0.677445239812945,2015_yk_367,Yukon,2015,347.93600000000004,0.7136695559065739
333,174.49200000000002,0.7132124586396502,0.6912912531518882,2015_yk_367,Yukon,2015,348.98400000000004,0.7136431336649616
334,175.01600000000002,0.713829727800578,0.6951057398768012,2015_yk_367,Yukon,2015,350.03200000000004,0.7136907238764267
335,175.54000000000002,0.7129673413475555,0.6807359259077159,2015_yk_367,Yukon,2015,351.08000000000004,0.7137177215104535
336,176.06400000000002,0.7152259357759598,0.6615526908634015,2015_yk_367,Yukon,2015,352.12800000000004,0.713712685583569
337,176.58800000000002,0.7128961721881965,0.6671346268434241,2015_yk_367,Yukon,2015,353.17600000000004,0.7137114539178012
338,177.112,0.7130827685513182,0.6662140270411889,2015_yk_367,Yukon,2015,354.224,0.7137494834481365
339,177.636,0.7121198380337245,0.6407263824788346,2015_yk_367,Yukon,2015,355.272,0.7137854877615436
340,178.16,0.7144991107407157,0.6453723984627812,2015_yk_367,Yukon,2015,356.32,0.7137659960672629
341,178.684,0.7133369617721342,0.6669679164860796,2015_yk_367,Yukon,2015,357.368,0.7137811352725428
342,179.208,0.7150229643580586,0.6792566079921027,2015_yk_367,Yukon,2015,358.416,0.7138202158718878
343,179.732,0.7153989184896126,0.6717665988839958,2015_yk_367,Yukon,2015,359.464,0.7137883175139678
344,180.256,0.7138644939897288,0.687195526112266,2015_yk_367,Yukon,2015,360.512,0.7137817246878809
345,180.78,0.7151119632587539,0.700388223409104,2015_yk_367,Yukon,2015,361.56,0.7137912185757372
346,181.304,0.7142598911487013,0.6679909683985447,2015_yk_367,Yukon,2015,362.608,0.713797602900552
347,181.828,0.7141586099055042,0.6569067033384829,2015_yk_367,Yukon,2015,363.656,0.713774284853921
348,182.352,0.711587303956139,0.6837585748027368,2015_yk_367,Yukon,2015,364.704,0.713787842007595
349,182.876,0.7128225139409542,0.6844288840595503,2015_yk_367,Yukon,2015,365.752,0.7137800227441484
350,183.4,0.7146475641428975,0.6741197619826743,2015_yk_367,Yukon,2015,366.8,0.7137814796984715
351,183.924,0.713582755378376,0.6867188939633095,2015_yk_367,Yukon,2015,367.848,0.7138034611053513
352,184.448,0.7135383692336835,0.6899325868847227,2015_yk_367,Yukon,2015,368.896,0.7138094679636683
353,184.972,0.7148068463998716,0.6745254165699668,2015_yk_367,Yukon,2015,369.944,0.7138353305164862
354,185.496,0.71244707063465,0.6761540355476288,2015_yk_367,Yukon,2015,370.992,0.7138453656453797
355,186.02,0.7137822858696625,0.6754678747656468,2015_yk_367,Yukon,2015,372.04,0.7138342430397843
356,186.544,0.714304007051844,0.6749578491027791,2015_yk_367,Yukon,2015,373.088,0.7138342529973146
357,187.068,0.7149976381135776,0.6578796987141982,2015_yk_367,Yukon,2015,374.136,0.7138696882540949
358,187.592,0.7137589278240222,0.679635266611944,2015_yk_367,Yukon,2015,375.184,0.7138963263601007
359,188.116,0.7127154810000729,0.6799682316106802,2015_yk_367,Yukon,2015,376.232,0.713903955937523
360,188.64,0.7146150024437548,0.6676269715997045,2015_yk_367,Yukon,2015,377.28,0.7139498007377334
361,189.164,0.7124051902031028,0.668138494632986,2015_yk_367,Yukon,2015,378.328,0.7139675239951586
362,189.688,0.7145861758630472,0.6841589995526366,2015_yk_367,Yukon,2015,379.376,0.7139813239515818
363,190.212,0.7127805998438643,0.6747227381370842,2015_yk_367,Yukon,2015,380.424,0.7140081156789874
364,190.736,0.7150470950782639,0.6544526379964234,2015_yk_367,Yukon,2015,381.472,0.7140272110009989
365,191.26,0.7126508287436335,0.6571709340620263,2015_yk_367,Yukon,2015,382.52,0.7140448651614769
366,191.784,0.7128758567438263,0.6852314276129108,2015_yk_367,Yukon,2015,383.568,0.7140203176251622
367,192.308,0.7132983656740697,0.6825545195952528,2015_yk_367,Yukon,2015,384.616,0.7140481362589629
368,192.832,0.7162687931203121,0.6767839887877375,2015_yk_367,Yukon,2015,385.664,0.7140771498029549
369,193.356,0.7149436972859481,0.6932429274337147,2015_yk_367,Yukon,2015,386.712,0.7141271952952408
370,193.88,0.713159019131565,0.6901431920600835,2015_yk_367,Yukon,2015,387.76,0.7141685998082746
371,194.404,0.7148079745177152,0.67023505869934,2015_yk_367,Yukon,2015,388.808,0.7141653633002174
372,194.928,0.7143380823383394,0.6847293950089697,2015_yk_367,Yukon,2015,389.856,0.7141559647644172
373,195.452,0.7114445403525,0.6957011192847127,2015_yk_367,Yukon,2015,390.904,0.7141014687340371
374,195.976,0.713964834014458,0.6769069644709255,2015_yk_367,Yukon,2015,391.952,0.7141281727897867
375,196.5,0.7151477740919594,0.6711384350679686,2015_yk_367,Yukon,2015,393,0.7141385822204079
376,197.024,0.7136075206934493,0.6940461638291239,2015_yk_367,Yukon,2015,394.048,0.71414681901236
377,197.548,0.7131232524226812,0.6945991875491441,2015_yk_367,Yukon,2015,395.096,0.7141565680873039
378,198.072,0.7138865334724874,0.6705707440393044,2015_yk_367,Yukon,2015,396.144,0.7142040385182992
379,198.596,0.7137411119257498,0.6791911246226406,2015_yk_367,Yukon,2015,397.192,0.7142240141080506
380,199.12,0.7144308673865669,0.679830519678066,2015_yk_367,Yukon,2015,398.24,0.7142213734061694
381,199.644,0.7149177078454801,0.667908664743718,2015_yk_367,Yukon,2015,399.288,0.7142586334274658
382,200.168,0.7130785439645346,0.6394114513215708,2015_yk_367,Yukon,2015,400.336,0.7142929817715105
383,200.692,0.7145934628856806,0.6491937783936003,2015_yk_367,Yukon,2015,401.384,0.7143188881873079
384,201.216,0.7155776889272508,0.6817537967814936,2015_yk_367,Yukon,2015,402.432,0.7143793908799282
385,201.74,0.7136651246898474,0.6877740891210525,2015_yk_367,Yukon,2015,403.48,0.7143988814913539
386,202.264,0.7135294425105856,0.6781482744096943,2015_yk_367,Yukon,2015,404.528,0.7144209884307767
387,202.788,0.715769616727988,0.6996754448285928,2015_yk_367,Yukon,2015,405.576,0.7143896825267537
388,203.312,0.7146962519910677,0.6850540870171128,2015_yk_367,Yukon,2015,406.624,0.714453515263848
389,203.836,0.7145772482621591,0.6648833861348765,2015_yk_367,Yukon,2015,407.672,0.7144969765404175
390,204.36,0.7159310849410745,0.663611622756754,2015_yk_367,Yukon,2015,408.72,0.7145551520423489
391,204.884,0.7156784666295443,0.6910194735208163,2015_yk_367,Yukon,2015,409.768,0.7146233384592294
392,205.408,0.7137637628264556,0.6794791483169879,2015_yk_367,Yukon,2015,410.816,0.7146615195419389
393,205.932,0.7148199622839847,0.6626040560918829,2015_yk_367,Yukon,2015,411.864,0.7147135751598288
394,206.456,0.7149754471212695,0.6711292461744702,2015_yk_367,Yukon,2015,412.912,0.7147500383047691
395,206.98,0.7140265909762445,0.6731631228358218,2015_yk_367,Yukon,2015,413.96,0.7148019151328625
396,207.504,0.7137530835970721,0.6614945602946319,2015_yk_367,Yukon,2015,415.008,0.7148423812223194
397,208.028,0.7145652902162389,0.6701388023134573,2015_yk_367,Yukon,2015,416.056,0.7149020875021327
398,208.552,0.7148235811908331,0.6899587511808429,2015_yk_367,Yukon,2015,417.104,0.7148980825493599
399,209.076,0.7151225675708824,0.6728493085667665,2015_yk_367,Yukon,2015,418.152,0.7149496025022546
400,209.6,0.7169833815227429,0.6761003619243775,2015_yk_367,Yukon,2015,419.2000000000001,0.7150101069428485
401,210.124,0.7131427712886985,0.6938068040273484,2015_yk_367,Yukon,2015,420.2480000000001,0.7150430880685591
402,210.648,0.7144590522100456,0.6839028667921402,2015_yk_367,Yukon,2015,421.296,0.7151207966891675
403,211.172,0.7121291566668065,0.65456719195831,2015_yk_367,Yukon,2015,422.344,0.715224050420331
404,211.696,0.7154667373347078,0.6512396502099567,2015_yk_367,Yukon,2015,423.392,0.7152523058909086
405,212.22,0.7157365290960328,0.6906826199378527,2015_yk_367,Yukon,2015,424.44,0.7152611064032192
406,212.744,0.7147540986658195,0.691027456860456,2015_yk_367,Yukon,2015,425.488,0.7153179656839262
407,213.268,0.7147435544021353,0.6596527633560234,2015_yk_367,Yukon,2015,426.536,0.7153636359649432
408,213.792,0.7144355298158607,0.6508857033207954,2015_yk_367,Yukon,2015,427.584,0.7154107749372988
409,214.316,0.714021049326036,0.6479495496252968,2015_yk_367,Yukon,2015,428.632,0.715495512873795
410,214.84,0.7144891220300251,0.6388169098540197,2015_yk_367,Yukon,2015,429.68,0.7155382766439778
411,215.364,0.7158183566561588,0.6404235186569334,2015_yk_367,Yukon,2015,430.728,0.7155942462926167
412,215.888,0.7155992698763675,0.6471834878186886,2015_yk_367,Yukon,2015,431.776,0.7156627727554259
413,216.412,0.7163612313477223,0.6443840168735658,2015_yk_367,Yukon,2015,432.824,0.7157170248527438
414,216.936,0.7160772321918611,0.6266216466835002,2015_yk_367,Yukon,2015,433.872,0.7157782278703129
415,217.46,0.7149517225552087,0.6532154478867048,2015_yk_367,Yukon,2015,434.92,0.7158323073173725
416,217.984,0.7156304234172168,0.66301678158124,2015_yk_367,Yukon,2015,435.968,0.7158844287410382
417,218.508,0.7131192838721904,0.6340967568380232,2015_yk_367,Yukon,2015,437.016,0.7159420158575921
418,219.032,0.7175888920496779,0.6206829712265924,2015_yk_367,Yukon,2015,438.064,0.7159913146382515
419,219.556,0.7153231575942459,0.6354998886639848,2015_yk_367,Yukon,2015,439.112,0.7160607202952395
420,220.08,0.7181055325596325,0.6366980297638044,2015_yk_367,Yukon,2015,440.16,0.7161291371270219
421,220.604,0.7164963752159387,0.6203825359648213,2015_yk_367,Yukon,2015,441.208,0.7161723029968847
422,221.128,0.7168770408256175,0.6362227685829579,2015_yk_367,Yukon,2015,442.256,0.7162692506806901
423,221.652,0.7159039369172588,0.6482780878955167,2015_yk_367,Yukon,2015,443.304,0.7162937219309204
424,222.176,0.7172348837746837,0.6439873040784628,2015_yk_367,Yukon,2015,444.352,0.7163319924285789
425,222.7,0.7157634384292338,0.6166663460456525,2015_yk_367,Yukon,2015,445.4,0.7164048567792695
426,223.224,0.7153038221112411,0.6368212505503833,2015_yk_367,Yukon,2015,446.448,0.7164742656685233
427,223.748,0.7168807424628657,0.6303926907237625,2015_yk_367,Yukon,2015,447.496,0.7165415098587962
428,224.272,0.716028495953946,0.6076428754974492,2015_yk_367,Yukon,2015,448.544,0.7165868974178092
429,224.796,0.71803489445962565,0.6139487485542335,2015_yk_367,Yukon,2015,449.592,0.7166309838050553
430,225.32,0.7167892855672032,0.63622651997111,2015_yk_367,Yukon,2015,450.64,0.716666740922477
431,225.844,0.7167868420603563,0.616896859533127,2015_yk_367,Yukon,2015,451.6880000000001,0.7167373753293802
432,226.368,0.7190005995748443,0.5943544558418181,2015_yk_367,Yukon,2015,452.7360000000001,0.7167820175396132
433,226.892,0.7176397642223125,0.5947802719539271,2015_yk_367,Yukon,2015,453.784,0.7169050143359521
434,227.416,0.7156601622491081,0.6081089573216845,2015_yk_367,Yukon,2015,454.832,0.7169081921138148
435,227.94,0.7156758048305947,0.5960043515707608,2015_yk_367,Yukon,2015,455.88,0.7169234789985712
436,228.464,0.7170190775358699,0.5875847328393188,2015_yk_367,Yukon,2015,456.928,0.7169770635573545
437,228.988,0.7158634692837038,0.6038353286552381,2015_yk_367,Yukon,2015,457.976,0.7170493932025895
438,229.512,0.7167148718138208,0.6034673936768249,2015_yk_367,Yukon,2015,459.024,0.7171118836164283
439,230.036,0.7188253881155203,0.581157937568066,2015_yk_367,Yukon,2015,460.072,0.7171652877640223
440,230.56,0.7169966935975429,0.602067045387418,2015_yk_367,Yukon,2015,461.12,0.7172381814835459
441,231.084,0.7182758867638113,0.602953818667424,2015_yk_367,Yukon,2015,462.168,0.7172591509697216
442,231.608,0.7171901317330819,0.5895376907030186,2015_yk_367,Yukon,2015,463.216,0.7173205891733051
443,232.132,0.7178485887247577,0.5955008484656329,2015_yk_367,Yukon,2015,464.264,0.7173455525307905
444,232.656,0.7192498699813955,0.6205530951684294,2015_yk_367,Yukon,2015,465.312,0.717385550814789
445,233.18,0.7169098915134243,0.6112171192328092,2015_yk_367,Yukon,2015,466.36,0.7174202439468237
446,233.704,0.7166567279305303,0.5833197894379774,2015_yk_367,Yukon,2015,467.408,0.717532258100806
447,234.228,0.7192248437212214,0.577871506749974,2015_yk_367,Yukon,2015,468.456,0.7176397460477915
448,234.752,0.7176541788306319,0.5909192868163995,2015_yk_367,Yukon,2015,469.504,0.7176743150079361
449,235.276,0.718741587681441,0.5669856850332783,2015_yk_367,Yukon,2015,470.552,0.7177378581739322
450,235.8,0.7200360948480214,0.5398982833495352,2015_yk_367,Yukon,2015,471.6,0.7177403741616976
451,236.324,0.7182684188213118,0.5570308592232409,2015_yk_367,Yukon,2015,472.648,0.7177728482817287
452,236.848,0.7195806238547756,0.5526693857775744,2015_yk_367,Yukon,2015,473.696,0.7177911943833853
453,237.372,0.7162882372978089,0.555816600764718,2015_yk_367,Yukon,2015,474.744,0.7178337022680793
454,237.896,0.71727167698078,0.5608374406818593,2015_yk_367,Yukon,2015,475.792,0.7178592507681876
455,238.42,0.7183984520176812,0.5827657235033271,2015_yk_367,Yukon,2015,476.84,0.7179375864447756
456,238.944,0.7179176169523036,0.5796500546570105,2015_yk_367,Yukon,2015,477.888,0.7180033544026692
457,239.468,0.7185999416326097,0.5464634601815946,2015_yk_367,Yukon,2015,478.936,0.7180456116666675
458,239.992,0.7175468347316186,0.55129641297136,2015_yk_367,Yukon,2015,479.984,0.7180619031328597
459,240.516,0.7177677508056419,0.5715024754402673,2015_yk_367,Yukon,2015,481.032,0.7180996898014893
460,241.04,0.7191288085680391,0.5410227435347941,2015_yk_367,Yukon,2015,482.08,0.7181057928918079
461,241.564,0.7173808357028952,0.5418740654801502,2015_yk_367,Yukon,2015,483.128,0.7181259921532567
462,242.088,0.7171375848240333,0.5686246117195372,2015_yk_367,Yukon,2015,484.176,0.718122213580563
463,242.612,0.7195089644471409,0.5399230013763915,2015_yk_367,Yukon,2015,485.2240000000001,0.7181244688805923
464,243.136,0.7156574040064693,0.5165928372289831,2015_yk_367,Yukon,2015,486.2720000000001,0.7181728827184287
465,243.66000000000005,0.7166537421814095,0.5469073154804339,2015_yk_367,Yukon,2015,487.3200000000001,0.7182486537369008
466,244.184,0.717969172192813,0.5663981376222881,2015_yk_367,Yukon,2015,488.368,0.7182841010320301
467,244.708,0.7190833331162384,0.5519598270033537,2015_yk_367,Yukon,2015,489.416,0.7183067273389951
468,245.232,0.7181849546461885,0.5508226289226389,2015_yk_367,Yukon,2015,490.464,0.7183367912907798
469,245.756,0.7172252981816845,0.5634398205729758,2015_yk_367,Yukon,2015,491.512,0.718325691174395
470,246.28,0.7188627452014347,0.5522363413824705,2015_yk_367,Yukon,2015,492.56,0.7183375178571308
471,246.804,0.7170765258267003,0.5393211643723126,2015_yk_367,Yukon,2015,493.608,0.7183768335229268
472,247.328,0.7192855620913806,0.559117483943021,2015_yk_367,Yukon,2015,494.656,0.7183850305324692
473,247.852,0.7178590327968445,0.570621641676177,2015_yk_367,Yukon,2015,495.704,0.7184005285341349
474,248.376,0.7184771292317771,0.5600528986305509,2015_yk_367,Yukon,2015,496.752,0.7183920186760917
475,248.9,0.7170333104772831,0.555422806714006,2015_yk_367,Yukon,2015,497.8,0.7184398376014588
476,249.424,0.7223512726561548,0.5632146681733816,2015_yk_367,Yukon,2015,498.848,0.7184867742288604
477,249.948,0.7195685606913222,0.5502340509157575,2015_yk_367,Yukon,2015,499.896,0.7184778075791995
478,250.472,0.7196630296583488,0.5372369920721991,2015_yk_367,Yukon,2015,500.944,0.7184883359104864
479,250.996,0.7191357475540171,0.542137865493168,2015_yk_367,Yukon,2015,501.992,0.7185002626911352
480,251.52,0.7182564918255521,0.5514211701796418,2015_yk_367,Yukon,2015,503.04,0.718466071763141
481,252.044,0.7184448224178057,0.5532527612690736,2015_yk_367,Yukon,2015,504.088,0.7184797652120276
482,252.568,0.717977806925018,0.5335247904785215,2015_yk_367,Yukon,2015,505.136,0.7184596612163429
483,253.092,0.7184544099988988,0.5548798764883383,2015_yk_367,Yukon,2015,506.184,0.7184615667323602
484,253.616,0.7187677937811803,0.5603989606010746,2015_yk_367,Yukon,2015,507.232,0.7185107468872377
485,254.14,0.72046357902451,0.5476647551205238,2015_yk_367,Yukon,2015,508.28,0.7185060059172729
486,254.664,0.7192498995848658,0.5474256958322028,2015_yk_367,Yukon,2015,509.328,0.718507669659026
487,255.188,0.7194161783027591,0.5614711346820436,2015_yk_367,Yukon,2015,510.376,0.7185294231588862
488,255.712,0.7170059839254782,0.5562053647362935,2015_yk_367,Yukon,2015,511.424,0.718527522752225
489,256.236,0.7203020945774037,0.5384931651369562,2015_yk_367,Yukon,2015,512.472,0.7185843800107822
490,256.76,0.7171554709863126,0.5454681458275611,2015_yk_367,Yukon,2015,513.52,0.7185583124286966
491,257.284,0.7179987977472918,0.5645981143024018,2015_yk_367,Yukon,2015,514.568,0.7185815035498241
492,257.808,0.7187738852132283,0.5439703071414954,2015_yk_367,Yukon,2015,515.616,0.7186157861462169
493,258.332,0.7177750822240623,0.5434887799645463,2015_yk_367,Yukon,2015,516.664,0.7186456454273763
494,258.856,0.7185649925192875,0.5743541627028296,2015_yk_367,Yukon,2015,517.712,0.7187006472107635
495,259.38,0.7202220659389241,0.5715229033443883,2015_yk_367,Yukon,2015,518.76,0.7187505309393589
496,259.904,0.7191459152436277,0.5437571433639435,2015_yk_367,Yukon,2015,519.808,0.718735115456639
497,260.428,0.7172210477016093,0.5616109178402142,2015_yk_367,Yukon,2015,520.856,0.7187192781436421
498,260.952,0.7185187089208962,0.575391374879331,2015_yk_367,Yukon,2015,521.904,0.7187428688204094
499,261.476,0.7181593811324404,0.5427437584646787,2015_yk_367,Yukon,2015,522.952,0.7187428437771627
500,262,0.7177062945616892,0.5193336123791258,2015_yk_367,Yukon,2015,524,0.7187260187403193
501,262.524,0.7206348267115711,0.5581503606910486,2015_yk_367,Yukon,2015,525.048,0.7187469299755428
502,263.048,0.7176819523056256,0.5883761960153677,2015_yk_367,Yukon,2015,526.096,0.7187636401254206
503,263.572,0.7187784688247053,0.58786374640726,2015_yk_367,Yukon,2015,527.144,0.7187500431348487
504,264.096,0.7187392784988005,0.6010812883949175,2015_yk_367,Yukon,2015,528.192,0.7187724231987869
505,264.62,0.7197790270354486,0.600027799055132,2015_yk_367,Yukon,2015,529.24,0.7188024668399206
506,265.144,0.719472925574621,0.5721444332967169,2015_yk_367,Yukon,2015,530.288,0.7187532708523492
507,265.668,0.7186868447415675,0.5614307219721401,2015_yk_367,Yukon,2015,531.336,0.7187110515685021
508,266.192,0.7182858787078472,0.5823481113167197,2015_yk_367,Yukon,2015,532.384,0.7186777504794041
509,266.716,0.7194571945203678,0.5816729086211796,2015_yk_367,Yukon,2015,533.432,0.7186702427113043
510,267.24,0.7179846391683719,0.5540090957008981,2015_yk_367,Yukon,2015,534.48,0.7186734152801558
511,267.764,0.7190900257545042,0.5514569038706101,2015_yk_367,Yukon,2015,535.528,0.7186964311137053
512,268.288,0.7183743841136873,0.5602210608698931,2015_yk_367,Yukon,2015,536.576,0.7186977342672111
513,268.812,0.7164025682588484,0.5420097271898153,2015_yk_367,Yukon,2015,537.624,0.7186736148787911
514,269.336,0.7202224862734267,0.55009398231234,2015_yk_367,Yukon,2015,538.672,0.7186723733390942
515,269.86,0.7181139938197917,0.5691112441929456,2015_yk_367,Yukon,2015,539.72,0.7186652122677545
516,270.384,0.7180174414574945,0.5851984671301232,2015_yk_367,Yukon,2015,540.768,0.7186626493427279
517,270.908,0.7199051516242201,0.5683973565462488,2015_yk_367,Yukon,2015,541.816,0.7186482200835954
518,271.432,0.7174328103319367,0.5647800101957197,2015_yk_367,Yukon,2015,542.864,0.718717443474541
519,271.956,0.721179186319076,0.5738651248209025,2015_yk_367,Yukon,2015,543.912,0.7186881945607017
520,272.48,0.7175647536429052,0.5665647543080068,2015_yk_367,Yukon,2015,544.96,0.7187056038306623
521,273.004,0.7187723029705372,0.5520971690741601,2015_yk_367,Yukon,2015,546.008,0.7187093726218834
522,273.528,0.7191945406076076,0.569117644475967,2015_yk_367,Yukon,2015,547.056,0.718709231026316
523,274.052,0.7213005213167036,0.5872011494762911,2015_yk_367,Yukon,2015,548.104,0.7187491234525779
524,274.576,0.7189575110097067,0.564484670620936,2015_yk_367,Yukon,2015,549.152,0.7187703791510206
525,275.1,0.7196467658971344,0.558912427187694,2015_yk_367,Yukon,2015,550.2,0.7187410475011841
526,275.624,0.717044243229621,0.583647318199497,2015_yk_367,Yukon,2015,551.248,0.7187452863331077
527,276.148,0.7181330943364242,0.5853276349978864,2015_yk_367,Yukon,2015,552.296,0.7187591018641565
528,276.672,0.71960039525222,0.5763872529370789,2015_yk_367,Yukon,2015,553.344,0.7187584167360404
529,277.196,0.7172237955868883,0.6095346110392119,2015_yk_367,Yukon,2015,554.392,0.718760345450512
530,277.72,0.7178532429908303,0.6249144113949593,2015_yk_367,Yukon,2015,555.44,0.7187745565150732
531,278.244,0.7183311999401129,0.5914131387505965,2015_yk_367,Yukon,2015,556.488,0.7187273516050787
532,278.76800000000003,0.7202881710840504,0.5615416320988469,2015_yk_367,Yukon,2015,557.5360000000001,0.71874644879902
533,279.29200000000003,0.7170432133625301,0.5993834635549349,2015_yk_367,Yukon,2015,558.5840000000001,0.7187390425750775
534,279.81600000000003,0.7198199330680666,0.6107004311939863,2015_yk_367,Yukon,2015,559.6320000000001,0.7187400481096439
535,280.34000000000003,0.71883592894531,0.5911626550571771,2015_yk_367,Yukon,2015,560.6800000000001,0.7186919674715014
536,280.86400000000003,0.7193995134018674,0.6125689405738712,2015_yk_367,Yukon,2015,561.7280000000001,0.718659693040703
537,281.38800000000003,0.7170354036605017,0.6493864874518879,2015_yk_367,Yukon,2015,562.7760000000001,0.7186973373601866
538,281.91200000000003,0.7176649643124636,0.6374644380815954,2015_yk_367,Yukon,2015,563.8240000000001,0.7186971597155062
539,282.43600000000004,0.7186852814680287,0.6107886996758783,2015_yk_367,Yukon,2015,564.8720000000001,0.7186883942599552
540,282.96000000000004,0.7184468459566422,0.6176954402305965,2015_yk_367,Yukon,2015,565.9200000000001,0.7187345610629559
541,283.48400000000004,0.7198257724307703,0.6328330550356865,2015_yk_367,Yukon,2015,566.9680000000001,0.7187123358709141
542,284.00800000000004,0.7180559961353671,0.6110668620255929,2015_yk_367,Yukon,2015,568.0160000000001,0.7187300935077656
543,284.53200000000004,0.7170072466937043,0.6162531991786873,2015_yk_367,Yukon,2015,569.0640000000001,0.7187462110877818
544,285.05600000000004,0.7186933013993627,0.6724940167170369,2015_yk_367,Yukon,2015,570.1120000000001,0.7186990531242177
545,285.58000000000004,0.7200339147441295,0.6454963907320436,2015_yk_367,Yukon,2015,571.1600000000001,0.7186993842133649
546,286.104,0.7190961240832753,0.6473605215663459,2015_yk_367,Yukon,2015,572.208,0.7187218153630578
547,286.628,0.7185504227548053,0.6827979810378646,2015_yk_367,Yukon,2015,573.256,0.7187199065230135
548,287.152,0.7211593873822191,0.6999089594525841,2015_yk_367,Yukon,2015,574.304,0.7187321115940687
549,287.676,0.7185471597470401,0.6686020742122041,2015_yk_367,Yukon,2015,575.352,0.7187052558384279
550,288.2,0.7182000271839503,0.6500330386272423,2015_yk_367,Yukon,2015,576.4,0.7187069255061105
551,288.724,0.718224925220556,0.68958547971848,2015_yk_367,Yukon,2015,577.448,0.7187171827298483
552,289.248,0.7187653894791852,0.7066367934223382,2015_yk_367,Yukon,2015,578.496,0.7187314243584237
553,289.772,0.7201686277997787,0.6728915057752856,2015_yk_367,Yukon,2015,579.544,0.718694670631477
554,290.296,0.7198403344258499,0.6549820610823541,2015_yk_367,Yukon,2015,580.592,0.7186936805356555
555,290.82,0.7184621669487294,0.6618313702699737,2015_yk_367,Yukon,2015,581.64,0.7186814670217156
556,291.344,0.7194002451590484,0.6586981461010832,2015_yk_367,Yukon,2015,582.688,0.7187125205241752
557,291.868,0.7180499795645349,0.6547330610306232,2015_yk_367,Yukon,2015,583.736,0.7187006937972478
558,292.392,0.7184776012339277,0.6715913043681289,2015_yk_367,Yukon,2015,584.784,0.7186975826456964
559,292.916,0.7182751040007382,0.6865241453472403,2015_yk_367,Yukon,2015,585.832,0.7187380314420954
560,293.44,0.7185589584353517,0.6784351199042669,2015_yk_367,Yukon,2015,586.88,0.718753738166578
561,293.964,0.7178025321119077,0.6705248198145415,2015_yk_367,Yukon,2015,587.928,0.7187756534474727
562,294.488,0.7188277839421019,0.6720589134414605,2015_yk_367,Yukon,2015,588.976,0.7187541711406745
563,295.012,0.7183340953881578,0.7036608780271526,2015_yk_367,Yukon,2015,590.024,0.7187834363655681
564,295.536,0.7187996105727796,0.6869407698130915,2015_yk_367,Yukon,2015,591.072,0.7187592115078382
565,296.06,0.7168941887469066,0.7076132931081726,2015_yk_367,Yukon,2015,592.12,0.7187476800397233
566,296.584,0.7175364597267178,0.730367078734936,2015_yk_367,Yukon,2015,593.168,0.7187227526885519
567,297.108,0.7209455039105848,0.692718240001647,2015_yk_367,Yukon,2015,594.216,0.7187208339155119
568,297.632,0.7182752200270258,0.6797615100367164,2015_yk_367,Yukon,2015,595.264,0.7187400503338301
569,298.156,0.718931267187307,0.6934435317109227,2015_yk_367,Yukon,2015,596.312,0.7187326019026706
570,298.68,0.7207546473484083,0.7062301615587171,2015_yk_367,Yukon,2015,597.36,0.7187414795436913
571,299.204,0.7177565142319977,0.6884054142205139,2015_yk_367,Yukon,2015,598.408,0.7187442925532893
572,299.728,0.7194398423247733,0.6972771188762757,2015_yk_367,Yukon,2015,599.456,0.7187768613817548
573,300.252,0.7173696230598229,0.7274623971337053,2015_yk_367,Yukon,2015,600.504,0.7187994389684272
574,300.776,0.717393008459578,0.6845506207606987,2015_yk_367,Yukon,2015,601.552,0.718800145324013
575,301.3,0.7181338591686269,0.6715995455458039,2015_yk_367,Yukon,2015,602.6,0.7187937994431256
576,301.824,0.7193633104390706,0.7023974191886893,2015_yk_367,Yukon,2015,603.648,0.7187807632219015
577,302.348,0.7197906212215653,0.7097173110385541,2015_yk_367,Yukon,2015,604.696,0.7187841742211484
578,302.872,0.7181651145952479,0.6576288907844912,2015_yk_367,Yukon,2015,605.744,0.7187417149206075
579,303.396,0.7195678409806318,0.6730355574532129,2015_yk_367,Yukon,2015,606.792,0.718749666770837
580,303.92,0.7176649337038608,0.6977727634455935,2015_yk_367,Yukon,2015,607.84,0.7187513131854583
581,304.444,0.7193877363948024,0.6887538095468799,2015_yk_367,Yukon,2015,608.888,0.7187588243013817
582,304.968,0.7200490383221358,0.684948394295051,2015_yk_367,Yukon,2015,609.936,0.718771387305963
583,305.492,0.7190952976998953,0.6820330567733766,2015_yk_367,Yukon,2015,610.984,0.7187336033014609
584,306.016,0.7188981052604173,0.6792636015516271,2015_yk_367,Yukon,2015,612.032,0.7187196570728724
585,306.54,0.7189139550607431,0.6508134167828218,2015_yk_367,Yukon,2015,613.08,0.7187273879445212
586,307.064,0.7189074533771999,0.6536380480804854,2015_yk_367,Yukon,2015,614.128,0.7187002137645161
587,307.588,0.7174234907207776,0.6586653601142871,2015_yk_367,Yukon,2015,615.176,0.7187234702626727
588,308.112,0.7194137261591379,0.6395147197358003,2015_yk_367,Yukon,2015,616.224,0.718728456035511
589,308.636,0.7196507233708226,0.6047699269459791,2015_yk_367,Yukon,2015,617.272,0.7187335772308839
590,309.16,0.7187956464597842,0.6371290402912518,2015_yk_367,Yukon,2015,618.32,0.7187540093057656
591,309.684,0.7196461167938013,0.6499899463259471,2015_yk_367,Yukon,2015,619.368,0.7187708306698417
592,310.208,0.7189992326761583,0.6412132405344503,2015_yk_367,Yukon,2015,620.416,0.718757522764724
593,310.732,0.7187991268561403,0.6466876687936463,2015_yk_367,Yukon,2015,621.464,0.7187839727739499
594,311.25600000000003,0.7183664416042742,0.6705960822215697,2015_yk_367,Yukon,2015,622.5120000000001,0.7187887284532694
595,311.78000000000003,0.7181440408584218,0.6685897226589724,2015_yk_367,Yukon,2015,623.5600000000001,0.7188128002786504
596,312.30400000000003,0.7179038723315818,0.632267049303539,2015_yk_367,Yukon,2015,624.6080000000001,0.7188438008225029
597,312.82800000000003,0.7169202772780975,0.6286424903773183,2015_yk_367,Yukon,2015,625.6560000000001,0.718824325824236
598,313.35200000000003,0.7188179494115622,0.6474025862718165,2015_yk_367,Yukon,2015,626.7040000000001,0.7188082185360417
599,313.87600000000003,0.7182383755984543,0.6405691476707481,2015_yk_367,Yukon,2015,627.7520000000001,0.7188023471156323
600,314.40000000000003,0.7189795044178797,0.6355308208941512,2015_yk_367,Yukon,2015,628.8000000000001,0.7187712076932158
601,314.92400000000004,0.7199945530066525,0.6428621058042978,2015_yk_367,Yukon,2015,629.8480000000001,0.7187871332619375
602,315.44800000000004,0.7200101258432914,0.642321718332301,2015_yk_367,Yukon,2015,630.8960000000001,0.7187572777904851
603,315.97200000000004,0.7183619018940577,0.5986953751529616,2015_yk_367,Yukon,2015,631.9440000000001,0.7188213851740258
604,316.49600000000004,0.7187356827345126,0.60790034490529,2015_yk_367,Yukon,2015,632.9920000000001,0.7188422228277518
605,317.02000000000004,0.7196531618908849,0.6066660702996922,2015_yk_367,Yukon,2015,634.0400000000001,0.7188250133204254
606,317.54400000000004,0.7183139508098245,0.5790808499901565,2015_yk_367,Yukon,2015,635.0880000000001,0.7188367152190285
607,318.06800000000004,0.7187550827096192,0.5796014131265105,2015_yk_367,Yukon,2015,636.1360000000001,0.718798870176711
608,318.59200000000004,0.7186118293497675,0.6206913607944761,2015_yk_367,Yukon,2015,637.1840000000001,0.7188302178802852
609,319.116,0.7190242707608125,0.6464271761505574,2015_yk_367,Yukon,2015,638.232,0.718827554872976
610,319.64,0.7182988120612264,0.6120483397622555,2015_yk_367,Yukon,2015,639.28,0.7188675873686702
611,320.164,0.7186755921759627,0.5974003450159059,2015_yk_367,Yukon,2015,640.328,0.71887058665547
612,320.688,0.7195191697540625,0.621539606958439,2015_yk_367,Yukon,2015,641.376,0.7188307061490637
613,321.212,0.7179015875296497,0.6266481402528191,2015_yk_367,Yukon,2015,642.424,0.718805341598888
614,321.736,0.7190035607105435,0.6017502012397696,2015_yk_367,Yukon,2015,643.472,0.7188026549082437
615,322.26,0.7189260192476606,0.6153601256648779,2015_yk_367,Yukon,2015,644.52,0.71883157171785
616,322.784,0.7177697943587427,0.6429871151529122,2015_yk_367,Yukon,2015,645.568,0.7188696809145168
617,323.308,0.7194453694539333,0.6423141915780008,2015_yk_367,Yukon,2015,646.616,0.7189028484954155
618,323.832,0.7187767476042329,0.6186498472954806,2015_yk_367,Yukon,2015,647.664,0.7189036591821957
619,324.356,0.7185823757231049,0.6340476856140987,2015_yk_367,Yukon,2015,648.712,0.7188797968996067
620,324.88,0.7197848829282546,0.6419789810663281,2015_yk_367,Yukon,2015,649.76,0.7188691888884949
621,325.404,0.718811813956475,0.617766228083252,2015_yk_367,Yukon,2015,650.808,0.7188537301213818
622,325.928,0.7180293096350414,0.6202334314317083,2015_yk_367,Yukon,2015,651.856,0.7188887237270001
623,326.452,0.7199210959417051,0.6360177090096781,2015_yk_367,Yukon,2015,652.904,0.7188824417869878
624,326.976,0.719084951331947,0.6240586740338502,2015_yk_367,Yukon,2015,653.952,0.7188680865773216
625,327.5,0.7183384982697687,0.61355786616375,2015_yk_367,Yukon,2015,655,0.7188861269480594
626,328.024,0.719396492357871,0.6337220492392317,2015_yk_367,Yukon,2015,656.048,0.7188964397840587
627,328.548,0.7197770040145707,0.6278671740581725,2015_yk_367,Yukon,2015,657.096,0.7189181612203297
628,329.072,0.7173087827353648,0.6107128193912487,2015_yk_367,Yukon,2015,658.144,0.7189000614409793
629,329.596,0.7185789819627442,0.6261498393639482,2015_yk_367,Yukon,2015,659.192,0.7189069560779902
630,330.12,0.7188862820034174,0.6416444828621058,2015_yk_367,Yukon,2015,660.24,0.7188979081265173
631,330.644,0.7187120483553022,0.6208193860779974,2015_yk_367,Yukon,2015,661.288,0.7188927189133035
632,331.168,0.7176485140376254,0.609056945523923,2015_yk_367,Yukon,2015,662.336,0.7188569029101316
633,331.692,0.7212160660722685,0.6243340047238385,2015_yk_367,Yukon,2015,663.384,0.7188612904211449
634,332.216,0.7186432676831362,0.6264533471311046,2015_yk_367,Yukon,2015,664.432,0.7188689237709014
635,332.74,0.7171012887290421,0.6164402156499015,2015_yk_367,Yukon,2015,665.48,0.7188386827463719
636,333.264,0.7200654243552526,0.6127913213481153,2015_yk_367,Yukon,2015,666.528,0.7188628842596793
637,333.788,0.7175199186825136,0.6376234065078543,2015_yk_367,Yukon,2015,667.576,0.7188491515105908
638,334.312,0.7200459768097032,0.6422348496626095,2015_yk_367,Yukon,2015,668.624,0.7188783460280251
639,334.836,0.7194080605420813,0.6201591961542544,2015_yk_367,Yukon,2015,669.672,0.7188802279881409
640,335.36,0.720066883445508,0.6260414162969967,2015_yk_367,Yukon,2015,670.72,0.7188667106675114
641,335.884,0.7195676936027912,0.6386565441463465,2015_yk_367,Yukon,2015,671.768,0.718857919500579
642,336.408,0.7176562079377634,0.6234002803340599,2015_yk_367,Yukon,2015,672.816,0.718838870049412
643,336.932,0.7175734246893529,0.6191044689427083,2015_yk_367,Yukon,2015,673.864,0.7188759659982212
644,337.456,0.7187369038217611,0.6375486138472708,2015_yk_367,Yukon,2015,674.912,0.7188667839335223
645,337.98,0.7206489636371208,0.6312385283775375,2015_yk_367,Yukon,2015,675.96,0.7188740125257546
646,338.504,0.7211940051772056,0.6139977333728374,2015_yk_367,Yukon,2015,677.008,0.7189226617595861
647,339.028,0.7194135455747029,0.633818919173844,2015_yk_367,Yukon,2015,678.056,0.7189256794149158
648,339.552,0.7194623673659448,0.6505679863858286,2015_yk_367,Yukon,2015,679.104,0.7189244851212206
649,340.076,0.7182189864154797,0.6371246606629022,2015_yk_367,Yukon,2015,680.152,0.718927597642469
650,340.6,0.7181591657930789,0.6225530028910603,2015_yk_367,Yukon,2015,681.2,0.7189276531711848
651,341.124,0.718718590767018,0.6356767433682862,2015_yk_367,Yukon,2015,682.248,0.7189254631225638
652,341.648,0.7210988490132569,0.6491324820665866,2015_yk_367,Yukon,2015,683.296,0.7189434412797607
653,342.172,0.7184222104554004,0.6278519091766186,2015_yk_367,Yukon,2015,684.344,0.7189244107989438
654,342.696,0.7175051290243025,0.6330928813662745,2015_yk_367,Yukon,2015,685.392,0.7189226710185438
655,343.22,0.7192264631026948,0.6410368354858086,2015_yk_367,Yukon,2015,686.44,0.7189230427164105
656,343.744,0.7185226424915362,0.6255607866765367,2015_yk_367,Yukon,2015,687.488,0.7189024503910801
657,344.26800000000003,0.7182235634543543,0.5993156249643224,2015_yk_367,Yukon,2015,688.5360000000001,0.7189146056347868
658,344.79200000000003,0.7177319626505374,0.6245378179120258,2015_yk_367,Yukon,2015,689.5840000000001,0.7189597610563698
659,345.31600000000003,0.7186520538191056,0.6475727422845318,2015_yk_367,Yukon,2015,690.6320000000001,0.7189597554964998
660,345.84000000000003,0.7184366273295052,0.616208542500175,2015_yk_367,Yukon,2015,691.6800000000001,0.7189781337544829
661,346.36400000000003,0.7196832002138278,0.6152235739977908,2015_yk_367,Yukon,2015,692.7280000000001,0.7189767058118421
662,346.88800000000003,0.717861165652977,0.622921167983534,2015_yk_367,Yukon,2015,693.7760000000001,0.7189852543263485
663,347.41200000000003,0.7186251525548539,0.6208694187892873,2015_yk_367,Yukon,2015,694.8240000000001,0.7189739404424702
664,347.93600000000004,0.7191936837199018,0.5982910781240018,2015_yk_367,Yukon,2015,695.8720000000001,0.7190275305146543
665,348.46000000000004,0.7178387004191153,0.6128972598205842,2015_yk_367,Yukon,2015,696.9200000000001,0.7190550286028453
666,348.98400000000004,0.7197660416082701,0.626888788776688,2015_yk_367,Yukon,2015,697.9680000000001,0.7190545196653452
667,349.50800000000004,0.7179311177643041,0.6129551888910949,2015_yk_367,Yukon,2015,699.0160000000001,0.7190832289626409
668,350.03200000000004,0.7203635003958242,0.5988057159512442,2015_yk_367,Yukon,2015,700.0640000000001,0.7190700800525727
669,350.55600000000004,0.71913718836776,0.610536298726041,2015_yk_367,Yukon,2015,701.1120000000001,0.7190604128732969
670,351.08000000000004,0.7174877728234563,0.6176622209410507,2015_yk_367,Yukon,2015,702.1600000000001,0.7190538063436617
671,351.60400000000004,0.7181481221600139,0.6030742419251394,2015_yk_367,Yukon,2015,703.2080000000001,0.7190685623160298
672,352.12800000000004,0.7183762026840464,0.6020886442070995,2015_yk_367,Yukon,2015,704.2560000000001,0.7190888849282197
673,352.65200000000004,0.7201273444581996,0.6207559933481682,2015_yk_367,Yukon,2015,705.3040000000001,0.7191021409422077
674,353.176,0.7184526368286017,0.6167423520426527,2015_yk_367,Yukon,2015,706.352,0.7191015084716276
675,353.7,0.71935973478159565,0.6032601480001295,2015_yk_367,Yukon,2015,707.4,0.7190773428537142
676,354.224,0.7206887483886283,0.6185258870799766,2015_yk_367,Yukon,2015,708.448,0.7190527884049677
677,354.748,0.7196264287737225,0.6081132908726127,2015_yk_367,Yukon,2015,709.496,0.7190846022799343
678,355.272,0.718705089982522,0.5733346599959064,2015_yk_367,Yukon,2015,710.544,0.7190811356280115
679,355.796,0.7187691269980084,0.5807019576350402,2015_yk_367,Yukon,2015,711.592,0.7190837861485214
680,356.32,0.7197882146511976,0.6072227406169178,2015_yk_367,Yukon,2015,712.64,0.7190739720318133
681,356.844,0.7186804110392188,0.5865278533913999,2015_yk_367,Yukon,2015,713.688,0.7190755591555392
682,357.368,0.7191079990668524,0.5802963358320308,2015_yk_367,Yukon,2015,714.736,0.7190260605679841
683,357.892,0.7187792670926805,0.5902757499480712,2015_yk_367,Yukon,2015,715.784,0.7190342293873603
684,358.416,0.7189805645079559,0.6033648477099396,2015_yk_367,Yukon,2015,716.832,0.7190434497872695
685,358.94,0.7183608001417726,0.6004381941869715,2015_yk_367,Yukon,2015,717.88,0.7190715692127003
686,359.464,0.7181609528380489,0.6065111728619654,2015_yk_367,Yukon,2015,718.928,0.7190482173534067
687,359.988,0.7205063186369728,0.6242107987340766,2015_yk_367,Yukon,2015,719.976,0.7190542322209736
688,360.512,0.7200181080303415,0.6096772641356782,2015_yk_367,Yukon,2015,721.024,0.719068587408435
689,361.036,0.7185786483705497,0.583046861457492,2015_yk_367,Yukon,2015,722.072,0.7190880214709942
690,361.56,0.7199889774824011,0.5954167964145276,2015_yk_367,Yukon,2015,723.12,0.7191000505790374
691,362.084,0.7186263717968557,0.612059190672197,2015_yk_367,Yukon,2015,724.168,0.7190887575556109
692,362.608,0.7181614249080113,0.5962544823009739,2015_yk_367,Yukon,2015,725.216,0.7190718799326636
693,363.132,0.720537233039569,0.5876470375596997,2015_yk_367,Yukon,2015,726.264,0.7191143788097917
694,363.656,0.7218586720141827,0.6037766250575487,2015_yk_367,Yukon,2015,727.312,0.7191437499776033
695,364.18,0.7187511740205039,0.6034930314362325,2015_yk_367,Yukon,2015,728.36,0.7191463785415186
696,364.704,0.7200348881052435,0.5728028887181956,2015_yk_367,Yukon,2015,729.408,0.719143612248056
697,365.228,0.7192424765202567,0.5774377338275059,2015_yk_367,Yukon,2015,730.456,0.7191660786274551
698,365.752,0.7192570422056104,0.5821815941410966,2015_yk_367,Yukon,2015,731.504,0.7191627085603127
699,366.276,0.7188280297855326,0.5655233758906821,2015_yk_367,Yukon,2015,732.552,0.7191686183794078
700,366.8,0.7196704916673973,0.5552355738465886,2015_yk_367,Yukon,2015,733.6,0.7192005259159058
701,367.324,0.7204530519448702,0.5846527916037891,2015_yk_367,Yukon,2015,734.648,0.7192005098101435
702,367.848,0.7188755646691627,0.5788420488078659,2015_yk_367,Yukon,2015,735.696,0.7192041155899661
703,368.372,0.7183687855286301,0.5630038327160215,2015_yk_367,Yukon,2015,736.744,0.7191472988088637
704,368.896,0.7186989555869536,0.5823165815932494,2015_yk_367,Yukon,2015,737.792,0.7191367866713778
705,369.42,0.719199026562317,0.6050382527052084,2015_yk_367,Yukon,2015,738.84,0.7191721970952144
706,369.944,0.7197207382524178,0.5895447500006131,2015_yk_367,Yukon,2015,739.888,0.7191714990541423
707,370.468,0.7213223780726962,0.5688357576088492,2015_yk_367,Yukon,2015,740.936,0.7191511632813761
708,370.992,0.7192543682505783,0.5678854188336749,2015_yk_367,Yukon,2015,741.984,0.7191218678380621
709,371.516,0.7183780176460729,0.5559865756980594,2015_yk_367,Yukon,2015,743.032,0.7190935815222841
710,372.04,0.7175703187905984,0.5365645772063355,2015_yk_367,Yukon,2015,744.08,0.7190750142966199
711,372.564,0.7188138181905693,0.5620145517257024,2015_yk_367,Yukon,2015,745.128,0.7190973399371088
712,373.088,0.7181289337599575,0.5738235836680513,2015_yk_367,Yukon,2015,746.176,0.7190806656758177
713,373.612,0.7189123396179744,0.5734916082864833,2015_yk_367,Yukon,2015,747.224,0.7191262971534995
714,374.136,0.7180583530188527,0.547127336765076,2015_yk_367,Yukon,2015,748.272,0.7191374088649615
715,374.66,0.7209136286285492,0.5522448132325937,2015_yk_367,Yukon,2015,749.32,0.7191393977412418
716,375.184,0.7171215309339197,0.5762570727910227,2015_yk_367,Yukon,2015,750.368,0.7191732710183479
717,375.708,0.7185844555083759,0.5616835503560951,2015_yk_367,Yukon,2015,751.416,0.7191005970310731
718,376.232,0.7185932738982175,0.5438510387028849,2015_yk_367,Yukon,2015,752.464,0.7190765727548994
719,376.756,0.7198180975726478,0.5430421368801405,2015_yk_367,Yukon,2015,753.5120000000001,0.7190808350974954
720,377.28,0.7191583738120999,0.5347316557504861,2015_yk_367,Yukon,2015,754.5600000000001,0.7190482149659942
721,377.804,0.7190056188082381,0.5126811590165039,2015_yk_367,Yukon,2015,755.6080000000001,0.7190529415837003
722,378.328,0.7168485082761464,0.539937470689502,2015_yk_367,Yukon,2015,756.6560000000001,0.7190481450314753
723,378.852,0.7211750851825366,0.5384073541188839,2015_yk_367,Yukon,2015,757.7040000000001,0.7189925209731496
724,379.376,0.7209559537886061,0.5056105823778261,2015_yk_367,Yukon,2015,758.7520000000001,0.7189470145043068
725,379.9,0.7179964142540322,0.5121050242260566,2015_yk_367,Yukon,2015,759.8000000000001,0.7189769643572189
726,380.424,0.7196000640005112,0.5339504873747942,2015_yk_367,Yukon,2015,760.8480000000001,0.7189664899151851
727,380.948,0.7192791005282494,0.5522877784850371,2015_yk_367,Yukon,2015,761.8960000000001,0.7189592036787149
728,381.472,0.7201612963672762,0.5300991083529905,2015_yk_367,Yukon,2015,762.9440000000001,0.7189301981678029
729,381.996,0.7194917775134707,0.5479283662789648,2015_yk_367,Yukon,2015,763.9920000000001,0.7189604450349685
730,382.52,0.7194022250133372,0.5596198464304613,2015_yk_367,Yukon,2015,765.0400000000001,0.7189653921695686
731,383.044,0.7181471558142765,0.5298981196614517,2015_yk_367,Yukon,2015,766.0880000000001,0.7189807181294492
732,383.568,0.7185925494734016,0.5100836493029884,2015_yk_367,Yukon,2015,767.1360000000001,0.7189985774260415
733,384.092,0.7167183375920566,0.5250835076522196,2015_yk_367,Yukon,2015,768.1840000000001,0.7190205966241732
734,384.616,0.7178219085794433,0.5172893942227837,2015_yk_367,Yukon,2015,769.2320000000001,0.7190501881378863
735,385.14,0.7214843602117847,0.511679576176249,2015_yk_367,Yukon,2015,770.2800000000001,0.7190172764218513
736,385.664,0.720646865924304,0.5280269285658622,2015_yk_367,Yukon,2015,771.3280000000001,0.7190401459746839
737,386.188,0.718406282407752,0.535241374064777,2015_yk_367,Yukon,2015,772.376,0.7190075956762694
738,386.712,0.7169473633836817,0.5107844630353996,2015_yk_367,Yukon,2015,773.424,0.7190104642712595
739,387.236,0.7170719480513323,0.497954375093885,2015_yk_367,Yukon,2015,774.472,0.7190308606596802
740,387.76,0.7186741811113497,0.5162327773042943,2015_yk_367,Yukon,2015,775.52,0.7190726388934294
741,388.284,0.7200199494685463,0.5102151521144765,2015_yk_367,Yukon,2015,776.568,0.7190436047037082
742,388.808,0.7181075433893873,0.49574236077002287,2015_yk_367,Yukon,2015,777.616,0.7190370618907612
743,389.332,0.7215171557535895,0.5171193797719346,2015_yk_367,Yukon,2015,778.664,0.719038810841606
744,389.856,0.7196472671956723,0.5337398741288012,2015_yk_367,Yukon,2015,779.712,0.7190795744860056
745,390.38,0.7184801327185953,0.5146283958511324,2015_yk_367,Yukon,2015,780.76,0.7190490406480269
746,390.904,0.72019334946441,0.49717887792548127,2015_yk_367,Yukon,2015,781.808,0.719089807749205
747,391.428,0.71614587940049,0.5125037897164243,2015_yk_367,Yukon,2015,782.856,0.7191088344553069
748,391.952,0.7185766514599214,0.521386052673482,2015_yk_367,Yukon,2015,783.904,0.7191028822716475
749,392.476,0.7188343889263112,0.49759308791336254,2015_yk_367,Yukon,2015,784.952,0.7190829049785433
750,393,0.718031769592327,0.5017120803614313,2015_yk_367,Yukon,2015,786,0.7190899519401708
751,393.524,0.7189099688592194,0.5081577251101388,2015_yk_367,Yukon,2015,787.048,0.7191450753763723
752,394.048,0.7178736317745066,0.5150002216827022,2015_yk_367,Yukon,2015,788.096,0.7191796596897271
753,394.572,0.717199789540026,0.496890671583364,2015_yk_367,Yukon,2015,789.144,0.7191477884458837
754,395.096,0.7191282838836099,0.5069460181726239,2015_yk_367,Yukon,2015,790.192,0.7190962015529405
755,395.62,0.7205481651952327,0.511305789989376,2015_yk_367,Yukon,2015,791.24,0.719159137933821
756,396.144,0.7194064215832162,0.493478693591752,2015_yk_367,Yukon,2015,792.288,0.7191090162522359
757,396.668,0.7188053023320522,0.47318202519389974,2015_yk_367,Yukon,2015,793.336,0.7191361869996176
758,397.192,0.717516711550893,0.4690224403501532,2015_yk_367,Yukon,2015,794.384,0.7191165503923431
759,397.716,0.7206428418154688,0.4921521064189747,2015_yk_367,Yukon,2015,795.432,0.7191173718579444
760,398.24,0.719967319743398,0.4814483449679844,2015_yk_367,Yukon,2015,796.48,0.7191179014725517
761,398.764,0.7213726095377097,0.49114458822415413,2015_yk_367,Yukon,2015,797.528,0.7191372599314401
762,399.288,0.7199471224646933,0.5166588295809772,2015_yk_367,Yukon,2015,798.576,0.7191386964726301
763,399.812,0.7196899374165411,0.5056093930115299,2015_yk_367,Yukon,2015,799.624,0.7192022502985861
764,400.336,0.7204744464097437,0.49186403394530454,2015_yk_367,Yukon,2015,800.672,0.7192126955607132
765,400.86,0.7172243236002144,0.5086620822671993,2015_yk_367,Yukon,2015,801.72,0.7191307669484599
766,401.384,0.7210929114223712,0.5046558863060735,2015_yk_367,Yukon,2015,802.768,0.7190973138932483
767,401.908,0.7193693601678292,0.46638278909847314,2015_yk_367,Yukon,2015,803.816,0.71912265574668
768,402.432,0.7194264839499818,0.4879098590266122,2015_yk_367,Yukon,2015,804.864,0.7191668967473468
769,402.956,0.7196018009513173,0.5013609378801024,2015_yk_367,Yukon,2015,805.912,0.7192137484298587
770,403.48,0.7200770128155503,0.47838293982593383,2015_yk_367,Yukon,2015,806.96,0.7192379457082604
771,404.004,0.7170717668072932,0.46928238444373305,2015_yk_367,Yukon,2015,808.008,0.7192008679409199
772,404.528,0.7177363649831374,0.47288178694844657,2015_yk_367,Yukon,2015,809.056,0.7192112144965322
773,405.052,0.7190172766686611,0.4968817865298926,2015_yk_367,Yukon,2015,810.104,0.7191576422126722
774,405.576,0.7205041716828245,0.4977972808114049,2015_yk_367,Yukon,2015,811.152,0.7191466801840541
775,406.1,0.7190815983498263,0.5049857266516508,2015_yk_367,Yukon,2015,812.2,0.719162362988374
776,406.624,0.7195675570046057,0.5053168433555579,2015_yk_367,Yukon,2015,813.248,0.7191418985186806
777,407.148,0.7197260578744911,0.5053091143154741,2015_yk_367,Yukon,2015,814.296,0.719222607386951
778,407.672,0.7182361428786516,0.49565093228898394,2015_yk_367,Yukon,2015,815.344,0.7192655940322147
779,408.196,0.7186194599863924,0.5038096953084654,2015_yk_367,Yukon,2015,816.392,0.7192526249446359
780,408.72,0.7195811915097473,0.5017138615562532,2015_yk_367,Yukon,2015,817.44,0.71927362308701015
781,409.244,0.7223130249803301,0.4955432387614544,2015_yk_367,Yukon,2015,818.488,0.7192761531126842
782,409.768,0.718923567077435,0.48624466882025713,2015_yk_367,Yukon,2015,819.5360000000001,0.7192925068586024
783,410.292,0.7192628105519298,0.49875406652713006,2015_yk_367,Yukon,2015,820.5840000000001,0.719338473877697
784,410.816,0.7178607402120207,0.5081270834232255,2015_yk_367,Yukon,2015,821.6320000000001,0.7193741183039323
785,411.34,0.7217725971068613,0.506957014883957,2015_yk_367,Yukon,2015,822.6800000000001,0.7193029911526673
786,411.864,0.7165927631053983,0.5201681403452849,2015_yk_367,Yukon,2015,823.7280000000001,0.7192788265158071
787,412.388,0.720909345371148,0.5252645759789473,2015_yk_367,Yukon,2015,824.7760000000001,0.7193076576939392
788,412.912,0.7189830999308148,0.5191379134619339,2015_yk_367,Yukon,2015,825.8240000000001,0.7193217339270521
789,413.436,0.7195410654495472,0.5103544054714327,2015_yk_367,Yukon,2015,826.8720000000001,0.7193054149419846
790,413.96,0.7194340018897687,0.5268558060908604,2015_yk_367,Yukon,2015,827.9200000000001,0.7193040939954318
791,414.484,0.7193086633475816,0.5391376866983906,2015_yk_367,Yukon,2015,828.9680000000001,0.7192383862717079
792,415.008,0.7186787419448046,0.5088114944095217,2015_yk_367,Yukon,2015,830.0160000000001,0.7192509351693841
793,415.532,0.720531567149413,0.4848978818840152,2015_yk_367,Yukon,2015,831.0640000000001,0.7192781551331113
794,416.056,0.7184486243070736,0.5005524697875158,2015_yk_367,Yukon,2015,832.1120000000001,0.7192552921888297
795,416.58,0.7165686434765871,0.506145301992515,2015_yk_367,Yukon,2015,833.1600000000001,0.7192799155274885
796,417.104,0.7186396826116085,0.48869375008316696,2015_yk_367,Yukon,2015,834.2080000000001,0.7192901380006911
797,417.628,0.7199267936136587,0.5005649265970497,2015_yk_367,Yukon,2015,835.2560000000001,0.7192971453852871
798,418.152,0.7196018234236977,0.5105049831858758,2015_yk_367,Yukon,2015,836.3040000000001,0.7192391390696637
799,418.676,0.7198830490020485,0.5033552050826234,2015_yk_367,Yukon,2015,837.3520000000001,0.7192125002242431
800,419.2000000000001,0.7201260178154472,0.49688652521717314,2015_yk_367,Yukon,2015,838.4000000000001,0.7192267136381135
801,419.7240000000001,0.71779528342811,0.5075679303647681,2015_yk_367,Yukon,2015,839.4480000000001,0.7192657749773018
802,420.248,0.7187283367261275,0.49543999192049154,2015_yk_367,Yukon,2015,840.496,0.7192798132489732
803,420.772,0.7183028187219902,0.49010287324102614,2015_yk_367,Yukon,2015,841.544,0.7192534831091704
804,421.296,0.7189895454785922,0.5138758388122805,2015_yk_367,Yukon,2015,842.592,0.7192670971235363
805,421.82,0.7194211009777834,0.5313162247724048,2015_yk_367,Yukon,2015,843.64,0.719245434335107
806,422.344,0.7189654812828116,0.5141812777040775,2015_yk_367,Yukon,2015,844.688,0.7192001236428197
807,422.868,0.7209884114967096,0.48718305689790936,2015_yk_367,Yukon,2015,845.736,0.719202996648838
808,423.392,0.7211558501757461,0.4824752942753263,2015_yk_367,Yukon,2015,846.784,0.7192304895050184
809,423.916,0.7180562436715883,0.48553482844747864,2015_yk_367,Yukon,2015,847.832,0.7192476441752452
810,424.44,0.7192916581347751,0.49613034092160585,2015_yk_367,Yukon,2015,848.88,0.7192271078543093
811,424.964,0.7190617703996679,0.5007485307012124,2015_yk_367,Yukon,2015,849.928,0.7192227788342833
812,425.488,0.7188548565295914,0.5066500350010044,2015_yk_367,Yukon,2015,850.976,0.7192589915640645
813,426.012,0.7199578106857085,0.49666116140728694,2015_yk_367,Yukon,2015,852.024,0.7192650468068218
814,426.536,0.7212669494577251,0.49378223107945934,2015_yk_367,Yukon,2015,853.072,0.7193256938913777
815,427.06,0.7162805361193367,0.5024129110800974,2015_yk_367,Yukon,2015,854.12,0.7192963453818806
816,427.584,0.7179565433716024,0.5142212137621643,2015_yk_367,Yukon,2015,855.168,0.7193380017194497
817,428.108,0.7205351730199837,0.4770913825138864,2015_yk_367,Yukon,2015,856.216,0.7193331271699713
818,428.632,0.7183612855376653,0.47656427523387007,2015_yk_367,Yukon,2015,857.264,0.7193063297924024
819,429.156,0.7196637027114164,0.4962810081293552,2015_yk_367,Yukon,2015,858.312,0.7192951937092867
820,429.68,0.7198880629502306,0.497431891085257,2015_yk_367,Yukon,2015,859.36,0.7192830966626514
821,430.204,0.7174301461142655,0.4824590943551065,2015_yk_367,Yukon,2015,860.408,0.7192804929274587
822,430.728,0.7207000563252709,0.48426803709848304,2015_yk_367,Yukon,2015,861.456,0.7192915196491982
823,431.252,0.7213231352401761,0.4906090957930701,2015_yk_367,Yukon,2015,862.504,0.7192838158239812
824,431.776,0.7191026697528372,0.467196856959307,2015_yk_367,Yukon,2015,863.552,0.719303298138171
825,432.3,0.7187017239197445,0.47370468475979166,2015_yk_367,Yukon,2015,864.6,0.7193701124004332
826,432.824,0.7217062598145291,0.49137815559120895,2015_yk_367,Yukon,2015,865.648,0.7193761720193936
827,433.348,0.71978980324359,0.4800800141447212,2015_yk_367,Yukon,2015,866.696,0.7193647351928079
828,433.872,0.7159461050125815,0.4598175501865927,2015_yk_367,Yukon,2015,867.744,0.7193663085876862
829,434.396,0.7180034702260796,0.47234980626416617,2015_yk_367,Yukon,2015,868.792,0.7193364516319042
830,434.92,0.7209298176477756,0.4820008718652812,2015_yk_367,Yukon,2015,869.84,0.7193475080120759
831,435.444,0.7194154471585882,0.46487517602599365,2015_yk_367,Yukon,2015,870.888,0.719389540417606
832,435.968,0.7185786612834214,0.4591155267476852,2015_yk_367,Yukon,2015,871.936,0.7193835582367808
833,436.492,0.7174374682804926,0.46221145795724217,2015_yk_367,Yukon,2015,872.984,0.7193863474792502
834,437.016,0.7213210125447829,0.45899010360809855,2015_yk_367,Yukon,2015,874.032,0.7194017579678097
835,437.54,0.717781831044069,0.4488899692750008,2015_yk_367,Yukon,2015,875.08,0.7193779282562276
836,438.064,0.7168489154673734,0.4601690048660558,2015_yk_367,Yukon,2015,876.128,0.7193422132218475
837,438.588,0.7198984382355892,0.464151700320497,2015_yk_367,Yukon,2015,877.176,0.7192862413413755
838,439.112,0.7198857142494737,0.4594974172476564,2015_yk_367,Yukon,2015,878.224,0.7192344001592306
839,439.636,0.719648740199999,0.4454833826232146,2015_yk_367,Yukon,2015,879.272,0.7192534193067962
840,440.16,0.718349012253601,0.4648520953237373,2015_yk_367,Yukon,2015,880.32,0.7192470577561403
841,440.684,0.7220532837787662,0.4612299172396528,2015_yk_367,Yukon,2015,881.368,0.7191975004677527
842,441.208,0.7210963308643007,0.438530775249885,2015_yk_367,Yukon,2015,882.416,0.7191862009241435
843,441.732,0.7196261251173722,0.44409511924411155,2015_yk_367,Yukon,2015,883.464,0.7191505643332954
844,442.256,0.7214995652853704,0.466991679716367,2015_yk_367,Yukon,2015,884.5120000000001,0.7190832982240087
845,442.78,0.7200116865370362,0.47010824724884787,2015_yk_367,Yukon,2015,885.5600000000001,0.7190962403316179
846,443.304,0.7190921433595474,0.4537940373649814,2015_yk_367,Yukon,2015,886.6080000000001,0.7191148848406018
847,443.828,0.7206168724024459,0.45356135429572014,2015_yk_367,Yukon,2015,887.6560000000001,0.7190872792283185
848,444.352,0.717375257276677,0.45823637714287074,2015_yk_367,Yukon,2015,888.7040000000001,0.7190855595153404
849,444.876,0.7188729004626101,0.4459039652771403,2015_yk_367,Yukon,2015,889.7520000000001,0.7190667512094608
850,445.4,0.7187081790916553,0.4480674338674877,2015_yk_367,Yukon,2015,890.8000000000001,0.7190219183686103
851,445.924,0.7191524392360203,0.4640255665745672,2015_yk_367,Yukon,2015,891.8480000000001,0.7190513692416899
852,446.448,0.7193403452491762,0.46493916150888454,2015_yk_367,Yukon,2015,892.8960000000001,0.7190473411544057
853,446.972,0.7200693376363845,0.43665791352669,2015_yk_367,Yukon,2015,893.9440000000001,0.7189779048071752
854,447.496,0.7196175631584641,0.46004814445148384,2015_yk_367,Yukon,2015,894.9920000000001,0.7189279960306618
855,448.02,0.7205774992123203,0.4864263967887192,2015_yk_367,Yukon,2015,896.0400000000001,0.7188974434070062
856,448.544,0.7190032597492356,0.4754057253522416,2015_yk_367,Yukon,2015,897.0880000000001,0.7188328413724899
857,449.068,0.7192405840185035,0.44734449610176213,2015_yk_367,Yukon,2015,898.1360000000001,0.7187705851352739
858,449.592,0.7196962271164049,0.4594743662378531,2015_yk_367,Yukon,2015,899.1840000000001,0.7188087285949385
859,450.116,0.7180916316551271,0.4665589003708858,2015_yk_367,Yukon,2015,900.2320000000001,0.7187715618504821
860,450.64,0.7207894006257496,0.4476998143108973,2015_yk_367,Yukon,2015,901.28,0.7186868576663537
861,451.164,0.720317227759922,0.44508322489964935,2015_yk_367,Yukon,2015,902.328,0.7186220259251548
862,451.6880000000001,0.7183694058766129,0.4593529908653392,2015_yk_367,Yukon,2015,903.376,0.7185599845541347
863,452.2120000000001,0.7184701732701532,0.45385977836340663,2015_yk_367,Yukon,2015,904.424,0.7185109407796192
864,452.7360000000001,0.7199141747921622,0.4390801057610932,2015_yk_367,Yukon,2015,905.472,0.718442772495126
865,453.26,0.7179913182828581,0.44739703254303415,2015_yk_367,Yukon,2015,906.52,0.71842583515112
866,453.784,0.7168225792200029,0.45079262081430654,2015_yk_367,Yukon,2015,907.568,0.7184409404651092
867,454.308,0.7176300986683893,0.4316560754747674,2015_yk_367,Yukon,2015,908.616,0.7184117826275348
868,454.832,0.7180453792470489,0.4235021919862399,2015_yk_367,Yukon,2015,909.664,0.718365698928796
869,455.356,0.7191973925255304,0.44527473944380974,2015_yk_367,Yukon,2015,910.712,0.7183080916601202
870,455.88,0.7189099650954156,0.4675833037560234,2015_yk_367,Yukon,2015,911.76,0.7182955570285131
871,456.404,0.7160883330964131,0.4539531599350037,2015_yk_367,Yukon,2015,912.808,0.7181854671214606
872,456.928,0.7181768839130395,0.4572192183222935,2015_yk_367,Yukon,2015,913.856,0.7180907946723283
873,457.452,0.717819615234818,0.46438882015647526,2015_yk_367,Yukon,2015,914.904,0.7180243338834175
874,457.976,0.7172309829005284,0.45537017727324713,2015_yk_367,Yukon,2015,915.952,0.7179383704178047
875,458.5,0.7170570625758845,0.4477979514908718,2015_yk_367,Yukon,2015,917,0.7178765339305428
876,459.024,0.7190752139106363,0.47385372151354016,2015_yk_367,Yukon,2015,918.048,0.7178233200364349
877,459.548,0.7188788362829825,0.4799841819302558,2015_yk_367,Yukon,2015,919.096,0.717764711893931
878,460.072,0.7182581027589814,0.4782518122656511,2015_yk_367,Yukon,2015,920.144,0.7177862019107726
879,460.596,0.7185352043586453,0.49004141954340213,2015_yk_367,Yukon,2015,921.192,0.7177146585595259
880,461.12,0.7171980924991952,0.48987421000257103,2015_yk_367,Yukon,2015,922.24,0.7177011791917957
881,461.644,0.7191971984990448,0.4790093691195297,2015_yk_367,Yukon,2015,923.288,0.7176585541083081
882,462.168,0.7204583710882192,0.4797002565307208,2015_yk_367,Yukon,2015,924.336,0.7175738628847154
883,462.692,0.7171569544063435,0.4928671106016297,2015_yk_367,Yukon,2015,925.384,0.7174505343957525
884,463.216,0.716108143162037,0.48113083479181384,2015_yk_367,Yukon,2015,926.432,0.7174136782391108
885,463.74,0.7168685665004126,0.46551459642390286,2015_yk_367,Yukon,2015,927.48,0.7173224675867241
886,464.264,0.7178301377435435,0.46725862172949806,2015_yk_367,Yukon,2015,928.528,0.7172438881511238
887,464.788,0.7160544290106308,0.48901016126965186,2015_yk_367,Yukon,2015,929.576,0.7171740697487787
888,465.312,0.7182347125924592,0.4859880530169806,2015_yk_367,Yukon,2015,930.624,0.7170447784124044
889,465.836,0.715773465558694,0.47531893811018594,2015_yk_367,Yukon,2015,931.672,0.7170274634676544
890,466.36,0.7158475666000736,0.47962678750932486,2015_yk_367,Yukon,2015,932.72,0.7169099056631035
891,466.884,0.7155255426866555,0.48358493870521896,2015_yk_367,Yukon,2015,933.768,0.716831529152183
892,467.408,0.7148561790222192,0.480513409739057,2015_yk_367,Yukon,2015,934.816,0.7167603923336283
893,467.932,0.7144948418095582,0.48164848599483306,2015_yk_367,Yukon,2015,935.864,0.7166935494581755
894,468.456,0.7172309154751981,0.48965651689783263,2015_yk_367,Yukon,2015,936.912,0.7166234242144214
895,468.98,0.7167655904037081,0.49621440445840254,2015_yk_367,Yukon,2015,937.96,0.7165414773509275
896,469.504,0.7177552343067237,0.48453932005801814,2015_yk_367,Yukon,2015,939.008,0.7164957907997997
897,470.028,0.718148967981129,0.49612501314261487,2015_yk_367,Yukon,2015,940.056,0.7164173579389419
898,470.552,0.7171206923251404,0.50770531604525,2015_yk_367,Yukon,2015,941.104,0.716328296403057
899,471.076,0.7161923040794527,0.5069683089045718,2015_yk_367,Yukon,2015,942.152,0.7162585552418624
900,471.6,0.7175969343571711,0.49379406640306434,2015_yk_367,Yukon,2015,943.2,0.7161484783970465
901,472.124,0.7154478893556224,0.5113442058867476,2015_yk_367,Yukon,2015,944.248,0.71609587099688
902,472.648,0.7154159839163591,0.5146304827769395,2015_yk_367,Yukon,2015,945.296,0.7159894136341257
903,473.172,0.715638477782727,0.4934420137763299,2015_yk_367,Yukon,2015,946.344,0.7159369454711603
904,473.696,0.7163417573486026,0.5035573451941306,2015_yk_367,Yukon,2015,947.392,0.7159017920161186
905,474.22,0.7163014973013279,0.515509686061216,2015_yk_367,Yukon,2015,948.44,0.7158460484152016
906,474.744,0.7158993097130644,0.5098923701477173,2015_yk_367,Yukon,2015,949.488,0.7157345208520981
907,475.268,0.7171003838522132,0.48916514958954305,2015_yk_367,Yukon,2015,950.536,0.7156273172684834
908,475.792,0.7186646582871756,0.5010490591787926,2015_yk_367,Yukon,2015,951.584,0.715563466484287
909,476.316,0.7145802993878051,0.5176763664943651,2015_yk_367,Yukon,2015,952.632,0.7154360476499892
910,476.84,0.7178994170278433,0.5057042485352615,2015_yk_367,Yukon,2015,953.68,0.7153464531672395
911,477.364,0.7165949342267708,0.49694013287528166,2015_yk_367,Yukon,2015,954.728,0.7152376106947868
912,477.888,0.7142588718336078,0.5070848216095658,2015_yk_367,Yukon,2015,955.776,0.715121258622407
913,478.412,0.7126696282986069,0.5065811012099596,2015_yk_367,Yukon,2015,956.824,0.7150233975101637
914,478.936,0.7174061937599606,0.4940006109662852,2015_yk_367,Yukon,2015,957.872,0.7149857487282151
915,479.46,0.7151048600691193,0.4896266867648316,2015_yk_367,Yukon,2015,958.92,0.7149246276473278
916,479.984,0.7142884936132189,0.48800630661882366,2015_yk_367,Yukon,2015,959.968,0.7148131530117705
917,480.508,0.7150514798777989,0.4851109468898728,2015_yk_367,Yukon,2015,961.016,0.7147285637516754
918,481.032,0.7119387469339469,0.48900661890611463,2015_yk_367,Yukon,2015,962.064,0.714609273932559
919,481.556,0.7170527349701239,0.5171068333603641,2015_yk_367,Yukon,2015,963.112,0.71454564715594715
920,482.08,0.7137359323526968,0.5276634221398919,2015_yk_367,Yukon,2015,964.16,0.7144767756701829
921,482.604,0.7156146371046863,0.5080925752392982,2015_yk_367,Yukon,2015,965.208,0.7144179728294116
922,483.128,0.7141011967633334,0.5136714598821968,2015_yk_367,Yukon,2015,966.256,0.7143469722318602
923,483.652,0.7144596007429839,0.5291322568375492,2015_yk_367,Yukon,2015,967.304,0.7142800070592734
924,484.176,0.7157066601669148,0.5307788076946306,2015_yk_367,Yukon,2015,968.352,0.7141656732249171
925,484.7000000000001,0.7130745064732257,0.5144844063724628,2015_yk_367,Yukon,2015,969.4,0.7140804943580951
926,485.2240000000001,0.71408138615234,0.5363469310374851,2015_yk_367,Yukon,2015,970.448,0.7139863551085638
927,485.7480000000001,0.7129241270169114,0.5740426062365783,2015_yk_367,Yukon,2015,971.496,0.7138789059592828
928,486.2720000000001,0.7127016870939492,0.5794827232879206,2015_yk_367,Yukon,2015,972.544,0.713786310139579
929,486.7960000000001,0.7150129228538631,0.5702082935610353,2015_yk_367,Yukon,2015,973.592,0.7136988698957354
930,487.32,0.7123053544064623,0.6044772250758454,2015_yk_367,Yukon,2015,974.64,0.7135710439198686
931,487.844,0.7129318890864215,0.6105068809457999,2015_yk_367,Yukon,2015,975.688,0.7134700192900338
932,488.368,0.7117894421477761,0.5885921060842096,2015_yk_367,Yukon,2015,976.736,0.7133921133662611
933,488.892,0.7146715254568934,0.6008882355156719,2015_yk_367,Yukon,2015,977.784,0.7133170571823757
934,489.416,0.7151217755980225,0.6299888546600688,2015_yk_367,Yukon,2015,978.832,0.7132317563597985
935,489.94,0.7137124465208711,0.6239532237473755,2015_yk_367,Yukon,2015,979.88,0.7131391842207088
936,490.464,0.7123835601244246,0.6012632083535286,2015_yk_367,Yukon,2015,980.928,0.713066862132629
937,490.988,0.7124466212661058,0.6355248843489925,2015_yk_367,Yukon,2015,981.976,0.7129424463093389
938,491.512,0.7144270557072017,0.6483936925301282,2015_yk_367,Yukon,2015,983.024,0.7128105242597519
939,492.036,0.710890074300777,0.6369432317551401,2015_yk_367,Yukon,2015,984.072,0.7127350673055873
940,492.56,0.711822423534212,0.6464322024180845,2015_yk_367,Yukon,2015,985.12,0.7126177737768961
941,493.084,0.7126666501518698,0.6802497424775,2015_yk_367,Yukon,2015,986.168,0.7125164205738789
942,493.608,0.7134772467454409,0.6857275968071728,2015_yk_367,Yukon,2015,987.216,0.7124660027792203
943,494.132,0.7112852876717427,0.6897494511214421,2015_yk_367,Yukon,2015,988.264,0.7124293210481972
944,494.656,0.7138492162451134,0.7221777807154608,2015_yk_367,Yukon,2015,989.312,0.7123092638806608
945,495.18,0.7132013016471779,0.7485551107661513,2015_yk_367,Yukon,2015,990.36,0.7122378904440035
946,495.704,0.7111416596101067,0.7321354565568092,2015_yk_367,Yukon,2015,991.408,0.7121726992572024
947,496.228,0.7109790734049207,0.7433385578986215,2015_yk_367,Yukon,2015,992.456,0.7121156658778128
948,496.752,0.7110773234454782,0.761675688883467,2015_yk_367,Yukon,2015,993.504,0.7120689129727927
949,497.276,0.7119558589619842,0.7741155298091524,2015_yk_367,Yukon,2015,994.552,0.7119449478474215
950,497.8,0.7117152774542135,0.7586628249437939,2015_yk_367,Yukon,2015,995.6,0.7118845137504407
951,498.324,0.7119973722403827,0.7840778851937917,2015_yk_367,Yukon,2015,996.648,0.7118014005369308
952,498.848,0.7105961431691339,0.8219504500123264,2015_yk_367,Yukon,2015,997.696,0.711715797715926
953,499.372,0.7104769314543544,0.8243360799067124,2015_yk_367,Yukon,2015,998.744,0.7116372800160118
954,499.896,0.7103708854138155,0.8162059055931102,2015_yk_367,Yukon,2015,999.792,0.7115398774716621
955,500.42,0.7116548583943899,0.8500448312903306,2015_yk_367,Yukon,2015,1000.84,0.7114629551447773
956,500.944,0.7121068793348503,0.8612750939752403,2015_yk_367,Yukon,2015,1001.888,0.7114147405140726
957,501.468,0.7117020190242753,0.8121256119395723,2015_yk_367,Yukon,2015,1002.936,0.711364930162524
958,501.992,0.7115649431429111,0.8274916718122816,2015_yk_367,Yukon,2015,1003.984,0.7113142754041294
959,502.516,0.7109458894488325,0.8857229459343275,2015_yk_367,Yukon,2015,1005.032,0.7112187364827034
960,503.04,0.7099273758051615,0.8984168965183593,2015_yk_367,Yukon,2015,1006.08,0.7111814211930436
961,503.564,0.7093864115655382,0.9050885805956168,2015_yk_367,Yukon,2015,1007.128,0.7111130918682267
962,504.088,0.7107416284899903,0.9516943500814776,2015_yk_367,Yukon,2015,1008.176,0.7110713448741286
963,504.612,0.7111351067496058,0.983506904331036,2015_yk_367,Yukon,2015,1009.224,0.7109885818022958
964,505.136,0.7112237079939748,0.9576355197913754,2015_yk_367,Yukon,2015,1010.272,0.7109096600389803
965,505.66,0.710747168955947,0.960827221957324,2015_yk_367,Yukon,2015,1011.32,0.7108430138963892
966,506.184,0.7115599844282755,0.9765330531890748,2015_yk_367,Yukon,2015,1012.368,0.7108044567270999
967,506.708,0.7096354344548031,0.972262922509498,2015_yk_367,Yukon,2015,1013.416,0.7107567645411849
968,507.232,0.7107493353119635,0.9666223184875844,2015_yk_367,Yukon,2015,1014.464,0.7106971610520816
969,507.756,0.7100528821379313,1.0193107831412371,2015_yk_367,Yukon,2015,1015.512,0.7106840758514549
970,508.28,0.7108618053063639,1.028041640410718,2015_yk_367,Yukon,2015,1016.56,0.710649988793298
971,508.804,0.7105137420457442,0.9983511990899464,2015_yk_367,Yukon,2015,1017.608,0.7106163177643892
972,509.328,0.7112338041540979,1.0295213977435214,2015_yk_367,Yukon,2015,1018.656,0.7105794220207426
973,509.852,0.7104687244372138,1.068621109441174,2015_yk_367,Yukon,2015,1019.704,0.710562119228221
974,510.376,0.7102027637077786,1.0662057985661804,2015_yk_367,Yukon,2015,1020.752,0.7104831896917041
975,510.9,0.710822453869681,1.0102167027958309,2015_yk_367,Yukon,2015,1021.8,0.710429336573055
976,511.424,0.7103770224051479,1.0565593310409966,2015_yk_367,Yukon,2015,1022.848,0.7104005622056834
977,511.948,0.7116294771144299,1.0981496215860498,2015_yk_367,Yukon,2015,1023.896,0.7104108418154129
978,512.472,0.7091335726327382,1.0500889920298868,2015_yk_367,Yukon,2015,1024.944,0.7104097606923858
979,512.996,0.709614827447852,1.0711764412446827,2015_yk_367,Yukon,2015,1025.992,0.710372451313905
980,513.52,0.7101098865338491,1.1267768410271384,2015_yk_367,Yukon,2015,1027.04,0.710337411303599
981,514.044,0.7106278442940905,1.1380024875002692,2015_yk_367,Yukon,2015,1028.088,0.7103039607478118
982,514.568,0.7089650275030502,1.097368417274019,2015_yk_367,Yukon,2015,1029.136,0.7102742782562697
983,515.092,0.7097485387481294,1.1195830300413956,2015_yk_367,Yukon,2015,1030.184,0.7102740281069172
984,515.616,0.7098625075059373,1.1520173431021032,2015_yk_367,Yukon,2015,1031.232,0.710258475932088
985,516.14,0.7084591668601392,1.078598554514578,2015_yk_367,Yukon,2015,1032.28,0.7102248620319658
986,516.664,0.7111885083100545,1.0090843184890148,2015_yk_367,Yukon,2015,1033.328,0.7101845757381077
987,517.188,0.7099355059239941,1.08229757383604,2015_yk_367,Yukon,2015,1034.376,0.7101461422100194
988,517.712,0.709662401590274,1.1429731018907097,2015_yk_367,Yukon,2015,1035.424,0.7101067733756194
989,518.236,0.7092805875683024,1.1423795512174175,2015_yk_367,Yukon,2015,1036.472,0.7100952381572995
990,518.76,0.7100664370268776,1.1377928364934375,2015_yk_367,Yukon,2015,1037.52,0.7100867653409573
991,519.284,0.7088321295974074,1.177794322316582,2015_yk_367,Yukon,2015,1038.568,0.7100739557785687
992,519.808,0.709284622501892,1.1789386801323811,2015_yk_367,Yukon,2015,1039.616,0.7100481514499604
993,520.332,0.7097057411469259,1.139856682906031,2015_yk_367,Yukon,2015,1040.664,0.7100342681730254
994,520.856,0.7103864697990832,1.176994520708201,2015_yk_367,Yukon,2015,1041.712,0.7100108919388909
995,521.38,0.7097136779654055,1.211103052728848,2015_yk_367,Yukon,2015,1042.76,0.7099810140094819
996,521.904,0.7100701299670669,1.178646631024356,2015_yk_367,Yukon,2015,1043.808,0.7099513643054901
997,522.428,0.7095850901112091,1.1769866001658904,2015_yk_367,Yukon,2015,1044.856,0.7099545922995163
998,522.952,0.7108508463610002,1.2196642056914362,2015_yk_367,Yukon,2015,1045.904,0.7099508475101175
999,523.476,0.7101049622631714,1.2010187595385815,2015_yk_367,Yukon,2015,1046.952,0.7099609260256354
1000,524,0.7097772000448026,1.147425226033699,2015_yk_367,Yukon,2015,1048,0.709936969233666
1001,524.524,0.7106463884173415,1.1784333220821253,2015_yk_367,Yukon,2015,1049.048,0.7099190333845118
1002,525.048,0.7112635021266477,1.1730545454831829,2015_yk_367,Yukon,2015,1050.096,0.7098887402889847
1003,525.572,0.7102471201204453,1.1187279140455662,2015_yk_367,Yukon,2015,1051.144,0.7098699952100813
1004,526.096,0.7091134440541028,1.143346284745925,2015_yk_367,Yukon,2015,1052.192,0.709838311993791
1005,526.62,0.7099701145282283,1.2033545346342407,2015_yk_367,Yukon,2015,1053.24,0.7098182454645243
1006,527.144,0.7094151975678136,1.217174707454487,2015_yk_367,Yukon,2015,1054.288,0.7098099167514164
1007,527.668,0.7115958499886925,1.1757273609858057,2015_yk_367,Yukon,2015,1055.336,0.7097720872902151
1008,528.192,0.7110124560638513,1.1653195411618733,2015_yk_367,Yukon,2015,1056.384,0.7097658928349637
1009,528.716,0.7097172962531368,1.1907915077998552,2015_yk_367,Yukon,2015,1057.432,0.7097661919660045
1010,529.24,0.7096128768358518,1.1680190578199492,2015_yk_367,Yukon,2015,1058.48,0.7097564319465495
1011,529.764,0.7099903388931509,1.1242820543287932,2015_yk_367,Yukon,2015,1059.528,0.7097356505771175
1012,530.288,0.7088151936766068,1.1431096764981714,2015_yk_367,Yukon,2015,1060.576,0.7097370423644076
1013,530.812,0.7104619224932075,1.13711864350156,2015_yk_367,Yukon,2015,1061.624,0.7097374651150699
1014,531.336,0.7094377549240694,1.0724236340264468,2015_yk_367,Yukon,2015,1062.672,0.7097323939366469
1015,531.86,0.7096380243870573,1.1145056915162852,2015_yk_367,Yukon,2015,1063.72,0.7097466090418141
1016,532.384,0.709689701703363,1.1532738019303874,2015_yk_367,Yukon,2015,1064.768,0.7097273453690737
1017,532.908,0.7093960073389785,1.1334229241860017,2015_yk_367,Yukon,2015,1065.816,0.7097073363877496
1018,533.432,0.7092028130789187,1.1332013785265629,2015_yk_367,Yukon,2015,1066.864,0.7097139505338151
1019,533.956,0.7102537763496308,1.1880991924449382,2015_yk_367,Yukon,2015,1067.912,0.7097062182494956
1020,534.48,0.7094190068246307,1.2505983131667904,2015_yk_367,Yukon,2015,1068.96,0.7096980855050543
1021,535.004,0.7086178378222205,1.177800360091585,2015_yk_367,Yukon,2015,1070.008,0.7097008441316747
1022,535.528,0.709193368773488,1.1678592928171034,2015_yk_367,Yukon,2015,1071.056,0.7097085760927528
1023,536.052,0.7103021101335121,1.2040239694508583,2015_yk_367,Yukon,2015,1072.104,0.7096907356974257
1024,536.576,0.7098211339458996,1.1714510634631652,2015_yk_367,Yukon,2015,1073.152,0.7096844381373135
1025,537.1,0.7089544931914039,1.1430115356168753,2015_yk_367,Yukon,2015,1074.2,0.7096857812884545
1026,537.624,0.7097810021887664,1.2130706028401723,2015_yk_367,Yukon,2015,1075.248,0.7096945548996091
1027,538.148,0.7098291140963816,1.2458106583759043,2015_yk_367,Yukon,2015,1076.296,0.7097110807762311
