"Cycle","Time","Iso","Sr88","Fish_id","Watershed","Year","Microns","Iso_MA","natal_iso"
496,259.904,0.708341977184206,1.51118050274257,"2015_yk_397","Yukon",2015,519.808,NA,0.7077035312836
497,260.428,0.707798368603143,1.53120318622494,"2015_yk_397","Yukon",2015,520.856,NA,0.7077035312836
498,260.952,0.70783874169723,1.49812102064857,"2015_yk_397","Yukon",2015,521.904,NA,0.7077035312836
499,261.476,0.707097630724127,1.46608292472196,"2015_yk_397","Yukon",2015,522.952,NA,0.7077035312836
500,262,0.70733710604193,1.45812058511866,"2015_yk_397","Yukon",2015,524,NA,0.7077035312836
501,262.524,0.707644343756545,1.50781756495759,"2015_yk_397","Yukon",2015,525.048,NA,0.7077035312836
502,263.048,0.707265547333101,1.52031117175265,"2015_yk_397","Yukon",2015,526.096,NA,0.7077035312836
503,263.572,0.707746263392323,1.47494505437647,"2015_yk_397","Yukon",2015,527.144,NA,0.7077035312836
504,264.096,0.707878261474519,1.51187320002317,"2015_yk_397","Yukon",2015,528.192,NA,0.7077035312836
505,264.62,0.707623851558676,1.54788642470674,"2015_yk_397","Yukon",2015,529.24,NA,0.7077035312836
506,265.144,0.707790726556272,1.51143110990246,"2015_yk_397","Yukon",2015,530.288,NA,0.7077035312836
507,265.668,0.707640096792142,1.46142328927401,"2015_yk_397","Yukon",2015,531.336,NA,0.7077035312836
508,266.192,0.707690502414058,1.52094154827273,"2015_yk_397","Yukon",2015,532.384,NA,0.7077035312836
509,266.716,0.707352037462031,1.53025965267025,"2015_yk_397","Yukon",2015,533.432,NA,0.7077035312836
510,267.24,0.707358822260102,1.51113297065793,"2015_yk_397","Yukon",2015,534.48,NA,0.7077035312836
511,267.764,0.708233413758494,1.46977418655213,"2015_yk_397","Yukon",2015,535.528,NA,0.7077035312836
512,268.288,0.707274863413435,1.49230332123715,"2015_yk_397","Yukon",2015,536.576,NA,0.7077035312836
513,268.812,0.707996036739267,1.45335559313357,"2015_yk_397","Yukon",2015,537.624,NA,0.7077035312836
514,269.336,0.707379720128866,1.42307731821765,"2015_yk_397","Yukon",2015,538.672,NA,0.7077035312836
515,269.86,0.70738753879135,1.43710825788035,"2015_yk_397","Yukon",2015,539.72,NA,0.7077035312836
516,270.384,0.7078812897668,1.45414783286752,"2015_yk_397","Yukon",2015,540.768,NA,0.7077035312836
517,270.908,0.708086391885969,1.44042675615474,"2015_yk_397","Yukon",2015,541.816,NA,0.7077035312836
518,271.432,0.707723759589973,1.39689304405997,"2015_yk_397","Yukon",2015,542.864,NA,0.7077035312836
519,271.956,0.708192409005247,1.44373736444885,"2015_yk_397","Yukon",2015,543.912,NA,0.7077035312836
520,272.48,0.70650107364829,1.47025225208898,"2015_yk_397","Yukon",2015,544.96,NA,0.7077035312836
521,273.004,0.708186790012667,1.45523837375002,"2015_yk_397","Yukon",2015,546.008,NA,0.7077035312836
522,273.528,0.707564236254851,1.44435757235424,"2015_yk_397","Yukon",2015,547.056,NA,0.7077035312836
523,274.052,0.708269104747969,1.50124638475779,"2015_yk_397","Yukon",2015,548.104,NA,0.7077035312836
524,274.576,0.707564711260269,1.46021494066404,"2015_yk_397","Yukon",2015,549.152,NA,0.7077035312836
525,275.1,0.707481857629763,1.43790490058204,"2015_yk_397","Yukon",2015,550.2,0.707674706200554,0.7077035312836
526,275.624,0.707421180355199,1.46489080997307,"2015_yk_397","Yukon",2015,551.248,0.707661986834561,0.7077035312836
527,276.148,0.709072669932498,1.48146173983235,"2015_yk_397","Yukon",2015,552.296,0.707647926034716,0.7077035312836
528,276.672,0.706486912845843,1.4537430561424,"2015_yk_397","Yukon",2015,553.344,0.707651870742492,0.7077035312836
529,277.196,0.70752179185432,1.41361577533128,"2015_yk_397","Yukon",2015,554.392,0.707653082139585,0.7077035312836
530,277.72,0.707377365209622,1.4524206652369,"2015_yk_397","Yukon",2015,555.44,0.707644721745582,0.7077035312836
531,278.244,0.708413940127649,1.43459134168261,"2015_yk_397","Yukon",2015,556.488,0.707634233477686,0.7077035312836
532,278.768,0.707712108601471,1.40935239993174,"2015_yk_397","Yukon",2015,557.536,0.707648511966276,0.7077035312836
533,279.292,0.707266830879398,1.41293065308267,"2015_yk_397","Yukon",2015,558.584,0.707656776592065,0.7077035312836
534,279.816,0.706705470991627,1.43203074232428,"2015_yk_397","Yukon",2015,559.632,0.707664076590815,0.7077035312836
535,280.34,0.708328158928162,1.39198434561411,"2015_yk_397","Yukon",2015,560.68,0.70767958407461,0.7077035312836
536,280.864,0.708629224765973,1.39114468593637,"2015_yk_397","Yukon",2015,561.728,0.707677134607449,0.7077035312836
537,281.388,0.707420826632064,1.37498415239663,"2015_yk_397","Yukon",2015,562.776,0.707648288116328,0.7077035312836
538,281.912,0.708487188444365,1.38986775664181,"2015_yk_397","Yukon",2015,563.824,0.707638775625433,0.7077035312836
539,282.436,0.707281910018412,1.3684333828062,"2015_yk_397","Yukon",2015,564.872,0.70765431563304,0.7077035312836
540,282.96,0.70695808513439,1.32140630717719,"2015_yk_397","Yukon",2015,565.92,0.707672965257612,0.7077035312836
541,283.484,0.707763005816298,1.36584682447866,"2015_yk_397","Yukon",2015,566.968,0.707644245179651,0.7077035312836
542,284.008,0.707526361079023,1.4165011344267,"2015_yk_397","Yukon",2015,568.016,0.707647643024322,0.7077035312836
543,284.532,0.708099132536252,1.428877592783,"2015_yk_397","Yukon",2015,569.064,0.707645028238745,0.7077035312836
544,285.056,0.708002327815254,1.38927814189156,"2015_yk_397","Yukon",2015,570.112,0.707641205273118,0.7077035312836
545,285.58,0.707431974040742,1.43734839059257,"2015_yk_397","Yukon",2015,571.16,0.707651199291273,0.7077035312836
546,286.104,0.707482442170029,1.4139028789887,"2015_yk_397","Yukon",2015,572.208,0.70763652393958,0.7077035312836
547,286.628,0.707448482738841,1.38845544007547,"2015_yk_397","Yukon",2015,573.256,0.707614757396284,0.7077035312836
548,287.152,0.707553711340079,1.38943226704049,"2015_yk_397","Yukon",2015,574.304,0.707615577658561,0.7077035312836
549,287.676,0.707210671932285,1.44492765757336,"2015_yk_397","Yukon",2015,575.352,0.707617209901728,0.7077035312836
550,288.2,0.707993447786473,1.40814415436788,"2015_yk_397","Yukon",2015,576.4,0.707638433247822,0.7077035312836
551,288.724,0.707792623696423,1.37965009342556,"2015_yk_397","Yukon",2015,577.448,0.707638956354881,0.7077035312836
552,289.248,0.707192424825228,1.38482270774033,"2015_yk_397","Yukon",2015,578.496,0.707655361260965,0.7077035312836
553,289.772,0.707314105051296,1.35970070047797,"2015_yk_397","Yukon",2015,579.544,0.707655537440194,0.7077035312836
554,290.296,0.708050487629188,1.36660130852287,"2015_yk_397","Yukon",2015,580.592,0.70766311598971,0.7077035312836
555,290.82,0.708410034971219,1.33993775045492,"2015_yk_397","Yukon",2015,581.64,0.707662487221009,0.7077035312836
556,291.344,0.707578815224656,1.40371270494398,"2015_yk_397","Yukon",2015,582.688,0.707679600677414,0.7077035312836
557,291.868,0.706954720612415,1.41320993883748,"2015_yk_397","Yukon",2015,583.736,0.707657719082829,0.7077035312836
558,292.392,0.708075424163816,1.38317759795715,"2015_yk_397","Yukon",2015,584.784,0.707687833585739,0.7077035312836
559,292.916,0.707170314549694,1.3529079200011,"2015_yk_397","Yukon",2015,585.832,0.707697239533114,0.7077035312836
560,293.44,0.706835482401746,1.35998718689386,"2015_yk_397","Yukon",2015,586.88,0.707720634592373,0.7077035312836
561,293.964,0.707015047682806,1.31218677974855,"2015_yk_397","Yukon",2015,587.928,0.707697002324647,0.7077035312836
562,294.488,0.708122256648489,1.28317619878549,"2015_yk_397","Yukon",2015,588.976,0.707684418747161,0.7077035312836
563,295.012,0.708242140939679,1.30016462376572,"2015_yk_397","Yukon",2015,590.024,0.707693520026875,0.7077035312836
564,295.536,0.708316261399488,1.34319443174076,"2015_yk_397","Yukon",2015,591.072,0.707722254037607,0.7077035312836
565,296.06,0.708554300586393,1.32000489601305,"2015_yk_397","Yukon",2015,592.12,0.707708150297767,0.7077035312836
566,296.584,0.707643758526582,1.26939627049223,"2015_yk_397","Yukon",2015,593.168,0.707683496376234,0.7077035312836
567,297.108,0.705909307324927,1.30283039133861,"2015_yk_397","Yukon",2015,594.216,0.70769891599992,0.7077035312836
568,297.632,0.707119752960347,1.31652553417787,"2015_yk_397","Yukon",2015,595.264,0.707683789604344,0.7077035312836
569,298.156,0.708284437918404,1.28694999801493,"2015_yk_397","Yukon",2015,596.312,0.707697269226589,0.7077035312836
570,298.68,0.708477799734441,1.23816611699368,"2015_yk_397","Yukon",2015,597.36,0.707722158248256,0.7077035312836
571,299.204,0.706510209080845,1.30599038148394,"2015_yk_397","Yukon",2015,598.408,0.707713031853311,0.7077035312836
572,299.728,0.707478734093687,1.30522123475921,"2015_yk_397","Yukon",2015,599.456,0.707730450340426,0.7077035312836
573,300.252,0.707839149604653,1.23463547559213,"2015_yk_397","Yukon",2015,600.504,0.707718920462126,0.7077035312836
574,300.776,0.707150342191224,1.22993621994989,"2015_yk_397","Yukon",2015,601.552,0.707709063774522,0.7077035312836
575,301.3,0.707987179880664,1.26537398146368,"2015_yk_397","Yukon",2015,602.6,0.70769921556102,0.7077035312836
576,301.824,0.707000768665246,1.26828177927843,"2015_yk_397","Yukon",2015,603.648,0.70768222793123,0.7077035312836
577,302.348,0.706780399288192,1.16313727222912,"2015_yk_397","Yukon",2015,604.696,0.707696920452285,0.7077035312836
578,302.872,0.707772975326613,1.16030267580789,"2015_yk_397","Yukon",2015,605.744,0.707699872571011,0.7077035312836
579,303.396,0.70829034359528,1.27252232499656,"2015_yk_397","Yukon",2015,606.792,0.70769871401549,0.7077035312836
580,303.92,0.707774474413917,1.24023308720223,"2015_yk_397","Yukon",2015,607.84,0.707678341092214,0.7077035312836
581,304.444,0.708218176436174,1.1624938609235,"2015_yk_397","Yukon",2015,608.888,0.707671358782218,0.7077035312836
582,304.968,0.708548530619917,1.20856550333497,"2015_yk_397","Yukon",2015,609.936,0.70769350921301,0.7077035312836
583,305.492,0.708279675501686,1.22662853277321,"2015_yk_397","Yukon",2015,610.984,0.707683583852279,0.7077035312836
584,306.016,0.708019424231244,1.11667433499741,"2015_yk_397","Yukon",2015,612.032,0.707698882114762,0.7077035312836
585,306.54,0.707444131507712,1.09691563170012,"2015_yk_397","Yukon",2015,613.08,0.707697666756753,0.7077035312836
586,307.064,0.708447987739472,1.18718180099242,"2015_yk_397","Yukon",2015,614.128,0.707694702715443,0.7077035312836
587,307.588,0.707759774257428,1.19555375979031,"2015_yk_397","Yukon",2015,615.176,0.707704920028405,0.7077035312836
588,308.112,0.708293783020415,1.14069800736388,"2015_yk_397","Yukon",2015,616.224,0.707720560526678,0.7077035312836
589,308.636,0.708086148696857,1.15277276454504,"2015_yk_397","Yukon",2015,617.272,0.707717565793513,0.7077035312836
590,309.16,0.708781068765168,1.18837408655244,"2015_yk_397","Yukon",2015,618.32,0.707751282575186,0.7077035312836
591,309.684,0.706996004064094,1.17217189653125,"2015_yk_397","Yukon",2015,619.368,0.707759469328512,0.7077035312836
592,310.208,0.706957093952292,1.11186336230078,"2015_yk_397","Yukon",2015,620.416,0.707769468558397,0.7077035312836
593,310.732,0.707812907662234,1.11762378872599,"2015_yk_397","Yukon",2015,621.464,0.707746072179094,0.7077035312836
594,311.256,0.708429511635519,1.1546085096388,"2015_yk_397","Yukon",2015,622.512,0.707724655425923,0.7077035312836
595,311.78,0.707481934537802,1.13439457901976,"2015_yk_397","Yukon",2015,623.56,0.707710079920552,0.7077035312836
596,312.304,0.707149989473991,1.11223164872607,"2015_yk_397","Yukon",2015,624.608,0.707709706079205,0.7077035312836
597,312.828,0.708346004053197,1.16700909055321,"2015_yk_397","Yukon",2015,625.656,0.707738108154778,0.7077035312836
598,313.352,0.707579604709836,1.22693696778005,"2015_yk_397","Yukon",2015,626.704,0.707743045479158,0.7077035312836
599,313.876,0.708090687353092,1.17900325119926,"2015_yk_397","Yukon",2015,627.752,0.707708736357393,0.7077035312836
600,314.4,0.70845142643443,1.11535605705604,"2015_yk_397","Yukon",2015,628.8,0.70770541688473,0.7077035312836
601,314.924,0.707215422119557,1.17546514338509,"2015_yk_397","Yukon",2015,629.848,0.707726833048108,0.7077035312836
602,315.448,0.708571470305908,1.18468125831687,"2015_yk_397","Yukon",2015,630.896,0.707732848322946,0.7077035312836
603,315.972,0.707407339838283,1.13121034304591,"2015_yk_397","Yukon",2015,631.944,0.707723701487598,0.7077035312836
604,316.496,0.70741092655903,1.13399026457558,"2015_yk_397","Yukon",2015,632.992,0.707728206159345,0.7077035312836
605,317.02,0.70684108123058,1.18416939596936,"2015_yk_397","Yukon",2015,634.04,0.707724837969099,0.7077035312836
606,317.544,0.706463184382625,1.13241659304076,"2015_yk_397","Yukon",2015,635.088,0.707725456067367,0.7077035312836
607,318.068,0.708330034002156,1.08268561796382,"2015_yk_397","Yukon",2015,636.136,0.707709033645029,0.7077035312836
608,318.592,0.70773083846363,1.16233164105078,"2015_yk_397","Yukon",2015,637.184,0.707724932346922,0.7077035312836
609,319.116,0.707141158601073,1.22086084382859,"2015_yk_397","Yukon",2015,638.232,0.707716899134446,0.7077035312836
610,319.64,0.706771072389904,1.1394510192325,"2015_yk_397","Yukon",2015,639.28,0.707715739281942,0.7077035312836
611,320.164,0.707373685096656,1.12389620349111,"2015_yk_397","Yukon",2015,640.328,0.707703076719036,0.7077035312836
612,320.688,0.708521450672755,1.20417555901993,"2015_yk_397","Yukon",2015,641.376,0.707702388968061,0.7077035312836
613,321.212,0.706718583407425,1.21025714735934,"2015_yk_397","Yukon",2015,642.424,0.707686583159961,0.7077035312836
614,321.736,0.708968383378138,1.14343917860802,"2015_yk_397","Yukon",2015,643.472,0.707686435795301,0.7077035312836
615,322.26,0.708337113490726,1.1231668938727,"2015_yk_397","Yukon",2015,644.52,0.707684853142738,0.7077035312836
616,322.784,0.707400972746019,1.15722541956325,"2015_yk_397","Yukon",2015,645.568,0.707667754072799,0.7077035312836
617,323.308,0.707567759390179,1.14655871340748,"2015_yk_397","Yukon",2015,646.616,0.707668308575766,0.7077035312836
618,323.832,0.709013854060136,1.08459250006613,"2015_yk_397","Yukon",2015,647.664,0.707635887098467,0.7077035312836
619,324.356,0.706990630559803,1.10255948579763,"2015_yk_397","Yukon",2015,648.712,0.707633039735371,0.7077035312836
620,324.88,0.708858489302152,1.13634471733782,"2015_yk_397","Yukon",2015,649.76,0.707618990933631,0.7077035312836
621,325.404,0.707506252882363,1.10448413499453,"2015_yk_397","Yukon",2015,650.808,0.70762910064828,0.7077035312836
622,325.928,0.708722210441555,1.0707922345051,"2015_yk_397","Yukon",2015,651.856,0.707643772881069,0.7077035312836
623,326.452,0.706838358181556,1.10520397916136,"2015_yk_397","Yukon",2015,652.904,0.707650351146557,0.7077035312836
624,326.976,0.707031256209178,1.15873628962854,"2015_yk_397","Yukon",2015,653.952,0.707653026810554,0.7077035312836
625,327.5,0.707679770264148,1.08580194792261,"2015_yk_397","Yukon",2015,655,0.707651069663469,0.7077035312836
626,328.024,0.707621328045787,1.05878865094731,"2015_yk_397","Yukon",2015,656.048,0.707668930569274,0.7077035312836
627,328.548,0.70761343185929,1.12501734439358,"2015_yk_397","Yukon",2015,657.096,0.707648620022864,0.7077035312836
628,329.072,0.707415992423146,1.09895642677879,"2015_yk_397","Yukon",2015,658.144,0.70765574902841,0.7077035312836
629,329.596,0.706225890612476,1.07456062599063,"2015_yk_397","Yukon",2015,659.192,0.707643107290527,0.7077035312836
630,330.12,0.708278631374693,1.08786217642606,"2015_yk_397","Yukon",2015,660.24,0.707636115482675,0.7077035312836
631,330.644,0.707795178883505,1.10573163528969,"2015_yk_397","Yukon",2015,661.288,0.707641283609867,0.7077035312836
632,331.168,0.707839650584006,1.0767820985488,"2015_yk_397","Yukon",2015,662.336,0.707633253636439,0.7077035312836
633,331.692,0.707290339483778,1.06089757730855,"2015_yk_397","Yukon",2015,663.384,0.707636658715691,0.7077035312836
634,332.216,0.707420622495994,1.14141223944497,"2015_yk_397","Yukon",2015,664.432,0.707660209794291,0.7077035312836
635,332.74,0.707785088465901,1.15876104548369,"2015_yk_397","Yukon",2015,665.48,0.707683394949887,0.7077035312836
636,333.264,0.707037854561373,1.08514456104748,"2015_yk_397","Yukon",2015,666.528,0.707716335461622,0.7077035312836
637,333.788,0.705795053947872,1.05639711636469,"2015_yk_397","Yukon",2015,667.576,0.707713332552685,0.7077035312836
638,334.312,0.708726897440243,1.03270823306947,"2015_yk_397","Yukon",2015,668.624,0.707711126885814,0.7077035312836
639,334.836,0.707808350846705,1.03378861589258,"2015_yk_397","Yukon",2015,669.672,0.707733545886961,0.7077035312836
640,335.36,0.707704883263667,0.993436546389929,"2015_yk_397","Yukon",2015,670.72,0.707743363437018,0.7077035312836
641,335.884,0.707458422661827,1.05961116660407,"2015_yk_397","Yukon",2015,671.768,0.707746640504088,0.7077035312836
642,336.408,0.708507265561417,1.10423873476111,"2015_yk_397","Yukon",2015,672.816,0.707735899675736,0.7077035312836
643,336.932,0.707331327015653,1.01854887037697,"2015_yk_397","Yukon",2015,673.864,0.707761035792542,0.7077035312836
644,337.456,0.708010582351646,1.01135409637796,"2015_yk_397","Yukon",2015,674.912,0.707754298902219,0.7077035312836
645,337.98,0.707349172353968,1.089402344592,"2015_yk_397","Yukon",2015,675.96,0.707743273290725,0.7077035312836
646,338.504,0.707422043543123,1.12330961440707,"2015_yk_397","Yukon",2015,677.008,0.707743814837471,0.7077035312836
647,339.028,0.70779304443542,1.04870718755371,"2015_yk_397","Yukon",2015,678.056,0.707749497230782,0.7077035312836
648,339.552,0.706348494382483,1.04840132847084,"2015_yk_397","Yukon",2015,679.104,0.707723687687732,0.7077035312836
649,340.076,0.70791530691109,1.11012468942723,"2015_yk_397","Yukon",2015,680.152,0.70775735713512,0.7077035312836
650,340.6,0.707938140660767,1.11482780254159,"2015_yk_397","Yukon",2015,681.2,0.707740027681907,0.7077035312836
651,341.124,0.707602586943037,1.04969639637411,"2015_yk_397","Yukon",2015,682.248,0.707719403696254,0.7077035312836
652,341.648,0.707837427919637,1.09862518432865,"2015_yk_397","Yukon",2015,683.296,0.707715231908058,0.7077035312836
653,342.172,0.708207603591552,1.13120551099734,"2015_yk_397","Yukon",2015,684.344,0.707725604959844,0.7077035312836
654,342.696,0.708590051475329,1.11523774790853,"2015_yk_397","Yukon",2015,685.392,0.707739332316549,0.7077035312836
655,343.22,0.707364505712703,1.07778197811654,"2015_yk_397","Yukon",2015,686.44,0.707734006892385,0.7077035312836
656,343.744,0.708221643822252,1.12935908429203,"2015_yk_397","Yukon",2015,687.488,0.707719391229965,0.7077035312836
657,344.268,0.707127371268612,1.13653915734151,"2015_yk_397","Yukon",2015,688.536,0.707725891176455,0.7077035312836
658,344.792,0.708007345042601,1.06804722732307,"2015_yk_397","Yukon",2015,689.584,0.707731228143842,0.7077035312836
659,345.316,0.707332183080093,1.08610235192977,"2015_yk_397","Yukon",2015,690.632,0.707762687768039,0.7077035312836
660,345.84,0.708031917963342,1.14593054072837,"2015_yk_397","Yukon",2015,691.68,0.707758111350077,0.7077035312836
661,346.364,0.707525509751082,1.16349871942019,"2015_yk_397","Yukon",2015,692.728,0.70775269519376,0.7077035312836
662,346.888,0.708089671900194,1.11353446647377,"2015_yk_397","Yukon",2015,693.776,0.707738897368358,0.7077035312836
663,347.412,0.707611644593415,1.14646122183554,"2015_yk_397","Yukon",2015,694.824,0.707751828831104,0.7077035312836
664,347.936,0.708823991275038,1.16853346197379,"2015_yk_397","Yukon",2015,695.872,0.707758269535834,0.7077035312836
665,348.46,0.708232190566306,1.1234226880197,"2015_yk_397","Yukon",2015,696.92,0.70774363619635,0.7077035312836
666,348.984,0.708439615086766,1.06727173545799,"2015_yk_397","Yukon",2015,697.968,0.707764408127537,0.7077035312836
667,349.508,0.708149859465924,1.11435773700671,"2015_yk_397","Yukon",2015,699.016,0.707808047979979,0.7077035312836
668,350.032,0.70759849845137,1.1515864692816,"2015_yk_397","Yukon",2015,700.064,0.707786956894362,0.7077035312836
669,350.556,0.708486298669918,1.12389434919499,"2015_yk_397","Yukon",2015,701.112,0.707771779652314,0.7077035312836
670,351.08,0.70736012539331,1.14367770483032,"2015_yk_397","Yukon",2015,702.16,0.707772880423669,0.7077035312836
671,351.604,0.707570309120841,1.21267656461219,"2015_yk_397","Yukon",2015,703.208,0.707774694180275,0.7077035312836
672,352.128,0.707877000971666,1.22353266982243,"2015_yk_397","Yukon",2015,704.256,0.707759120058178,0.7077035312836
673,352.652,0.708226750415776,1.1406211605819,"2015_yk_397","Yukon",2015,705.304,0.707751109133851,0.7077035312836
674,353.176,0.708564169958734,1.13806088994078,"2015_yk_397","Yukon",2015,706.352,0.707748011824148,0.7077035312836
675,353.7,0.707675576801106,1.18936802622847,"2015_yk_397","Yukon",2015,707.4,0.707758317957001,0.7077035312836
676,354.224,0.707433465550788,1.18169873769176,"2015_yk_397","Yukon",2015,708.448,0.707755575678014,0.7077035312836
677,354.748,0.707908702988821,1.1528808882731,"2015_yk_397","Yukon",2015,709.496,0.70775935464155,0.7077035312836
678,355.272,0.70746528147714,1.18972486021869,"2015_yk_397","Yukon",2015,710.544,0.707762115729739,0.7077035312836
679,355.796,0.709010797403047,1.19732090228782,"2015_yk_397","Yukon",2015,711.592,0.707776322049931,0.7077035312836
680,356.32,0.707818722109398,1.14638091724016,"2015_yk_397","Yukon",2015,712.64,0.707760995206006,0.7077035312836
681,356.844,0.706268813743205,1.12698233502254,"2015_yk_397","Yukon",2015,713.688,0.707758274581454,0.7077035312836
682,357.368,0.708471903149764,1.21524651831287,"2015_yk_397","Yukon",2015,714.736,0.707746811944194,0.7077035312836
683,357.892,0.707460741288746,1.22957083580312,"2015_yk_397","Yukon",2015,715.784,0.707726647853164,0.7077035312836
684,358.416,0.707854897611443,1.20900570257127,"2015_yk_397","Yukon",2015,716.832,0.707709095904653,0.7077035312836
685,358.94,0.707360244814343,1.2166630872742,"2015_yk_397","Yukon",2015,717.88,0.707707247787977,0.7077035312836
686,359.464,0.706744388300565,1.24817146387322,"2015_yk_397","Yukon",2015,718.928,0.70771173502,0.7077035312836
687,359.988,0.708003428648672,1.21593803250302,"2015_yk_397","Yukon",2015,719.976,0.707718665785115,0.7077035312836
688,360.512,0.707736210466368,1.19326194966829,"2015_yk_397","Yukon",2015,721.024,0.707690129345759,0.7077035312836
689,361.036,0.7081134680643,1.23557183475635,"2015_yk_397","Yukon",2015,722.072,0.707690074147395,0.7077035312836
690,361.56,0.708004046297011,1.23501848333973,"2015_yk_397","Yukon",2015,723.12,0.707679789347949,0.7077035312836
691,362.084,0.707470209504438,1.19283005716299,"2015_yk_397","Yukon",2015,724.168,0.707682687293145,0.7077035312836
692,362.608,0.707011781059942,1.22217191190841,"2015_yk_397","Yukon",2015,725.216,0.707699111708548,0.7077035312836
693,363.132,0.708066227248514,1.22911738408574,"2015_yk_397","Yukon",2015,726.264,0.707680452221061,0.7077035312836
694,363.656,0.707807064779807,1.17486222253584,"2015_yk_397","Yukon",2015,727.312,0.707678133134801,0.7077035312836
695,364.18,0.706907088096829,1.16038592939939,"2015_yk_397","Yukon",2015,728.36,0.70766856411877,0.7077035312836
696,364.704,0.708284170432617,1.19447038149537,"2015_yk_397","Yukon",2015,729.408,0.707631624439892,0.7077035312836
697,365.228,0.708413445094404,1.20095923082405,"2015_yk_397","Yukon",2015,730.456,0.707628568576025,0.7077035312836
698,365.752,0.707461432303189,1.18372760329815,"2015_yk_397","Yukon",2015,731.504,0.707638623540487,0.7077035312836
699,366.276,0.706897716323837,1.20320829358857,"2015_yk_397","Yukon",2015,732.552,0.707616011568186,0.7077035312836
700,366.8,0.707770929544942,1.23437506693881,"2015_yk_397","Yukon",2015,733.6,0.707627012503007,0.7077035312836
701,367.324,0.70756724805822,1.20633664122976,"2015_yk_397","Yukon",2015,734.648,0.707627598931383,0.7077035312836
702,367.848,0.707572818235553,1.1405461826506,"2015_yk_397","Yukon",2015,735.696,0.707630042847739,0.7077035312836
703,368.372,0.706850671556075,1.16532107406395,"2015_yk_397","Yukon",2015,736.744,0.707631783687642,0.7077035312836
704,368.896,0.707824743769441,1.19649743409291,"2015_yk_397","Yukon",2015,737.792,0.707637863892509,0.7077035312836
705,369.42,0.707967540325158,1.16915559073423,"2015_yk_397","Yukon",2015,738.84,0.707634997042907,0.7077035312836
706,369.944,0.707257506803897,1.11564114520191,"2015_yk_397","Yukon",2015,739.888,0.707624279268927,0.7077035312836
707,370.468,0.708019782247577,1.14663305013561,"2015_yk_397","Yukon",2015,740.936,0.707635761539758,0.7077035312836
708,370.992,0.706514159673796,1.16908561722447,"2015_yk_397","Yukon",2015,741.984,0.707650181043909,0.7077035312836
709,371.516,0.708767686122641,1.14559601640701,"2015_yk_397","Yukon",2015,743.032,0.707636434308433,0.7077035312836
710,372.04,0.70701853002524,1.14470912349403,"2015_yk_397","Yukon",2015,744.08,0.707637328760067,0.7077035312836
711,372.564,0.707439349469945,1.169954486612,"2015_yk_397","Yukon",2015,745.128,0.707658468139807,0.7077035312836
712,373.088,0.707149669684033,1.16092455897434,"2015_yk_397","Yukon",2015,746.176,0.707651645414052,0.7077035312836
713,373.612,0.706997758129778,1.12561942819395,"2015_yk_397","Yukon",2015,747.224,0.707645340409969,0.7077035312836
714,374.136,0.707536934564656,1.12667543081381,"2015_yk_397","Yukon",2015,748.272,0.707623730714319,0.7077035312836
715,374.66,0.707253618712134,1.11731612435971,"2015_yk_397","Yukon",2015,749.32,0.707622893653234,0.7077035312836
716,375.184,0.708490877743634,1.07773595035025,"2015_yk_397","Yukon",2015,750.368,0.707651461263984,0.7077035312836
717,375.708,0.707543217175496,1.07958143094205,"2015_yk_397","Yukon",2015,751.416,0.707635506071272,0.7077035312836
718,376.232,0.706295158681224,1.11973509586673,"2015_yk_397","Yukon",2015,752.464,0.707623221452906,0.7077035312836
719,376.756,0.707328871178306,1.11975805592367,"2015_yk_397","Yukon",2015,753.512,0.707637889494567,0.7077035312836
720,377.28,0.70741482999657,1.05487431243518,"2015_yk_397","Yukon",2015,754.56,0.707629543932666,0.7077035312836
721,377.804,0.707699386462801,1.03767191801994,"2015_yk_397","Yukon",2015,755.608,0.707634757376598,0.7077035312836
722,378.328,0.709075136824417,1.07844405407295,"2015_yk_397","Yukon",2015,756.656,0.707658690950553,0.7077035312836
723,378.852,0.706492075344158,1.06151066522585,"2015_yk_397","Yukon",2015,757.704,0.707652945633443,0.7077035312836
724,379.376,0.708684846099449,0.98756589235301,"2015_yk_397","Yukon",2015,758.752,0.707657484327186,0.7077035312836
725,379.9,0.707658049604429,1.00767649282052,"2015_yk_397","Yukon",2015,759.8,0.707659856419703,0.7077035312836
726,380.424,0.706223234354127,1.08360680257307,"2015_yk_397","Yukon",2015,760.848,0.707644704307722,0.7077035312836
727,380.948,0.707966507633859,1.0727786847879,"2015_yk_397","Yukon",2015,761.896,0.707629718174721,0.7077035312836
728,381.472,0.708201796319107,1.02980370661522,"2015_yk_397","Yukon",2015,762.944,0.707623912366465,0.7077035312836
729,381.996,0.707129580331892,1.03416008585728,"2015_yk_397","Yukon",2015,763.992,0.70763480033797,0.7077035312836
730,382.52,0.708020181482563,1.07244378675509,"2015_yk_397","Yukon",2015,765.04,0.707638345094441,0.7077035312836
731,383.044,0.707605494823377,1.01531177321794,"2015_yk_397","Yukon",2015,766.088,0.707629511918476,0.7077035312836
732,383.568,0.708023635953019,0.985271842504774,"2015_yk_397","Yukon",2015,767.136,0.707625332909182,0.7077035312836
733,384.092,0.708331200809985,1.01920710350829,"2015_yk_397","Yukon",2015,768.184,0.707659958617095,0.7077035312836
734,384.616,0.708928982250727,1.02146943797127,"2015_yk_397","Yukon",2015,769.232,0.707674701454995,0.7077035312836
735,385.14,0.707503565824977,1.02104769012016,"2015_yk_397","Yukon",2015,770.28,0.707669151277657,0.7077035312836
736,385.664,0.706790399111995,1.02009417245227,"2015_yk_397","Yukon",2015,771.328,0.707690147227723,0.7077035312836
737,386.188,0.708597639238709,1.03600590748323,"2015_yk_397","Yukon",2015,772.376,0.707672443085734,0.7077035312836
738,386.712,0.7083304517262,1.0193188991069,"2015_yk_397","Yukon",2015,773.424,0.707698864412848,0.7077035312836
739,387.236,0.708185993274479,1.00493353460272,"2015_yk_397","Yukon",2015,774.472,0.707689022494608,0.7077035312836
740,387.76,0.70787238920742,1.03902047189542,"2015_yk_397","Yukon",2015,775.52,0.707705349443518,0.7077035312836
741,388.284,0.707537176527639,1.05813349812997,"2015_yk_397","Yukon",2015,776.568,0.70772320160103,0.7077035312836
742,388.808,0.708062539604419,1.02422786647463,"2015_yk_397","Yukon",2015,777.616,0.707728352457113,0.7077035312836
743,389.332,0.707082441043806,1.01819047676351,"2015_yk_397","Yukon",2015,778.664,0.707756303790316,0.7077035312836
744,389.856,0.706558315872432,1.03197221466569,"2015_yk_397","Yukon",2015,779.712,0.70774907305654,0.7077035312836
745,390.38,0.707310021149242,1.01865891435595,"2015_yk_397","Yukon",2015,780.76,0.707756525655724,0.7077035312836
746,390.904,0.708458444945533,0.929886486055823,"2015_yk_397","Yukon",2015,781.808,0.70775617614957,0.7077035312836
747,391.428,0.707046117085942,0.967801512915572,"2015_yk_397","Yukon",2015,782.856,0.707742235086225,0.7077035312836
748,391.952,0.706999133364459,1.02656996721394,"2015_yk_397","Yukon",2015,783.904,0.707773602427554,0.7077035312836
749,392.476,0.708993550563906,1.00958202580457,"2015_yk_397","Yukon",2015,784.952,0.707777154901012,0.7077035312836
750,393,0.707503312582978,0.978204172262305,"2015_yk_397","Yukon",2015,786,0.707773328171827,0.7077035312836
751,393.524,0.70778301614036,0.988867483393623,"2015_yk_397","Yukon",2015,787.048,0.707777188529776,0.7077035312836
752,394.048,0.708447795497226,1.00874711233377,"2015_yk_397","Yukon",2015,788.096,0.707752409978235,0.7077035312836
753,394.572,0.707721508221957,0.977807411896824,"2015_yk_397","Yukon",2015,789.144,0.707777092871532,0.7077035312836
754,395.096,0.708079386404382,0.988382581077802,"2015_yk_397","Yukon",2015,790.192,0.707741347773279,0.7077035312836
755,395.62,0.707049413647856,1.02574850665394,"2015_yk_397","Yukon",2015,791.24,0.707752477955511,0.7077035312836
756,396.144,0.707375043713735,1.00882387067803,"2015_yk_397","Yukon",2015,792.288,0.707759458872824,0.7077035312836
757,396.668,0.707514277114319,0.970977093602683,"2015_yk_397","Yukon",2015,793.336,0.707752078391682,0.7077035312836
758,397.192,0.707113083807847,0.981032615701467,"2015_yk_397","Yukon",2015,794.384,0.707735437433654,0.7077035312836
759,397.716,0.707550994614148,1.03691205311134,"2015_yk_397","Yukon",2015,795.432,0.707737303778502,0.7077035312836
760,398.24,0.707983614933197,1.01323540938037,"2015_yk_397","Yukon",2015,796.48,0.707729923678637,0.7077035312836
761,398.764,0.707037257500333,0.98352295391002,"2015_yk_397","Yukon",2015,797.528,0.707707424897923,0.7077035312836
762,399.288,0.707322077677922,1.01257573989087,"2015_yk_397","Yukon",2015,798.576,0.70771415884673,0.7077035312836
763,399.812,0.708928214030862,1.01069120122776,"2015_yk_397","Yukon",2015,799.624,0.707715143886747,0.7077035312836
764,400.336,0.708709314043427,0.976812712332462,"2015_yk_397","Yukon",2015,800.672,0.707694849729435,0.7077035312836
765,400.86,0.707634529684843,0.988986966048718,"2015_yk_397","Yukon",2015,801.72,0.707691747187203,0.7077035312836
766,401.384,0.708517263807888,1.0145874754242,"2015_yk_397","Yukon",2015,802.768,0.707704737981638,0.7077035312836
767,401.908,0.706957533728224,1.02523451301082,"2015_yk_397","Yukon",2015,803.816,0.707696541728796,0.7077035312836
768,402.432,0.70809943930064,0.992431261862942,"2015_yk_397","Yukon",2015,804.864,0.707684801586558,0.7077035312836
769,402.956,0.70817717102826,0.990616361124755,"2015_yk_397","Yukon",2015,805.912,0.70769937080383,0.7077035312836
770,403.48,0.707998146959837,1.02111187710878,"2015_yk_397","Yukon",2015,806.96,0.707706708986889,0.7077035312836
771,404.004,0.70851047892063,1.02468335893834,"2015_yk_397","Yukon",2015,808.008,0.707703134974329,0.7077035312836
772,404.528,0.707458721049051,1.0043710035732,"2015_yk_397","Yukon",2015,809.056,0.707694580164412,0.7077035312836
773,405.052,0.70867483812193,1.04577083846987,"2015_yk_397","Yukon",2015,810.104,0.707700540304719,0.7077035312836
774,405.576,0.707103090538082,1.04961825237661,"2015_yk_397","Yukon",2015,811.152,0.707705345075941,0.7077035312836
775,406.1,0.707700774663188,1.0222490501011,"2015_yk_397","Yukon",2015,812.2,0.707723208945808,0.7077035312836
776,406.624,0.708469907374423,1.02787734446106,"2015_yk_397","Yukon",2015,813.248,0.707698018290605,0.7077035312836
777,407.148,0.706706753374806,1.04695611822895,"2015_yk_397","Yukon",2015,814.296,0.707718970106635,0.7077035312836
778,407.672,0.70817719916095,1.03343236433336,"2015_yk_397","Yukon",2015,815.344,0.707753987893166,0.7077035312836
779,408.196,0.707542019585792,0.995348939020774,"2015_yk_397","Yukon",2015,816.392,0.707720957362561,0.7077035312836
780,408.72,0.707185226245429,1.04820228168499,"2015_yk_397","Yukon",2015,817.44,0.707719647648749,0.7077035312836
781,409.244,0.707931007939737,1.0558959972313,"2015_yk_397","Yukon",2015,818.488,0.707711537127438,0.7077035312836
782,409.768,0.707588423731977,1.03939842513141,"2015_yk_397","Yukon",2015,819.536,0.707713897038598,0.7077035312836
783,410.292,0.707973048941998,1.03846669560228,"2015_yk_397","Yukon",2015,820.584,0.707714146352506,0.7077035312836
784,410.816,0.706540140204245,1.06593039742055,"2015_yk_397","Yukon",2015,821.632,0.707720547362239,0.7077035312836
785,411.34,0.708325860538378,1.06278798656251,"2015_yk_397","Yukon",2015,822.68,0.707730284002135,0.7077035312836
786,411.864,0.706642089392867,1.03017970228002,"2015_yk_397","Yukon",2015,823.728,0.707713096660691,0.7077035312836
787,412.388,0.707523678765334,1.02593855986738,"2015_yk_397","Yukon",2015,824.776,0.707726963623543,0.7077035312836
788,412.912,0.707203338837432,1.0437333668948,"2015_yk_397","Yukon",2015,825.824,0.707743040428349,0.7077035312836
789,413.436,0.707241561022775,1.01922503327738,"2015_yk_397","Yukon",2015,826.872,0.707736601384138,0.7077035312836
790,413.96,0.707577375490654,0.990945081343236,"2015_yk_397","Yukon",2015,827.92,0.707749139756933,0.7077035312836
791,414.484,0.70625556798059,1.02605461548401,"2015_yk_397","Yukon",2015,828.968,0.707743186601181,0.7077035312836
792,415.008,0.708427672881398,1.01050783052006,"2015_yk_397","Yukon",2015,830.016,0.707744428213918,0.7077035312836
793,415.532,0.708390303210991,1.01169877493811,"2015_yk_397","Yukon",2015,831.064,0.707722010354317,0.7077035312836
794,416.056,0.707711332812003,0.988665440054528,"2015_yk_397","Yukon",2015,832.112,0.707698381025288,0.7077035312836
795,416.58,0.707317413291094,1.02804299115419,"2015_yk_397","Yukon",2015,833.16,0.707736902059975,0.7077035312836
796,417.104,0.707569846778116,1.04588223625222,"2015_yk_397","Yukon",2015,834.208,0.707717299341518,0.7077035312836
797,417.628,0.708105864068153,1.01098936052978,"2015_yk_397","Yukon",2015,835.256,0.707717034089432,0.7077035312836
798,418.152,0.707626043191957,1.04567533865826,"2015_yk_397","Yukon",2015,836.304,0.70768940031117,0.7077035312836
799,418.676,0.709060146310807,1.09459088805832,"2015_yk_397","Yukon",2015,837.352,0.707692477235218,0.7077035312836
800,419.2,0.708312680190907,1.04370374324922,"2015_yk_397","Yukon",2015,838.4,0.707670265775468,0.7077035312836
801,419.724,0.707322735774065,1.0495577633349,"2015_yk_397","Yukon",2015,839.448,0.707642854643954,0.7077035312836
802,420.248,0.707549251009397,1.06946805009866,"2015_yk_397","Yukon",2015,840.496,0.707638897459353,0.7077035312836
803,420.772,0.707440049462225,1.05521153404184,"2015_yk_397","Yukon",2015,841.544,0.707623091257897,0.7077035312836
804,421.296,0.70684660214575,1.03757452435899,"2015_yk_397","Yukon",2015,842.592,0.707621691313335,0.7077035312836
805,421.82,0.708381853341279,1.0089788274058,"2015_yk_397","Yukon",2015,843.64,0.707639288471831,0.7077035312836
806,422.344,0.706947005633365,1.06808912747175,"2015_yk_397","Yukon",2015,844.688,0.70761294599998,0.7077035312836
807,422.868,0.708303226047721,1.051813576782,"2015_yk_397","Yukon",2015,845.736,0.707623160648879,0.7077035312836
808,423.392,0.7091002005563,1.02845988327568,"2015_yk_397","Yukon",2015,846.784,0.707630763541491,0.7077035312836
809,423.916,0.707011718727597,1.04641311826637,"2015_yk_397","Yukon",2015,847.832,0.707616454552621,0.7077035312836
810,424.44,0.707424729754256,1.04937558634048,"2015_yk_397","Yukon",2015,848.88,0.707628291551617,0.7077035312836
811,424.964,0.707296384861741,1.04736729335442,"2015_yk_397","Yukon",2015,849.928,0.707626632831709,0.7077035312836
812,425.488,0.708589390166782,1.01011614286594,"2015_yk_397","Yukon",2015,850.976,0.707637576296498,0.7077035312836
813,426.012,0.707736467056456,1.02908723547396,"2015_yk_397","Yukon",2015,852.024,0.707638419857031,0.7077035312836
814,426.536,0.708463446988392,1.03129913484015,"2015_yk_397","Yukon",2015,853.072,0.707657163637941,0.7077035312836
815,427.06,0.707633612041624,1.01330049818118,"2015_yk_397","Yukon",2015,854.12,0.707647150896914,0.7077035312836
816,427.584,0.70634380322706,1.00197735884417,"2015_yk_397","Yukon",2015,855.168,0.707667676421414,0.7077035312836
817,428.108,0.708346294885424,1.03183332916817,"2015_yk_397","Yukon",2015,856.216,0.707662998659612,0.7077035312836
818,428.632,0.708077692096209,1.05224947076668,"2015_yk_397","Yukon",2015,857.264,0.707664326046581,0.7077035312836
819,429.156,0.707164651961523,1.04005465771706,"2015_yk_397","Yukon",2015,858.312,0.70767521386337,0.7077035312836
820,429.68,0.708735917300901,0.99671979939348,"2015_yk_397","Yukon",2015,859.36,0.707675219964342,0.7077035312836
821,430.204,0.706680068155171,1.03740969085251,"2015_yk_397","Yukon",2015,860.408,0.707690687017054,0.7077035312836
822,430.728,0.707396574442139,1.00131728266869,"2015_yk_397","Yukon",2015,861.456,0.70769479508759,0.7077035312836
823,431.252,0.707583142454812,0.975192220007001,"2015_yk_397","Yukon",2015,862.504,0.707680083381311,0.7077035312836
824,431.776,0.707291554301673,0.980663059361401,"2015_yk_397","Yukon",2015,863.552,0.707690466601483,0.7077035312836
825,432.3,0.709945791766078,0.993316503928411,"2015_yk_397","Yukon",2015,864.6,0.707711118425117,0.7077035312836
826,432.824,0.7073411007005,0.996138279953199,"2015_yk_397","Yukon",2015,865.648,0.707706970344846,0.7077035312836
827,433.348,0.70694161860304,0.951511894530951,"2015_yk_397","Yukon",2015,866.696,0.707698931547204,0.7077035312836
828,433.872,0.70644141260495,0.980164091873162,"2015_yk_397","Yukon",2015,867.744,0.707696731029091,0.7077035312836
829,434.396,0.70836178647114,0.97959632227157,"2015_yk_397","Yukon",2015,868.792,0.707663605561525,0.7077035312836
830,434.92,0.706665459374839,0.967095106576376,"2015_yk_397","Yukon",2015,869.84,0.707650335635394,0.7077035312836
831,435.444,0.706865811029774,0.950193022210939,"2015_yk_397","Yukon",2015,870.888,0.707636201266539,0.7077035312836
832,435.968,0.707221289972975,0.986340990234854,"2015_yk_397","Yukon",2015,871.936,0.707645691215462,0.7077035312836
833,436.492,0.707726466034566,0.948412829237407,"2015_yk_397","Yukon",2015,872.984,0.707652206856953,0.7077035312836
834,437.016,0.707019093864351,0.920913382605372,"2015_yk_397","Yukon",2015,874.032,0.707674674516396,0.7077035312836
835,437.54,0.708756604172962,0.936401945872223,"2015_yk_397","Yukon",2015,875.08,0.707686878363241,0.7077035312836
836,438.064,0.706889359063354,0.955510054753626,"2015_yk_397","Yukon",2015,876.128,0.707699765714846,0.7077035312836
837,438.588,0.70731963230874,0.916043098187393,"2015_yk_397","Yukon",2015,877.176,0.707691038892866,0.7077035312836
838,439.112,0.70863337271771,0.900385877292074,"2015_yk_397","Yukon",2015,878.224,0.707655394042263,0.7077035312836
839,439.636,0.706683480253546,0.974993798787484,"2015_yk_397","Yukon",2015,879.272,0.70767883163045,0.7077035312836
840,440.16,0.70789544618523,0.958042597977243,"2015_yk_397","Yukon",2015,880.32,0.707699287311555,0.7077035312836
841,440.684,0.707831484745251,0.94587698130399,"2015_yk_397","Yukon",2015,881.368,0.707702835007898,0.7077035312836
842,441.208,0.708245031619323,0.92946128069671,"2015_yk_397","Yukon",2015,882.416,0.707670955793972,0.7077035312836
843,441.732,0.708023662573939,0.970923156766027,"2015_yk_397","Yukon",2015,883.464,0.707658167056543,0.7077035312836
844,442.256,0.707664767058865,0.980704470582159,"2015_yk_397","Yukon",2015,884.512,0.707644714373643,0.7077035312836
845,442.78,0.707725096076793,0.933290485794792,"2015_yk_397","Yukon",2015,885.56,0.707622944970729,0.7077035312836
846,443.304,0.707873620862845,0.95896455751493,"2015_yk_397","Yukon",2015,886.608,0.70765753658547,0.7077035312836
847,443.828,0.707243013057219,0.961191072045765,"2015_yk_397","Yukon",2015,887.656,0.707637194219434,0.7077035312836
848,444.352,0.70728298205557,0.923438729529418,"2015_yk_397","Yukon",2015,888.704,0.707633961657555,0.7077035312836
849,444.876,0.707894830030103,0.923033380149256,"2015_yk_397","Yukon",2015,889.752,0.707641582959974,0.7077035312836
850,445.4,0.707577741548961,0.93795546278719,"2015_yk_397","Yukon",2015,890.8,0.707634142061281,0.7077035312836
851,445.924,0.707183591143312,0.943397788128622,"2015_yk_397","Yukon",2015,891.848,0.707633437967306,0.7077035312836
852,446.448,0.708674157113593,0.911401824035333,"2015_yk_397","Yukon",2015,892.896,0.7076252015488,0.7077035312836
853,446.972,0.707507600834262,0.922258741081572,"2015_yk_397","Yukon",2015,893.944,0.707639789269988,0.7077035312836
854,447.496,0.708334326022291,0.944746410730494,"2015_yk_397","Yukon",2015,894.992,0.707641155676932,0.7077035312836
855,448.02,0.708556522709153,0.902114930221175,"2015_yk_397","Yukon",2015,896.04,0.707609958002757,0.7077035312836
856,448.544,0.707320961961868,0.902005454243074,"2015_yk_397","Yukon",2015,897.088,0.70763359507835,0.7077035312836
857,449.068,0.707623536209614,0.916502281606404,"2015_yk_397","Yukon",2015,898.136,0.707648370776347,0.7077035312836
858,449.592,0.707494012105185,0.950353468042762,"2015_yk_397","Yukon",2015,899.184,0.707678156540495,0.7077035312836
859,450.116,0.707072618256863,0.904214133853529,"2015_yk_397","Yukon",2015,900.232,0.707652793895384,0.7077035312836
860,450.64,0.707516484623024,0.898970735589531,"2015_yk_397","Yukon",2015,901.28,0.707690474579208,0.7077035312836
861,451.164,0.706474673642787,0.941529631624376,"2015_yk_397","Yukon",2015,902.328,0.707712490890458,0.7077035312836
862,451.688,0.70811864794477,0.951884162532444,"2015_yk_397","Yukon",2015,903.376,0.707726656402864,0.7077035312836
863,452.212,0.707830987951669,0.904666207478872,"2015_yk_397","Yukon",2015,904.424,0.707723053249701,0.7077035312836
864,452.736,0.708194661712315,0.899333680822846,"2015_yk_397","Yukon",2015,905.472,0.707733963567077,0.7077035312836
865,453.26,0.709114084152012,0.92516910927145,"2015_yk_397","Yukon",2015,906.52,0.707711099657127,0.7077035312836
866,453.784,0.707720246729639,0.906659412740014,"2015_yk_397","Yukon",2015,907.568,0.707731860645863,0.7077035312836
867,454.308,0.70777961672893,0.864496475108583,"2015_yk_397","Yukon",2015,908.616,0.707757704329577,0.7077035312836
868,454.832,0.706961509520142,0.899410753922053,"2015_yk_397","Yukon",2015,909.664,0.707725495493392,0.7077035312836
869,455.356,0.70841797401879,0.928202037084834,"2015_yk_397","Yukon",2015,910.712,0.70775418194645,0.7077035312836
870,455.88,0.708652070620533,0.906987801535285,"2015_yk_397","Yukon",2015,911.76,0.707755570510389,0.7077035312836
871,456.404,0.707509246642353,0.87178743313366,"2015_yk_397","Yukon",2015,912.808,0.707761321440131,0.7077035312836
872,456.928,0.706676637331219,0.902891483657014,"2015_yk_397","Yukon",2015,913.856,0.707757110184069,0.7077035312836
873,457.452,0.706969142810684,0.912557226821404,"2015_yk_397","Yukon",2015,914.904,0.707734494211492,0.7077035312836
874,457.976,0.707656286014385,0.895215548004557,"2015_yk_397","Yukon",2015,915.952,0.707713024037382,0.7077035312836
875,458.5,0.70632744786683,0.924441172880546,"2015_yk_397","Yukon",2015,917,0.707691483347519,0.7077035312836
876,459.024,0.708419300111535,0.953872470894818,"2015_yk_397","Yukon",2015,918.048,0.707670742169233,0.7077035312836
877,459.548,0.707125752923231,0.93131737888528,"2015_yk_397","Yukon",2015,919.096,0.707696813661173,0.7077035312836
878,460.072,0.707883738383451,0.897831920814832,"2015_yk_397","Yukon",2015,920.144,0.707718069679416,0.7077035312836
879,460.596,0.707621930106681,0.91361523464397,"2015_yk_397","Yukon",2015,921.192,0.707714631006822,0.7077035312836
880,461.12,0.708289463379329,0.92614361426568,"2015_yk_397","Yukon",2015,922.24,0.707722477914362,0.7077035312836
881,461.644,0.706637822516682,0.91551172093203,"2015_yk_397","Yukon",2015,923.288,0.707741456707425,0.7077035312836
882,462.168,0.706902389331749,0.903076816141146,"2015_yk_397","Yukon",2015,924.336,0.707738181853558,0.7077035312836
883,462.692,0.708458405726136,0.952707479100307,"2015_yk_397","Yukon",2015,925.384,0.707733930202383,0.7077035312836
884,463.216,0.707373538718306,0.937834454407359,"2015_yk_397","Yukon",2015,926.432,0.707719637412347,0.7077035312836
885,463.74,0.708073931315536,0.948099024829052,"2015_yk_397","Yukon",2015,927.48,0.707711985542496,0.7077035312836
886,464.264,0.70875932523613,0.933122023335838,"2015_yk_397","Yukon",2015,928.528,0.707730819913986,0.7077035312836
887,464.788,0.70782816048285,0.941659866843195,"2015_yk_397","Yukon",2015,929.576,0.707723744146378,0.7077035312836
888,465.312,0.708228558453792,0.913073342619537,"2015_yk_397","Yukon",2015,930.624,0.707732717582437,0.7077035312836
889,465.836,0.706840027764508,0.928911791584799,"2015_yk_397","Yukon",2015,931.672,0.707751916919224,0.7077035312836
890,466.36,0.708926300404277,0.94584061049554,"2015_yk_397","Yukon",2015,932.72,0.707764064087504,0.7077035312836
891,466.884,0.708186789704778,0.949738053875989,"2015_yk_397","Yukon",2015,933.768,0.707805135843978,0.7077035312836
892,467.408,0.7080712207173,0.927328339702188,"2015_yk_397","Yukon",2015,934.816,0.707812485377238,0.7077035312836
893,467.932,0.707510276844817,0.916322538680952,"2015_yk_397","Yukon",2015,935.864,0.707799391504621,0.7077035312836
894,468.456,0.707673712906918,0.973140416775548,"2015_yk_397","Yukon",2015,936.912,0.707803812224981,0.7077035312836
895,468.98,0.707384769575972,0.976420409781854,"2015_yk_397","Yukon",2015,937.96,0.707795836011159,0.7077035312836
896,469.504,0.708135018387498,0.973617585861602,"2015_yk_397","Yukon",2015,939.008,0.707810247880299,0.7077035312836
897,470.028,0.708870253331587,0.962279104179356,"2015_yk_397","Yukon",2015,940.056,0.707805678180682,0.7077035312836
898,470.552,0.70670084254661,0.973334960254949,"2015_yk_397","Yukon",2015,941.104,0.707834035474017,0.7077035312836
899,471.076,0.708404667436995,0.93132851703076,"2015_yk_397","Yukon",2015,942.152,0.70784229444231,0.7077035312836
900,471.6,0.707978760021584,0.929168263595154,"2015_yk_397","Yukon",2015,943.2,0.707840958603896,0.7077035312836
901,472.124,0.708176540529783,0.930371990484582,"2015_yk_397","Yukon",2015,944.248,0.70783372800372,0.7077035312836
902,472.648,0.707992356255615,0.943036249079353,"2015_yk_397","Yukon",2015,945.296,0.70784925504426,0.7077035312836
903,473.172,0.706666704219302,0.927892551727248,"2015_yk_397","Yukon",2015,946.344,0.707844761269976,0.7077035312836
904,473.696,0.706376556612295,0.947578614186811,"2015_yk_397","Yukon",2015,947.392,0.707832903431296,0.7077035312836
905,474.22,0.706432654684983,0.978943213708904,"2015_yk_397","Yukon",2015,948.44,0.707837641168859,0.7077035312836
906,474.744,0.706629150165691,0.97191442775649,"2015_yk_397","Yukon",2015,949.488,0.707829764232939,0.7077035312836
907,475.268,0.708807302573607,0.956133310520501,"2015_yk_397","Yukon",2015,950.536,0.707829664307395,0.7077035312836
908,475.792,0.708558343150187,0.954864980624269,"2015_yk_397","Yukon",2015,951.584,0.707825641349316,0.7077035312836
909,476.316,0.707688509674455,0.996911070152012,"2015_yk_397","Yukon",2015,952.632,0.707833299024053,0.7077035312836
910,476.84,0.708048556001326,0.984520973673381,"2015_yk_397","Yukon",2015,953.68,0.707805315385259,0.7077035312836
911,477.364,0.70832231872709,0.956966366798209,"2015_yk_397","Yukon",2015,954.728,0.707826061532383,0.7077035312836
912,477.888,0.70847766588159,0.976204157623599,"2015_yk_397","Yukon",2015,955.776,0.707859505757097,0.7077035312836
913,478.412,0.707252501763769,0.986379264240395,"2015_yk_397","Yukon",2015,956.824,0.707846758691192,0.7077035312836
914,478.936,0.707476758620142,0.992429484949875,"2015_yk_397","Yukon",2015,957.872,0.707855837132302,0.7077035312836
915,479.46,0.708097410518048,0.949003187107608,"2015_yk_397","Yukon",2015,958.92,0.707878954622917,0.7077035312836
916,479.984,0.708451024251301,0.978379444823537,"2015_yk_397","Yukon",2015,959.968,0.707881476549799,0.7077035312836
917,480.508,0.707198990153123,1.00085045384163,"2015_yk_397","Yukon",2015,961.016,0.707899983631842,0.7077035312836
918,481.032,0.708032418268706,0.988694545282168,"2015_yk_397","Yukon",2015,962.064,0.707895869818836,0.7077035312836
919,481.556,0.708224578464113,0.961405891707604,"2015_yk_397","Yukon",2015,963.112,0.707881880689956,0.7077035312836
920,482.08,0.708245314719783,0.997441281334573,"2015_yk_397","Yukon",2015,964.16,0.7078342303355,0.7077035312836
921,482.604,0.708938979031257,0.961783923695002,"2015_yk_397","Yukon",2015,965.208,0.707794194295364,0.7077035312836
922,483.128,0.708559619940348,0.909633166111319,"2015_yk_397","Yukon",2015,966.256,0.707772982543865,0.7077035312836
923,483.652,0.70704535559469,0.953052708488643,"2015_yk_397","Yukon",2015,967.304,0.707783992340611,0.7077035312836
924,484.176,0.708459904933909,1.00208389601357,"2015_yk_397","Yukon",2015,968.352,0.707768970549865,0.7077035312836
925,484.7,0.708635511322691,0.986942147586405,"2015_yk_397","Yukon",2015,969.4,0.707781195558859,0.7077035312836
926,485.224,0.708584958878012,0.927812234657577,"2015_yk_397","Yukon",2015,970.448,0.707771962388837,0.7077035312836
927,485.748,0.707505434751913,0.955825332379026,"2015_yk_397","Yukon",2015,971.496,0.707768000284993,0.7077035312836
928,486.272,0.708662947120276,0.966774764333295,"2015_yk_397","Yukon",2015,972.544,0.707803939314096,0.7077035312836
929,486.796,0.70891351211632,0.939509849964288,"2015_yk_397","Yukon",2015,973.592,0.707785096980834,0.7077035312836
930,487.32,0.708571920315724,0.902395543307779,"2015_yk_397","Yukon",2015,974.64,0.707783264697464,0.7077035312836
931,487.844,0.707075410631818,0.957743000189902,"2015_yk_397","Yukon",2015,975.688,0.707767020344843,0.7077035312836
932,488.368,0.70760825976361,0.950248370540608,"2015_yk_397","Yukon",2015,976.736,0.707738351100865,0.7077035312836
933,488.892,0.706699516353622,0.90040068303718,"2015_yk_397","Yukon",2015,977.784,0.707763649099469,0.7077035312836
934,489.416,0.706944815693568,0.927819883711737,"2015_yk_397","Yukon",2015,978.832,0.707800024427192,0.7077035312836
935,489.94,0.706611712120652,0.944638433341768,"2015_yk_397","Yukon",2015,979.88,0.707821215609126,0.7077035312836
936,490.464,0.70794668395634,0.895245779728773,"2015_yk_397","Yukon",2015,980.928,0.707835743718636,0.7077035312836
937,490.988,0.707119757390539,0.868962746703299,"2015_yk_397","Yukon",2015,981.976,0.707809700834859,0.7077035312836
938,491.512,0.707642360898727,0.923286710287813,"2015_yk_397","Yukon",2015,983.024,0.707804906584977,0.7077035312836
939,492.036,0.708081390590908,0.920029501029678,"2015_yk_397","Yukon",2015,984.072,0.707816053085066,0.7077035312836
940,492.56,0.706610445051715,0.86837048135695,"2015_yk_397","Yukon",2015,985.12,0.707790745624508,0.7077035312836
941,493.084,0.707882591344101,0.876877564032472,"2015_yk_397","Yukon",2015,986.168,0.707811966822151,0.7077035312836
942,493.608,0.708909042814613,0.934795326977045,"2015_yk_397","Yukon",2015,987.216,0.7078204594907,0.7077035312836
943,494.132,0.70769358177184,0.915683055877348,"2015_yk_397","Yukon",2015,988.264,0.70783165844268,0.7077035312836
944,494.656,0.707918245184871,0.880841094175661,"2015_yk_397","Yukon",2015,989.312,0.707848011562838,0.7077035312836
945,495.18,0.709460980752451,0.885582569820758,"2015_yk_397","Yukon",2015,990.36,0.707845652100892,0.7077035312836
946,495.704,0.708910640849069,0.887915572015674,"2015_yk_397","Yukon",2015,991.408,0.707844252298854,0.7077035312836
947,496.228,0.708938585405396,0.865059363768697,"2015_yk_397","Yukon",2015,992.456,0.707864884068372,0.7077035312836
948,496.752,0.707981729673433,0.85268751360955,"2015_yk_397","Yukon",2015,993.504,0.707880262318878,0.7077035312836
949,497.276,0.706000680031706,0.882572883482916,"2015_yk_397","Yukon",2015,994.552,0.707858429677905,0.7077035312836
950,497.8,0.706067279136928,0.893580082268787,"2015_yk_397","Yukon",2015,995.6,0.707886027743281,0.7077035312836
951,498.324,0.705784627296641,0.87773584272135,"2015_yk_397","Yukon",2015,996.648,0.707855954932569,0.7077035312836
952,498.848,0.706798515627363,0.862186333583874,"2015_yk_397","Yukon",2015,997.696,0.707856992260057,0.7077035312836
953,499.372,0.708170864649543,0.878599818995703,"2015_yk_397","Yukon",2015,998.744,0.707888032057839,0.7077035312836
954,499.896,0.706772405462168,0.861534853670308,"2015_yk_397","Yukon",2015,999.792,0.707881621128515,0.7077035312836
955,500.42,0.708118270115592,0.824414392617187,"2015_yk_397","Yukon",2015,1000.84,0.707890322954624,0.7077035312836
956,500.944,0.707581028186225,0.845407594664171,"2015_yk_397","Yukon",2015,1001.888,0.707889753036923,0.7077035312836
957,501.468,0.708632527100949,0.854448551119697,"2015_yk_397","Yukon",2015,1002.936,0.707921373342745,0.7077035312836
958,501.992,0.708857184292789,0.848356436533944,"2015_yk_397","Yukon",2015,1003.984,0.707920599626534,0.7077035312836
959,502.516,0.707274127441256,0.84591672233998,"2015_yk_397","Yukon",2015,1005.032,0.707902495463855,0.7077035312836
960,503.04,0.707868823019415,0.865592885304234,"2015_yk_397","Yukon",2015,1006.08,0.707907498325153,0.7077035312836
961,503.564,0.707201879372475,0.87137902422628,"2015_yk_397","Yukon",2015,1007.128,0.707951563833187,0.7077035312836
962,504.088,0.706272201616975,0.852406004152776,"2015_yk_397","Yukon",2015,1008.176,0.707968210948093,0.7077035312836
963,504.612,0.708184584135535,0.844305561548022,"2015_yk_397","Yukon",2015,1009.224,0.70800993364018,0.7077035312836
964,505.136,0.708559076275656,0.861134195376066,"2015_yk_397","Yukon",2015,1010.272,0.70806604413193,0.7077035312836
965,505.66,0.70770412560104,0.856247583506137,"2015_yk_397","Yukon",2015,1011.32,0.708099125958766,0.7077035312836
966,506.184,0.707500836736286,0.837416734710663,"2015_yk_397","Yukon",2015,1012.368,0.708109099218266,0.7077035312836
967,506.708,0.707244729546982,0.845894098063167,"2015_yk_397","Yukon",2015,1013.416,0.70811528673461,0.7077035312836
968,507.232,0.708270688157239,0.856438669238725,"2015_yk_397","Yukon",2015,1014.464,0.70813970951183,0.7077035312836
969,507.756,0.708357299679785,0.833619585050832,"2015_yk_397","Yukon",2015,1015.512,0.708140201702605,0.7077035312836
970,508.28,0.706530108367848,0.828203764528229,"2015_yk_397","Yukon",2015,1016.56,0.708189966938212,0.7077035312836
971,508.804,0.70959559058571,0.853762634912319,"2015_yk_397","Yukon",2015,1017.608,0.708216776092529,0.7077035312836
972,509.328,0.708987225994502,0.863897120497307,"2015_yk_397","Yukon",2015,1018.656,0.70822136094332,0.7077035312836
973,509.852,0.707924438882597,0.836542031869687,"2015_yk_397","Yukon",2015,1019.704,0.708225561225754,0.7077035312836
974,510.376,0.708457945829608,0.833230763001959,"2015_yk_397","Yukon",2015,1020.752,0.708236322103465,0.7077035312836
975,510.9,0.707955842801309,0.874989999449128,"2015_yk_397","Yukon",2015,1021.8,0.708230093448617,0.7077035312836
976,511.424,0.708367036128978,0.9001638093227,"2015_yk_397","Yukon",2015,1022.848,0.708249739982338,0.7077035312836
977,511.948,0.708436896324229,0.886833032003173,"2015_yk_397","Yukon",2015,1023.896,0.708257142231499,0.7077035312836
978,512.472,0.708955113299053,0.895930629331072,"2015_yk_397","Yukon",2015,1024.944,0.708263507685489,0.7077035312836
979,512.996,0.706914620005751,0.88813320609767,"2015_yk_397","Yukon",2015,1025.992,0.70831718427053,0.7077035312836
980,513.52,0.709901198642351,0.868316713097709,"2015_yk_397","Yukon",2015,1027.04,0.708362194703086,0.7077035312836
981,514.044,0.7071346103885,0.866933519623802,"2015_yk_397","Yukon",2015,1028.088,0.708415366517254,0.7077035312836
982,514.568,0.708621859589671,0.922753727104821,"2015_yk_397","Yukon",2015,1029.136,0.708451069768153,0.7077035312836
983,515.092,0.7089077434616,0.957717012163116,"2015_yk_397","Yukon",2015,1030.184,0.708457489578483,0.7077035312836
984,515.616,0.70807524917444,0.935796253048448,"2015_yk_397","Yukon",2015,1031.232,0.708497654160993,0.7077035312836
985,516.14,0.709157620889258,0.902639359387001,"2015_yk_397","Yukon",2015,1032.28,0.708503940867776,0.7077035312836
986,516.664,0.708550763815955,0.944125561946654,"2015_yk_397","Yukon",2015,1033.328,0.708528433982873,0.7077035312836
987,517.188,0.709402653101204,0.95638030080875,"2015_yk_397","Yukon",2015,1034.376,0.708534951692047,0.7077035312836
988,517.712,0.708616524147618,0.954877598928876,"2015_yk_397","Yukon",2015,1035.424,0.708531366279961,0.7077035312836
989,518.236,0.707827262355587,0.977578165992958,"2015_yk_397","Yukon",2015,1036.472,0.708559774881443,0.7077035312836
990,518.76,0.708872091993614,0.999307941339396,"2015_yk_397","Yukon",2015,1037.52,0.708589584487166,0.7077035312836
991,519.284,0.70971934111384,1.00510076614511,"2015_yk_397","Yukon",2015,1038.568,0.708625607398967,0.7077035312836
992,519.808,0.708607086657995,1.00442517987092,"2015_yk_397","Yukon",2015,1039.616,0.708671596161754,0.7077035312836
993,520.332,0.709202877878855,1.05022867221018,"2015_yk_397","Yukon",2015,1040.664,0.708693942495051,0.7077035312836
994,520.856,0.710311445198529,1.04048737118748,"2015_yk_397","Yukon",2015,1041.712,0.708703733947617,0.7077035312836
995,521.38,0.708596621730813,1.02296551542694,"2015_yk_397","Yukon",2015,1042.76,0.708732439450037,0.7077035312836
996,521.904,0.708545079526356,1.00703366322967,"2015_yk_397","Yukon",2015,1043.808,0.708758708603146,0.7077035312836
997,522.428,0.707491008371199,1.01916156285572,"2015_yk_397","Yukon",2015,1044.856,0.708779313103387,0.7077035312836
998,522.952,0.709107727531872,1.00526124041244,"2015_yk_397","Yukon",2015,1045.904,0.708790480717038,0.7077035312836
999,523.476,0.70811092203742,0.992046431943304,"2015_yk_397","Yukon",2015,1046.952,0.708804105152468,0.7077035312836
1000,524,0.709596359188163,1.02302475752747,"2015_yk_397","Yukon",2015,1048,0.708841898866157,0.7077035312836
1001,524.524,0.709491140603086,1.05971433013441,"2015_yk_397","Yukon",2015,1049.048,0.708825012432995,0.7077035312836
1002,525.048,0.709184133862095,1.05454731510253,"2015_yk_397","Yukon",2015,1050.096,0.708829706763355,0.7077035312836
1003,525.572,0.707945598717872,1.03239002756445,"2015_yk_397","Yukon",2015,1051.144,0.708851172202513,0.7077035312836
1004,526.096,0.708563897847552,1.04915866847465,"2015_yk_397","Yukon",2015,1052.192,0.708848706574153,0.7077035312836
1005,526.62,0.709087261461521,1.0685457313649,"2015_yk_397","Yukon",2015,1053.24,0.708850234794692,0.7077035312836
1006,527.144,0.710089432872342,1.0849263487899,"2015_yk_397","Yukon",2015,1054.288,0.708880649273223,0.7077035312836
1007,527.668,0.709382720355077,1.0773655867158,"2015_yk_397","Yukon",2015,1055.336,0.708884671778321,0.7077035312836
1008,528.192,0.70836365691282,1.13277671516825,"2015_yk_397","Yukon",2015,1056.384,0.708876007971436,0.7077035312836
1009,528.716,0.709221275134144,1.13570122644291,"2015_yk_397","Yukon",2015,1057.432,0.708910487765915,0.7077035312836
1010,529.24,0.708767905090284,1.10415362755801,"2015_yk_397","Yukon",2015,1058.48,0.708901707729562,0.7077035312836
1011,529.764,0.708974936146735,1.13186429443419,"2015_yk_397","Yukon",2015,1059.528,0.708943792021914,0.7077035312836
1012,530.288,0.708940710681335,1.18132660864157,"2015_yk_397","Yukon",2015,1060.576,0.708937499402543,0.7077035312836
1013,530.812,0.708556053269322,1.18056335636072,"2015_yk_397","Yukon",2015,1061.624,0.708939000256468,0.7077035312836
1014,531.336,0.709182280412764,1.18731986504688,"2015_yk_397","Yukon",2015,1062.672,0.708967493825232,0.7077035312836
1015,531.86,0.708495472522598,1.23057286897537,"2015_yk_397","Yukon",2015,1063.72,0.708967487607551,0.7077035312836
1016,532.384,0.709050615092017,1.25028785709939,"2015_yk_397","Yukon",2015,1064.768,0.708991027917607,0.7077035312836
1017,532.908,0.709023589651404,1.24626274289157,"2015_yk_397","Yukon",2015,1065.816,0.70899283937836,0.7077035312836
1018,533.432,0.708642059567593,1.23714135740022,"2015_yk_397","Yukon",2015,1066.864,0.708995166749084,0.7077035312836
1019,533.956,0.70897864353021,1.25598512489079,"2015_yk_397","Yukon",2015,1067.912,0.709019777801007,0.7077035312836
1020,534.48,0.709657399362761,1.22083676597917,"2015_yk_397","Yukon",2015,1068.96,0.709006538967818,0.7077035312836
1021,535.004,0.709363254080538,1.2209166446778,"2015_yk_397","Yukon",2015,1070.008,0.708994008165259,0.7077035312836
1022,535.528,0.709031527384225,1.24276882950258,"2015_yk_397","Yukon",2015,1071.056,0.7090130758699,0.7077035312836
1023,536.052,0.709525364133317,1.25867264586955,"2015_yk_397","Yukon",2015,1072.104,0.709006119555262,0.7077035312836
1024,536.576,0.709146563429656,1.25359279103421,"2015_yk_397","Yukon",2015,1073.152,0.708996713642984,0.7077035312836
1025,537.1,0.709426455746245,1.21366338411531,"2015_yk_397","Yukon",2015,1074.2,0.709003583623626,0.7077035312836
1026,537.624,0.709076985922798,1.24415836588051,"2015_yk_397","Yukon",2015,1075.248,0.709009796397376,0.7077035312836
1027,538.148,0.708480999561432,1.24179354658742,"2015_yk_397","Yukon",2015,1076.296,0.709027653608586,0.7077035312836
1028,538.672,0.708940744976321,1.23842798481322,"2015_yk_397","Yukon",2015,1077.344,0.709024820856081,0.7077035312836
1029,539.196,0.709174765805542,1.25040328507283,"2015_yk_397","Yukon",2015,1078.392,0.709037389725976,0.7077035312836
1030,539.72,0.708797731189212,1.33258175128364,"2015_yk_397","Yukon",2015,1079.44,0.709012070388214,0.7077035312836
1031,540.244,0.708582404595983,1.33096252477902,"2015_yk_397","Yukon",2015,1080.488,0.709001224875713,0.7077035312836
1032,540.768,0.70926888581608,1.26661592933063,"2015_yk_397","Yukon",2015,1081.536,0.708999097693653,0.7077035312836
1033,541.292,0.709212365232136,1.24426117090417,"2015_yk_397","Yukon",2015,1082.584,0.709024315146909,0.7077035312836
1034,541.816,0.708310008127989,1.26950383924597,"2015_yk_397","Yukon",2015,1083.632,0.709024884057109,0.7077035312836
1035,542.34,0.708047536033627,1.27419710996482,"2015_yk_397","Yukon",2015,1084.68,0.709017202503447,0.7077035312836
1036,542.864,0.710191904840831,1.27113866901222,"2015_yk_397","Yukon",2015,1085.728,0.708995262114222,0.7077035312836
1037,543.388,0.708678246630154,1.33154697522531,"2015_yk_397","Yukon",2015,1086.776,0.708993341855018,0.7077035312836
1038,543.912,0.708435284885949,1.35826940195177,"2015_yk_397","Yukon",2015,1087.824,0.709004017288824,0.7077035312836
1039,544.436,0.708983407674487,1.31996155200501,"2015_yk_397","Yukon",2015,1088.872,0.708992647088035,0.7077035312836
1040,544.96,0.709374396461121,1.30168787851944,"2015_yk_397","Yukon",2015,1089.92,0.708997321464345,0.7077035312836
1041,545.484,0.709659667929677,1.31743909015183,"2015_yk_397","Yukon",2015,1090.968,0.708987785506701,0.7077035312836
1042,546.008,0.708244302427352,1.30629971110022,"2015_yk_397","Yukon",2015,1092.016,0.708980027358276,0.7077035312836
1043,546.532,0.708997794697157,1.2701719341967,"2015_yk_397","Yukon",2015,1093.064,0.708994716887983,0.7077035312836
1044,547.056,0.709784863300248,1.29368796662772,"2015_yk_397","Yukon",2015,1094.112,0.708999787633103,0.7077035312836
1045,547.58,0.709157247828382,1.31098971371959,"2015_yk_397","Yukon",2015,1095.16,0.709007161710098,0.7077035312836
1046,548.104,0.709963182419306,1.24887482101246,"2015_yk_397","Yukon",2015,1096.208,0.709001302255565,0.7077035312836
1047,548.628,0.709511340746408,1.24074961081498,"2015_yk_397","Yukon",2015,1097.256,0.709000232449643,0.7077035312836
1048,549.152,0.708756166391056,1.28964501360269,"2015_yk_397","Yukon",2015,1098.304,0.709016099260184,0.7077035312836
1049,549.676,0.709303925470957,1.26315524627925,"2015_yk_397","Yukon",2015,1099.352,0.709012601898022,0.7077035312836
1050,550.2,0.70807776200229,1.25486057235423,"2015_yk_397","Yukon",2015,1100.4,0.709010982064669,0.7077035312836
1051,550.724,0.708967492960285,1.26801986225201,"2015_yk_397","Yukon",2015,1101.448,0.709024738157251,0.7077035312836
1052,551.248,0.709751148936463,1.33020523785371,"2015_yk_397","Yukon",2015,1102.496,0.709017481110205,0.7077035312836
