"Cycle","Time","Iso","Sr88","Microns","Fish_id","Watershed","Year","Iso_MA","natal_iso"
359,188.116,0.710249128407954,0.453811974874694,376.232,"2014_nk_8","Nush",2014,0.708178589206297,0.708326162546468
360,188.64,0.708447115824936,0.456037137507037,377.28,"2014_nk_8","Nush",2014,0.708209343688276,0.708326162546468
361,189.164,0.708791872437905,0.441359646886814,378.328,"2014_nk_8","Nush",2014,0.708209903987829,0.708326162546468
362,189.688,0.705419586063774,0.441898351246664,379.376,"2014_nk_8","Nush",2014,0.708171659025207,0.708326162546468
363,190.212,0.707493346373489,0.444292652809938,380.424,"2014_nk_8","Nush",2014,0.708210136846981,0.708326162546468
364,190.736,0.708873721660939,0.447165290367641,381.472,"2014_nk_8","Nush",2014,0.708228146925043,0.708326162546468
365,191.26,0.70898377572153,0.449123194759609,382.52,"2014_nk_8","Nush",2014,0.70824394623969,0.708326162546468
366,191.784,0.708363351690656,0.451648433565425,383.568,"2014_nk_8","Nush",2014,0.708224212905666,0.708326162546468
367,192.308,0.70714295605084,0.449509922508234,384.616,"2014_nk_8","Nush",2014,0.708212650017187,0.708326162546468
368,192.832,0.710504617456449,0.4499586920422,385.664,"2014_nk_8","Nush",2014,0.708242778616348,0.708326162546468
369,193.356,0.70876768338442,0.453157882660576,386.712,"2014_nk_8","Nush",2014,0.70828390254644,0.708326162546468
370,193.88,0.707502464859801,0.451236640347826,387.76,"2014_nk_8","Nush",2014,0.708372922260002,0.708326162546468
371,194.404,0.710121606144478,0.458535953075759,388.808,"2014_nk_8","Nush",2014,0.708395272214445,0.708326162546468
372,194.928,0.709946754490172,0.458463397630167,389.856,"2014_nk_8","Nush",2014,0.708469646983481,0.708326162546468
373,195.452,0.709185350510033,0.461111979143923,390.904,"2014_nk_8","Nush",2014,0.708453517584116,0.708326162546468
374,195.976,0.708827404524494,0.458698271394234,391.952,"2014_nk_8","Nush",2014,0.708387027866079,0.708326162546468
375,196.5,0.707092868050328,0.448431400551415,393,"2014_nk_8","Nush",2014,0.708452112971367,0.708326162546468
376,197.024,0.710938445934696,0.452131893936013,394.048,"2014_nk_8","Nush",2014,0.708414052756595,0.708326162546468
377,197.548,0.706556385835151,0.453581387040162,395.096,"2014_nk_8","Nush",2014,0.708416955439466,0.708326162546468
378,198.072,0.71124342934278,0.465547637427691,396.144,"2014_nk_8","Nush",2014,0.708442762460457,0.708326162546468
379,198.596,0.710152362105374,0.459491230347919,397.192,"2014_nk_8","Nush",2014,0.708457953889228,0.708326162546468
380,199.12,0.708832771083601,0.474918583625262,398.24,"2014_nk_8","Nush",2014,0.70850139057588,0.708326162546468
381,199.644,0.707875507235338,0.471287156818102,399.288,"2014_nk_8","Nush",2014,0.708505657786516,0.708326162546468
382,200.168,0.708334730011057,0.471348411833121,400.336,"2014_nk_8","Nush",2014,0.708467420200441,0.708326162546468
383,200.692,0.708382328992231,0.476833641605729,401.384,"2014_nk_8","Nush",2014,0.708468853747796,0.708326162546468
384,201.216,0.707685932435312,0.480403714711244,402.432,"2014_nk_8","Nush",2014,0.708448357481557,0.708326162546468
385,201.74,0.706893478900579,0.476751338680813,403.48,"2014_nk_8","Nush",2014,0.708458793900982,0.708326162546468
386,202.264,0.706189763473502,0.477376825140381,404.528,"2014_nk_8","Nush",2014,0.708505645471852,0.708326162546468
387,202.788,0.708474472186481,0.487385798996944,405.576,"2014_nk_8","Nush",2014,0.708509141842364,0.708326162546468
388,203.312,0.708406460197363,0.496342150703495,406.624,"2014_nk_8","Nush",2014,0.708479118162041,0.708326162546468
389,203.836,0.708570598910589,0.491337348108953,407.672,"2014_nk_8","Nush",2014,0.708435582401001,0.708326162546468
390,204.36,0.710639667095506,0.488991341062506,408.72,"2014_nk_8","Nush",2014,0.708454133537083,0.708326162546468
391,204.884,0.706635432812792,0.489585986897179,409.768,"2014_nk_8","Nush",2014,0.708479430577354,0.708326162546468
392,205.408,0.707800213314566,0.493744787433851,410.816,"2014_nk_8","Nush",2014,0.708491636306052,0.708326162546468
393,205.932,0.710400954260155,0.488195839818884,411.864,"2014_nk_8","Nush",2014,0.708488808396487,0.708326162546468
394,206.456,0.708237880383107,0.493964822297534,412.912,"2014_nk_8","Nush",2014,0.70847112735521,0.708326162546468
395,206.98,0.709244194277707,0.499103175988391,413.96,"2014_nk_8","Nush",2014,0.708466471291844,0.708326162546468
396,207.504,0.70692322498931,0.494452646133125,415.008,"2014_nk_8","Nush",2014,0.708483856194083,0.708326162546468
397,208.028,0.707437251050093,0.490261839082683,416.056,"2014_nk_8","Nush",2014,0.708483480393546,0.708326162546468
398,208.552,0.709203868398216,0.488946495976683,417.104,"2014_nk_8","Nush",2014,0.708445826376692,0.708326162546468
399,209.076,0.709235806802076,0.489368458027259,418.152,"2014_nk_8","Nush",2014,0.708504248194471,0.708326162546468
400,209.6,0.709652089663619,0.493939681932603,419.2,"2014_nk_8","Nush",2014,0.708505340595185,0.708326162546468
401,210.124,0.70994229740583,0.494886494035346,420.248,"2014_nk_8","Nush",2014,0.708456122480098,0.708326162546468
402,210.648,0.712102313567976,0.495334113984888,421.296,"2014_nk_8","Nush",2014,0.708411152124047,0.708326162546468
403,211.172,0.708087043998692,0.494739690876904,422.344,"2014_nk_8","Nush",2014,0.708396430182857,0.708326162546468
404,211.696,0.706576249367299,0.497839351973801,423.392,"2014_nk_8","Nush",2014,0.708385520064291,0.708326162546468
405,212.22,0.710321542308787,0.500114689077716,424.44,"2014_nk_8","Nush",2014,0.708412662538311,0.708326162546468
406,212.744,0.706188030243306,0.506165867493342,425.488,"2014_nk_8","Nush",2014,0.708338754092248,0.708326162546468
407,213.268,0.707746650536019,0.514015520588191,426.536,"2014_nk_8","Nush",2014,0.708357372276789,0.708326162546468
408,213.792,0.709002350110024,0.502754265400203,427.584,"2014_nk_8","Nush",2014,0.708280283175134,0.708326162546468
409,214.316,0.707570136805203,0.503020372514531,428.632,"2014_nk_8","Nush",2014,0.708276508788504,0.708326162546468
410,214.84,0.707409169556897,0.495097553979594,429.68,"2014_nk_8","Nush",2014,0.708247895981449,0.708326162546468
411,215.364,0.708578475396081,0.496783100363193,430.728,"2014_nk_8","Nush",2014,0.708226321182168,0.708326162546468
412,215.888,0.70564663184636,0.494183417042782,431.776,"2014_nk_8","Nush",2014,0.708244568664685,0.708326162546468
413,216.412,0.70862357609107,0.505409704509477,432.824,"2014_nk_8","Nush",2014,0.70823530522687,0.708326162546468
414,216.936,0.706744483793059,0.504856248421255,433.872,"2014_nk_8","Nush",2014,0.708245487076106,0.708326162546468
415,217.46,0.708157759331396,0.497717009445433,434.92,"2014_nk_8","Nush",2014,0.708278998182417,0.708326162546468
416,217.984,0.709490181388948,0.492722314652133,435.968,"2014_nk_8","Nush",2014,0.70830941616979,0.708326162546468
417,218.508,0.708597583969536,0.485466430684147,437.016,"2014_nk_8","Nush",2014,0.708309831077993,0.708326162546468
418,219.032,0.708301760662533,0.479964037507667,438.064,"2014_nk_8","Nush",2014,0.708322435492392,0.708326162546468
419,219.556,0.707636982745562,0.478966662809108,439.112,"2014_nk_8","Nush",2014,0.70832157182414,0.708326162546468
420,220.08,0.709560183989827,0.484316273572014,440.16,"2014_nk_8","Nush",2014,0.708286103104582,0.708326162546468
421,220.604,0.710309694854225,0.477004562796009,441.208,"2014_nk_8","Nush",2014,0.708341568050961,0.708326162546468
422,221.128,0.706151929785611,0.479167190683449,442.256,"2014_nk_8","Nush",2014,0.708315013667929,0.708326162546468
423,221.652,0.707323671799607,0.478350581619783,443.304,"2014_nk_8","Nush",2014,0.708271746111483,0.708326162546468
424,222.176,0.707812859184341,0.474269549333118,444.352,"2014_nk_8","Nush",2014,0.708261745943166,0.708326162546468
425,222.7,0.708704411919572,0.471056525344642,445.4,"2014_nk_8","Nush",2014,0.708256298839774,0.708326162546468
426,223.224,0.709406445824974,0.485898758630744,446.448,"2014_nk_8","Nush",2014,0.708279423121387,0.708326162546468
427,223.748,0.707120408018619,0.486117485102329,447.496,"2014_nk_8","Nush",2014,0.708266983939604,0.708326162546468
428,224.272,0.708245376445187,0.486414390013141,448.544,"2014_nk_8","Nush",2014,0.708264917158167,0.708326162546468
429,224.796,0.712272992451205,0.486672433748966,449.592,"2014_nk_8","Nush",2014,0.708214746356323,0.708326162546468
430,225.32,0.707568008902626,0.487890536277809,450.64,"2014_nk_8","Nush",2014,0.708200465429764,0.708326162546468
431,225.844,0.707168519239256,0.476477133225415,451.688,"2014_nk_8","Nush",2014,0.708204117643558,0.708326162546468
432,226.368,0.707248533127089,0.47937157446191,452.736,"2014_nk_8","Nush",2014,0.708083746432148,0.708326162546468
433,226.892,0.708302034038627,0.479861350999155,453.784,"2014_nk_8","Nush",2014,0.708100144699566,0.708326162546468
434,227.416,0.708172797410585,0.474927094935634,454.832,"2014_nk_8","Nush",2014,0.708130366732946,0.708326162546468
435,227.94,0.708721416491504,0.474910365864143,455.88,"2014_nk_8","Nush",2014,0.70809917134665,0.708326162546468
436,228.464,0.706503939170915,0.474624245864215,456.928,"2014_nk_8","Nush",2014,0.708137765875331,0.708326162546468
437,228.988,0.707673476907581,0.469865666647654,457.976,"2014_nk_8","Nush",2014,0.708159937235468,0.708326162546468
438,229.512,0.706618083243522,0.466924106567322,459.024,"2014_nk_8","Nush",2014,0.708137965432951,0.708326162546468
439,230.036,0.709925898907583,0.475903644428935,460.072,"2014_nk_8","Nush",2014,0.708116776249524,0.708326162546468
440,230.56,0.707116002660267,0.482433166069666,461.12,"2014_nk_8","Nush",2014,0.70812066761125,0.708326162546468
441,231.084,0.706581019278467,0.481037124272448,462.168,"2014_nk_8","Nush",2014,0.708143863816118,0.708326162546468
442,231.608,0.709429578962081,0.476338437294734,463.216,"2014_nk_8","Nush",2014,0.708149252065331,0.708326162546468
443,232.132,0.707826522723348,0.474827897796715,464.264,"2014_nk_8","Nush",2014,0.708134213152549,0.708326162546468
444,232.656,0.708296843389482,0.481534163780822,465.312,"2014_nk_8","Nush",2014,0.708150743484146,0.708326162546468
445,233.18,0.708904145279234,0.48776772745297,466.36,"2014_nk_8","Nush",2014,0.708156938669872,0.708326162546468
446,233.704,0.70801484271586,0.486896606823808,467.408,"2014_nk_8","Nush",2014,0.708146034207433,0.708326162546468
447,234.228,0.708499366678698,0.48897393389567,468.456,"2014_nk_8","Nush",2014,0.708124216172786,0.708326162546468
448,234.752,0.709162725061278,0.488714035626221,469.504,"2014_nk_8","Nush",2014,0.708168192899935,0.708326162546468
449,235.276,0.708518778815456,0.488717575304539,470.552,"2014_nk_8","Nush",2014,0.708170941505479,0.708326162546468
450,235.8,0.708511543922017,0.492154649306653,471.6,"2014_nk_8","Nush",2014,0.708128633288746,0.708326162546468
451,236.324,0.709963329595557,0.495651571907599,472.648,"2014_nk_8","Nush",2014,0.708080495507878,0.708326162546468
452,236.848,0.706206950332656,0.500184329525832,473.696,"2014_nk_8","Nush",2014,0.70808367126144,0.708326162546468
453,237.372,0.707804900873385,0.496115226190135,474.744,"2014_nk_8","Nush",2014,0.708096064499767,0.708326162546468
454,237.896,0.707637870284123,0.499360603348979,475.792,"2014_nk_8","Nush",2014,0.708058529051074,0.708326162546468
455,238.42,0.708917368074179,0.497568318752789,476.84,"2014_nk_8","Nush",2014,0.708087561806129,0.708326162546468
456,238.944,0.708310681886098,0.500181958723105,477.888,"2014_nk_8","Nush",2014,0.708033306557992,0.708326162546468
457,239.468,0.706690900143101,0.500243601061678,478.936,"2014_nk_8","Nush",2014,0.7081041194577,0.708326162546468
458,239.992,0.709079861511985,0.497757591468103,479.984,"2014_nk_8","Nush",2014,0.708066712840597,0.708326162546468
459,240.516,0.706225558691408,0.492275044505449,481.032,"2014_nk_8","Nush",2014,0.708008602282982,0.708326162546468
460,241.04,0.708795234070098,0.490968792569852,482.08,"2014_nk_8","Nush",2014,0.708020281153695,0.708326162546468
461,241.564,0.7101614302335,0.489948521455811,483.128,"2014_nk_8","Nush",2014,0.708027632711828,0.708326162546468
462,242.088,0.704880040883368,0.485482931227743,484.176,"2014_nk_8","Nush",2014,0.708031282314643,0.708326162546468
463,242.612,0.709070940043751,0.489554698168761,485.224,"2014_nk_8","Nush",2014,0.708029156343923,0.708326162546468
464,243.136,0.708389571370124,0.49489892574487,486.272,"2014_nk_8","Nush",2014,0.708031647425399,0.708326162546468
465,243.66,0.708449819130988,0.492840510707894,487.32,"2014_nk_8","Nush",2014,0.708027539413241,0.708326162546468
466,244.184,0.70850370196418,0.482655148156993,488.368,"2014_nk_8","Nush",2014,0.708057106907284,0.708326162546468
467,244.708,0.709076932144263,0.480339548574966,489.416,"2014_nk_8","Nush",2014,0.708069589380675,0.708326162546468
468,245.232,0.707684041958966,0.478097301598533,490.464,"2014_nk_8","Nush",2014,0.708155627366256,0.708326162546468
469,245.756,0.706298785799633,0.475450800362214,491.512,"2014_nk_8","Nush",2014,0.708101905706032,0.708326162546468
470,246.28,0.707642651260404,0.481989027211993,492.56,"2014_nk_8","Nush",2014,0.708112360268057,0.708326162546468
471,246.804,0.709970247688214,0.487240614444211,493.608,"2014_nk_8","Nush",2014,0.708122909021849,0.708326162546468
472,247.328,0.70596992679914,0.484997435832102,494.656,"2014_nk_8","Nush",2014,0.708103079032263,0.708326162546468
473,247.852,0.70772124132411,0.485091986439789,495.704,"2014_nk_8","Nush",2014,0.708101643207212,0.708326162546468
474,248.376,0.707736303688883,0.484027965140298,496.752,"2014_nk_8","Nush",2014,0.708083039583546,0.708326162546468
475,248.9,0.708529470474955,0.495067358072446,497.8,"2014_nk_8","Nush",2014,0.708119961521743,0.708326162546468
476,249.424,0.7088359136426,0.495764715512527,498.848,"2014_nk_8","Nush",2014,0.708089609712645,0.708326162546468
477,249.948,0.70728850189075,0.496340671269998,499.896,"2014_nk_8","Nush",2014,0.708106032416315,0.708326162546468
478,250.472,0.710940364291479,0.493046494237065,500.944,"2014_nk_8","Nush",2014,0.708108576024697,0.708326162546468
479,250.996,0.707801899078203,0.495813589627931,501.992,"2014_nk_8","Nush",2014,0.708125045119062,0.708326162546468
480,251.52,0.707021690985797,0.492703995271161,503.04,"2014_nk_8","Nush",2014,0.70812257303514,0.708326162546468
481,252.044,0.707421428002178,0.491546944573926,504.088,"2014_nk_8","Nush",2014,0.708073261968313,0.708326162546468
482,252.568,0.706342474999297,0.491710448493905,505.136,"2014_nk_8","Nush",2014,0.70810136568575,0.708326162546468
483,253.092,0.708067266099282,0.48828974907723,506.184,"2014_nk_8","Nush",2014,0.708142391716277,0.708326162546468
484,253.616,0.705560732262754,0.480254489433512,507.232,"2014_nk_8","Nush",2014,0.708123598168088,0.708326162546468
485,254.14,0.710446377222868,0.486294970836334,508.28,"2014_nk_8","Nush",2014,0.708126852416346,0.708326162546468
486,254.664,0.706151130936763,0.490088781102327,509.328,"2014_nk_8","Nush",2014,0.708104258011513,0.708326162546468
487,255.188,0.711369182001099,0.485373324597926,510.376,"2014_nk_8","Nush",2014,0.708173869870566,0.708326162546468
488,255.712,0.706000979418952,0.477549489671341,511.424,"2014_nk_8","Nush",2014,0.708121992639016,0.708326162546468
489,256.236,0.708786358994326,0.475162499991862,512.472,"2014_nk_8","Nush",2014,0.708163272103213,0.708326162546468
490,256.76,0.708268741145412,0.47522062437283,513.52,"2014_nk_8","Nush",2014,0.708118531766083,0.708326162546468
491,257.284,0.707609612727246,0.482492632161789,514.568,"2014_nk_8","Nush",2014,0.70808079326882,0.708326162546468
492,257.808,0.707467509295997,0.481232975135369,515.616,"2014_nk_8","Nush",2014,0.708130278018757,0.708326162546468
493,258.332,0.708174475795409,0.475687773876321,516.664,"2014_nk_8","Nush",2014,0.708146830184122,0.708326162546468
494,258.856,0.708322262299144,0.476635829913381,517.712,"2014_nk_8","Nush",2014,0.708131124940807,0.708326162546468
495,259.38,0.708474935762035,0.479628351979505,518.76,"2014_nk_8","Nush",2014,0.708160364893643,0.708326162546468
496,259.904,0.708277988813451,0.475498073967451,519.808,"2014_nk_8","Nush",2014,0.708141723394401,0.708326162546468
497,260.428,0.708422425311096,0.470365768852509,520.856,"2014_nk_8","Nush",2014,0.708174032900221,0.708326162546468
498,260.952,0.711780362378389,0.473385746235919,521.904,"2014_nk_8","Nush",2014,0.708131782051418,0.708326162546468
499,261.476,0.706702599294093,0.487291072998907,522.952,"2014_nk_8","Nush",2014,0.708159658621129,0.708326162546468
500,262,0.707743276381755,0.484975345610058,524,"2014_nk_8","Nush",2014,0.708171833533825,0.708326162546468
501,262.524,0.707213944505993,0.480525875058765,525.048,"2014_nk_8","Nush",2014,0.708121392925485,0.708326162546468
502,263.048,0.70823977958696,0.48464521742843,526.096,"2014_nk_8","Nush",2014,0.708192195931481,0.708326162546468
503,263.572,0.707740373220282,0.47664200186392,527.144,"2014_nk_8","Nush",2014,0.708166228760001,0.708326162546468
504,264.096,0.707180625969531,0.475195378092756,528.192,"2014_nk_8","Nush",2014,0.708161086380766,0.708326162546468
505,264.62,0.711119461571032,0.485260487055764,529.24,"2014_nk_8","Nush",2014,0.708144112538421,0.708326162546468
506,265.144,0.706193734170003,0.4726472081374,530.288,"2014_nk_8","Nush",2014,0.708106323531029,0.708326162546468
507,265.668,0.709484728898859,0.464775669602645,531.336,"2014_nk_8","Nush",2014,0.708128925103958,0.708326162546468
508,266.192,0.709315341564213,0.470922913676615,532.384,"2014_nk_8","Nush",2014,0.70809035917218,0.708326162546468
509,266.716,0.709506924477326,0.468284943634325,533.432,"2014_nk_8","Nush",2014,0.708072653520037,0.708326162546468
510,267.24,0.708363218886703,0.465439959874401,534.48,"2014_nk_8","Nush",2014,0.708109702052988,0.708326162546468
511,267.764,0.707004665585963,0.46651059382524,535.528,"2014_nk_8","Nush",2014,0.70815057872734,0.708326162546468
512,268.288,0.707893173378864,0.463898690537157,536.576,"2014_nk_8","Nush",2014,0.70822500658005,0.708326162546468
513,268.812,0.710266462704993,0.466954818513827,537.624,"2014_nk_8","Nush",2014,0.708220868482217,0.708326162546468
514,269.336,0.70651025739282,0.463628999392296,538.672,"2014_nk_8","Nush",2014,0.708236026198855,0.708326162546468
515,269.86,0.709112622969612,0.457505055339611,539.72,"2014_nk_8","Nush",2014,0.708247737624166,0.708326162546468
516,270.384,0.706955017596125,0.455868222924773,540.768,"2014_nk_8","Nush",2014,0.70823135631248,0.708326162546468
517,270.908,0.710867611686297,0.462826120958666,541.816,"2014_nk_8","Nush",2014,0.708213868610728,0.708326162546468
518,271.432,0.705967227618977,0.461286321306424,542.864,"2014_nk_8","Nush",2014,0.70824005119273,0.708326162546468
519,271.956,0.708702326543269,0.457189874228391,543.912,"2014_nk_8","Nush",2014,0.70826157672215,0.708326162546468
520,272.48,0.706110813842254,0.452331089954075,544.96,"2014_nk_8","Nush",2014,0.708229801280492,0.708326162546468
521,273.004,0.70789712039777,0.4538349778167,546.008,"2014_nk_8","Nush",2014,0.708257236393825,0.708326162546468
522,273.528,0.707849125879568,0.449127552390464,547.056,"2014_nk_8","Nush",2014,0.708275423868329,0.708326162546468
523,274.052,0.710064069965608,0.444410320945752,548.104,"2014_nk_8","Nush",2014,0.708272162119059,0.708326162546468
524,274.576,0.707447256771248,0.441828248241372,549.152,"2014_nk_8","Nush",2014,0.708241187625814,0.708326162546468
525,275.1,0.710204216301153,0.44895790679679,550.2,"2014_nk_8","Nush",2014,0.70827193343793,0.708326162546468
526,275.624,0.707385212009653,0.45053862400035,551.248,"2014_nk_8","Nush",2014,0.708296224042813,0.708326162546468
527,276.148,0.711015502493468,0.444955336556734,552.296,"2014_nk_8","Nush",2014,0.708234708532368,0.708326162546468
528,276.672,0.705148991030792,0.445472167193555,553.344,"2014_nk_8","Nush",2014,0.70816542134182,0.708326162546468
529,277.196,0.707971379982313,0.445909121138526,554.392,"2014_nk_8","Nush",2014,0.708231413318866,0.708326162546468
530,277.72,0.708373146022131,0.445110768711442,555.44,"2014_nk_8","Nush",2014,0.708185155172246,0.708326162546468
531,278.244,0.706943811187804,0.442954471610453,556.488,"2014_nk_8","Nush",2014,0.708269067190254,0.708326162546468
532,278.768,0.710218107158907,0.439060386710563,557.536,"2014_nk_8","Nush",2014,0.708262473283599,0.708326162546468
533,279.292,0.706163211035324,0.436875413754722,558.584,"2014_nk_8","Nush",2014,0.708280250900437,0.708326162546468
534,279.816,0.707427760934807,0.435156195942746,559.632,"2014_nk_8","Nush",2014,0.708314739315039,0.708326162546468
535,280.34,0.707511039934242,0.43052469756228,560.68,"2014_nk_8","Nush",2014,0.708269834927871,0.708326162546468
536,280.864,0.706568573199092,0.423252899004383,561.728,"2014_nk_8","Nush",2014,0.708324256724574,0.708326162546468
537,281.388,0.708644596266442,0.420314145283654,562.776,"2014_nk_8","Nush",2014,0.708303385057323,0.708326162546468
538,281.912,0.708626408384829,0.417177051447186,563.824,"2014_nk_8","Nush",2014,0.708249908085826,0.708326162546468
539,282.436,0.70673955994962,0.415673652555019,564.872,"2014_nk_8","Nush",2014,0.708267069814479,0.708326162546468
540,282.96,0.709244602962877,0.420020009359881,565.92,"2014_nk_8","Nush",2014,0.708299214298816,0.708326162546468
541,283.484,0.709874028463239,0.426260666768043,566.968,"2014_nk_8","Nush",2014,0.708328520655457,0.708326162546468
542,284.008,0.710808146161917,0.424721497467225,568.016,"2014_nk_8","Nush",2014,0.708347900077159,0.708326162546468
543,284.532,0.707818980229328,0.424456827013571,569.064,"2014_nk_8","Nush",2014,0.708264436849538,0.708326162546468
544,285.056,0.70647019526104,0.422043966725407,570.112,"2014_nk_8","Nush",2014,0.708322139545047,0.708326162546468
545,285.58,0.711149062741481,0.423581563318122,571.16,"2014_nk_8","Nush",2014,0.708267767595018,0.708326162546468
546,286.104,0.705168252235622,0.421547468931527,572.208,"2014_nk_8","Nush",2014,0.708290277991801,0.708326162546468
547,286.628,0.71031991989597,0.41579747172553,573.256,"2014_nk_8","Nush",2014,0.708171538477796,0.708326162546468
548,287.152,0.707571934339055,0.41553408465683,574.304,"2014_nk_8","Nush",2014,0.708220672249838,0.708326162546468
549,287.676,0.710077890759542,0.415476771937394,575.352,"2014_nk_8","Nush",2014,0.708249617924365,0.708326162546468
550,288.2,0.706362214645932,0.42241884458802,576.4,"2014_nk_8","Nush",2014,0.708260850620014,0.708326162546468
551,288.724,0.709255719527244,0.416806077880431,577.448,"2014_nk_8","Nush",2014,0.708226767793767,0.708326162546468
552,289.248,0.70855875776625,0.419473902278635,578.496,"2014_nk_8","Nush",2014,0.708209407621858,0.708326162546468
553,289.772,0.707978770839197,0.414926422376259,579.544,"2014_nk_8","Nush",2014,0.708151400462322,0.708326162546468
554,290.296,0.70646379270442,0.417748488545295,580.592,"2014_nk_8","Nush",2014,0.708155771315698,0.708326162546468
555,290.82,0.710319684489003,0.413248281246365,581.64,"2014_nk_8","Nush",2014,0.708100485162774,0.708326162546468
556,291.344,0.709735425106427,0.413202803992927,582.688,"2014_nk_8","Nush",2014,0.70811358578157,0.708326162546468
557,291.868,0.704731494684413,0.406954956717014,583.736,"2014_nk_8","Nush",2014,0.708060825692609,0.708326162546468
558,292.392,0.707623130945517,0.404604822183738,584.784,"2014_nk_8","Nush",2014,0.708088136736458,0.708326162546468
559,292.916,0.710662117916852,0.406062179982251,585.832,"2014_nk_8","Nush",2014,0.70811840512171,0.708326162546468
560,293.44,0.704967787584556,0.410188327408951,586.88,"2014_nk_8","Nush",2014,0.70808739890084,0.708326162546468
561,293.964,0.712248665586456,0.409269141282855,587.928,"2014_nk_8","Nush",2014,0.708084534757783,0.708326162546468
562,294.488,0.707844145187662,0.412258645080533,588.976,"2014_nk_8","Nush",2014,0.708020418632157,0.708326162546468
563,295.012,0.708807030230557,0.409742357040702,590.024,"2014_nk_8","Nush",2014,0.708076792000396,0.708326162546468
564,295.536,0.709249930845654,0.413427060722435,591.072,"2014_nk_8","Nush",2014,0.708091553664202,0.708326162546468
565,296.06,0.708425198340958,0.420788042169894,592.12,"2014_nk_8","Nush",2014,0.708063841534772,0.708326162546468
566,296.584,0.709459041972171,0.414294447226043,593.168,"2014_nk_8","Nush",2014,0.708108052047768,0.708326162546468
567,297.108,0.708232428863827,0.416093886991892,594.216,"2014_nk_8","Nush",2014,0.708111447534269,0.708326162546468
568,297.632,0.706106723274373,0.421325274166605,595.264,"2014_nk_8","Nush",2014,0.708105225707919,0.708326162546468
569,298.156,0.710536628196494,0.417431499447808,596.312,"2014_nk_8","Nush",2014,0.70809991098721,0.708326162546468
570,298.68,0.710291887946925,0.416565507532143,597.36,"2014_nk_8","Nush",2014,0.708120282897359,0.708326162546468
571,299.204,0.708763046984449,0.409751211981588,598.408,"2014_nk_8","Nush",2014,0.708099236917233,0.708326162546468
572,299.728,0.709055938680966,0.409038455623765,599.456,"2014_nk_8","Nush",2014,0.708077622483817,0.708326162546468
573,300.252,0.705258669047732,0.406596510654579,600.504,"2014_nk_8","Nush",2014,0.708099862041877,0.708326162546468
574,300.776,0.709972419123376,0.401609844998597,601.552,"2014_nk_8","Nush",2014,0.708114556770664,0.708326162546468
575,301.3,0.705850305967871,0.399224449535642,602.6,"2014_nk_8","Nush",2014,0.708108844879625,0.708326162546468
576,301.824,0.708305641403107,0.397304987689446,603.648,"2014_nk_8","Nush",2014,0.708168484252357,0.708326162546468
577,302.348,0.703743240846011,0.394204996797518,604.696,"2014_nk_8","Nush",2014,0.708163015486239,0.708326162546468
578,302.872,0.7089152539415,0.397540312141758,605.744,"2014_nk_8","Nush",2014,0.708209480390259,0.708326162546468
579,303.396,0.710439067014884,0.400214604698906,606.792,"2014_nk_8","Nush",2014,0.708182404029312,0.708326162546468
580,303.92,0.7067847755812,0.404654469156771,607.84,"2014_nk_8","Nush",2014,0.708209043052144,0.708326162546468
581,304.444,0.705852150822926,0.39768946877257,608.888,"2014_nk_8","Nush",2014,0.708150790674896,0.708326162546468
582,304.968,0.706807515565012,0.39375080435199,609.936,"2014_nk_8","Nush",2014,0.708132988301502,0.708326162546468
583,305.492,0.706583640393448,0.398728399953909,610.984,"2014_nk_8","Nush",2014,0.708119574751471,0.708326162546468
584,306.016,0.707709507973837,0.403986690124471,612.032,"2014_nk_8","Nush",2014,0.708168694521506,0.708326162546468
585,306.54,0.706887047125715,0.403141162361727,613.08,"2014_nk_8","Nush",2014,0.708116478884713,0.708326162546468
586,307.064,0.708171249137382,0.408284654861213,614.128,"2014_nk_8","Nush",2014,0.70808317998745,0.708326162546468
587,307.588,0.707849897155852,0.410684775107411,615.176,"2014_nk_8","Nush",2014,0.708117055492511,0.708326162546468
588,308.112,0.706787653661727,0.416034540755364,616.224,"2014_nk_8","Nush",2014,0.708091002415212,0.708326162546468
589,308.636,0.709787483097427,0.413994468427869,617.272,"2014_nk_8","Nush",2014,0.708021150336667,0.708326162546468
590,309.16,0.706512772769884,0.412176782728004,618.32,"2014_nk_8","Nush",2014,0.708104035453786,0.708326162546468
591,309.684,0.7067719626044,0.408707065420716,619.368,"2014_nk_8","Nush",2014,0.708055558315865,0.708326162546468
592,310.208,0.706371139621395,0.41431792200877,620.416,"2014_nk_8","Nush",2014,0.708079773571476,0.708326162546468
593,310.732,0.709545613129664,0.414569875376371,621.464,"2014_nk_8","Nush",2014,0.70804460962845,0.708326162546468
594,311.256,0.708313460763153,0.410636750466629,622.512,"2014_nk_8","Nush",2014,0.708066144126463,0.708326162546468
595,311.78,0.705848312168439,0.412284120867409,623.56,"2014_nk_8","Nush",2014,0.708114837205654,0.708326162546468
596,312.304,0.709221203978849,0.415493392344772,624.608,"2014_nk_8","Nush",2014,0.708083703613568,0.708326162546468
597,312.828,0.708848325456512,0.413748930842174,625.656,"2014_nk_8","Nush",2014,0.708064466531303,0.708326162546468
598,313.352,0.708253098803838,0.411443419154346,626.704,"2014_nk_8","Nush",2014,0.708117160859476,0.708326162546468
599,313.876,0.706420676707087,0.418091939861209,627.752,"2014_nk_8","Nush",2014,0.708112319323633,0.708326162546468
600,314.4,0.710466917571775,0.413645064659771,628.8,"2014_nk_8","Nush",2014,0.708081634757107,0.708326162546468
601,314.924,0.708611269655713,0.405359326310007,629.848,"2014_nk_8","Nush",2014,0.70807363203365,0.708326162546468
602,315.448,0.709511280156977,0.402971615623057,630.896,"2014_nk_8","Nush",2014,0.708062007718113,0.708326162546468
603,315.972,0.709153353712915,0.402306768454185,631.944,"2014_nk_8","Nush",2014,0.708092972419565,0.708326162546468
604,316.496,0.707351878988237,0.401030626499763,632.992,"2014_nk_8","Nush",2014,0.708070834658246,0.708326162546468
605,317.02,0.710806349279122,0.396925544161423,634.04,"2014_nk_8","Nush",2014,0.708154257696575,0.708326162546468
606,317.544,0.708746614599572,0.400941164454098,635.088,"2014_nk_8","Nush",2014,0.708164647072116,0.708326162546468
607,318.068,0.709991793928909,0.398452874288532,636.136,"2014_nk_8","Nush",2014,0.708254873508563,0.708326162546468
608,318.592,0.71035982858021,0.398354792263832,637.184,"2014_nk_8","Nush",2014,0.708273873274436,0.708326162546468
609,319.116,0.708453309102749,0.396806672890245,638.232,"2014_nk_8","Nush",2014,0.70825533288075,0.708326162546468
610,319.64,0.707960556015866,0.39195264235077,639.28,"2014_nk_8","Nush",2014,0.708302171248658,0.708326162546468
611,320.164,0.705760576892332,0.397925032160831,640.328,"2014_nk_8","Nush",2014,0.708360695417425,0.708326162546468
612,320.688,0.707490615362601,0.396917581122403,641.376,"2014_nk_8","Nush",2014,0.708398341835637,0.708326162546468
613,321.212,0.707173957837376,0.396565269849739,642.424,"2014_nk_8","Nush",2014,0.70842175866074,0.708326162546468
614,321.736,0.709410978906522,0.392599851164338,643.472,"2014_nk_8","Nush",2014,0.708415190844167,0.708326162546468
615,322.26,0.70718674628143,0.389449840373618,644.52,"2014_nk_8","Nush",2014,0.708424445563891,0.708326162546468
616,322.784,0.70773749127062,0.392419073972634,645.568,"2014_nk_8","Nush",2014,0.708454197479329,0.708326162546468
617,323.308,0.706764024988082,0.389231268533191,646.616,"2014_nk_8","Nush",2014,0.708467696635567,0.708326162546468
618,323.832,0.706059946307561,0.383335398382568,647.664,"2014_nk_8","Nush",2014,0.708472066721916,0.708326162546468
619,324.356,0.706470993204164,0.388588542941685,648.712,"2014_nk_8","Nush",2014,0.708469849942247,0.708326162546468
620,324.88,0.709940894611702,0.391257589823556,649.76,"2014_nk_8","Nush",2014,0.708467998395923,0.708326162546468
621,325.404,0.709340037311194,0.390737770995388,650.808,"2014_nk_8","Nush",2014,0.708482722246762,0.708326162546468
622,325.928,0.709297060524328,0.387892931922414,651.856,"2014_nk_8","Nush",2014,0.70847165163897,0.708326162546468
623,326.452,0.706697193648986,0.391506809234963,652.904,"2014_nk_8","Nush",2014,0.708487445337097,0.708326162546468
624,326.976,0.710542000726435,0.394684341942833,653.952,"2014_nk_8","Nush",2014,0.708478510588368,0.708326162546468
625,327.5,0.711346783092411,0.392652642146045,655,"2014_nk_8","Nush",2014,0.708464463590921,0.708326162546468
626,328.024,0.707591026447034,0.396668762933042,656.048,"2014_nk_8","Nush",2014,0.708451081125213,0.708326162546468
627,328.548,0.707078203927917,0.401735648348977,657.096,"2014_nk_8","Nush",2014,0.708477359791956,0.708326162546468
628,329.072,0.709268382964768,0.397799146302903,658.144,"2014_nk_8","Nush",2014,0.708480748036147,0.708326162546468
629,329.596,0.710246136045896,0.395650144991932,659.192,"2014_nk_8","Nush",2014,0.708521106319415,0.708326162546468
630,330.12,0.708450813955374,0.397412478437852,660.24,"2014_nk_8","Nush",2014,0.708487027877949,0.708326162546468
631,330.644,0.708282883577024,0.396597681553,661.288,"2014_nk_8","Nush",2014,0.708441964486997,0.708326162546468
632,331.168,0.708358479748757,0.404892790923964,662.336,"2014_nk_8","Nush",2014,0.708442580887194,0.708326162546468
633,331.692,0.707116551134863,0.403143442145489,663.384,"2014_nk_8","Nush",2014,0.708470322482172,0.708326162546468
634,332.216,0.70864415344423,0.406483234323904,664.432,"2014_nk_8","Nush",2014,0.708414813752964,0.708326162546468
635,332.74,0.710855688267621,0.408100362488138,665.48,"2014_nk_8","Nush",2014,0.70833116229134,0.708326162546468
636,333.264,0.708929003935532,0.406304924273962,666.528,"2014_nk_8","Nush",2014,0.70828898956452,0.708326162546468
637,333.788,0.709156827032856,0.401671891150267,667.576,"2014_nk_8","Nush",2014,0.708276510085733,0.708326162546468
638,334.312,0.710055239893886,0.405130453307294,668.624,"2014_nk_8","Nush",2014,0.708259909125645,0.708326162546468
639,334.836,0.709326643393709,0.401187276838802,669.672,"2014_nk_8","Nush",2014,0.708232171321776,0.708326162546468
640,335.36,0.709595077655659,0.395279463535951,670.72,"2014_nk_8","Nush",2014,0.708207766502493,0.708326162546468
641,335.884,0.709363600948956,0.398517129490835,671.768,"2014_nk_8","Nush",2014,0.708218215958331,0.708326162546468
642,336.408,0.709066300657756,0.401435393032405,672.816,"2014_nk_8","Nush",2014,0.708235165951648,0.708326162546468
643,336.932,0.707988649899605,0.39591381082071,673.864,"2014_nk_8","Nush",2014,0.708231953409785,0.708326162546468
644,337.456,0.707315438979459,0.396952562011331,674.912,"2014_nk_8","Nush",2014,0.708204074469889,0.708326162546468
645,337.98,0.707442330309152,0.40127320115836,675.96,"2014_nk_8","Nush",2014,0.708199621420575,0.708326162546468
646,338.504,0.709956364063687,0.40102663760349,677.008,"2014_nk_8","Nush",2014,0.708194815776674,0.708326162546468
647,339.028,0.708659846530113,0.397755956020529,678.056,"2014_nk_8","Nush",2014,0.708217776343556,0.708326162546468
648,339.552,0.707049858842655,0.399307239340755,679.104,"2014_nk_8","Nush",2014,0.708235764124145,0.708326162546468
649,340.076,0.709654476317314,0.398026489342999,680.152,"2014_nk_8","Nush",2014,0.708286266716776,0.708326162546468
650,340.6,0.706401679990416,0.403682162860611,681.2,"2014_nk_8","Nush",2014,0.708268377003726,0.708326162546468
651,341.124,0.707655393654783,0.407625047548504,682.248,"2014_nk_8","Nush",2014,0.708229798750279,0.708326162546468
652,341.648,0.705706903153844,0.407805553617714,683.296,"2014_nk_8","Nush",2014,0.708209482282807,0.708326162546468
653,342.172,0.710493235017297,0.403308168021085,684.344,"2014_nk_8","Nush",2014,0.708245121984979,0.708326162546468
654,342.696,0.707777375839392,0.402959363596624,685.392,"2014_nk_8","Nush",2014,0.70819016739709,0.708326162546468
655,343.22,0.705005492321626,0.40885005719404,686.44,"2014_nk_8","Nush",2014,0.708133964974609,0.708326162546468
656,343.744,0.70841825603638,0.41023690562323,687.488,"2014_nk_8","Nush",2014,0.708146485443326,0.708326162546468
657,344.268,0.710425045461101,0.419160763305253,688.536,"2014_nk_8","Nush",2014,0.708190617843352,0.708326162546468
658,344.792,0.708456393455266,0.421702799932401,689.584,"2014_nk_8","Nush",2014,0.708144579588776,0.708326162546468
659,345.316,0.708842173703161,0.40726211843608,690.632,"2014_nk_8","Nush",2014,0.708118662352285,0.708326162546468
660,345.84,0.708422211083865,0.414426427267471,691.68,"2014_nk_8","Nush",2014,0.708137029304515,0.708326162546468
661,346.364,0.705907466198572,0.41945667895417,692.728,"2014_nk_8","Nush",2014,0.708164228463348,0.708326162546468
662,346.888,0.709548264168809,0.409903470061429,693.776,"2014_nk_8","Nush",2014,0.708145341291352,0.708326162546468
663,347.412,0.710817849411584,0.40759534662307,694.824,"2014_nk_8","Nush",2014,0.708153364021143,0.708326162546468
664,347.936,0.704021355235732,0.426250307054166,695.872,"2014_nk_8","Nush",2014,0.708153227939165,0.708326162546468
665,348.46,0.705787261581676,0.424295351948053,696.92,"2014_nk_8","Nush",2014,0.70809288462287,0.708326162546468
666,348.984,0.706216250990388,0.426648932335776,697.968,"2014_nk_8","Nush",2014,0.708073179223073,0.708326162546468
667,349.508,0.709243025201725,0.432817945549502,699.016,"2014_nk_8","Nush",2014,0.708025412087745,0.708326162546468
668,350.032,0.709363770974892,0.436670568975192,700.064,"2014_nk_8","Nush",2014,0.708006598500431,0.708326162546468
669,350.556,0.70678904087063,0.444959106131583,701.112,"2014_nk_8","Nush",2014,0.708001408045957,0.708326162546468
670,351.08,0.706496266858881,0.464278345513782,702.16,"2014_nk_8","Nush",2014,0.707975747082872,0.708326162546468
671,351.604,0.706387544242603,0.4707251598862,703.208,"2014_nk_8","Nush",2014,0.707952230392742,0.708326162546468
672,352.128,0.708507614961656,0.48110005194437,704.256,"2014_nk_8","Nush",2014,0.707931184639969,0.708326162546468
673,352.652,0.70698120532559,0.481641538817038,705.304,"2014_nk_8","Nush",2014,0.707942133489005,0.708326162546468
674,353.176,0.70773824251273,0.48783031119781,706.352,"2014_nk_8","Nush",2014,0.70796807974971,0.708326162546468
675,353.7,0.706919563322621,0.497009850817816,707.4,"2014_nk_8","Nush",2014,0.707995571784932,0.708326162546468
676,354.224,0.707449152636521,0.508634907394406,708.448,"2014_nk_8","Nush",2014,0.70797265693899,0.708326162546468
677,354.748,0.708141659000991,0.522120334310837,709.496,"2014_nk_8","Nush",2014,0.7079814336697,0.708326162546468
678,355.272,0.707139213142934,0.528358128627113,710.544,"2014_nk_8","Nush",2014,0.707983305667581,0.708326162546468
679,355.796,0.709501148762036,0.544358548339174,711.592,"2014_nk_8","Nush",2014,0.707971193241817,0.708326162546468
680,356.32,0.708867511828684,0.563490645803554,712.64,"2014_nk_8","Nush",2014,0.70802805558091,0.708326162546468
681,356.844,0.707025342104364,0.574778613602876,713.688,"2014_nk_8","Nush",2014,0.708051241661087,0.708326162546468
682,357.368,0.708078072475988,0.6032399994671,714.736,"2014_nk_8","Nush",2014,0.70809938485404,0.708326162546468
683,357.892,0.708835575779309,0.626628037667666,715.784,"2014_nk_8","Nush",2014,0.708100914724959,0.708326162546468
684,358.416,0.707244725453144,0.638469140620333,716.832,"2014_nk_8","Nush",2014,0.708100834139187,0.708326162546468
685,358.94,0.707974637743496,0.654916149071808,717.88,"2014_nk_8","Nush",2014,0.708169555831606,0.708326162546468
686,359.464,0.708342254570085,0.670353144190953,718.928,"2014_nk_8","Nush",2014,0.70817741116403,0.708326162546468
687,359.988,0.709726147929464,0.67311909383058,719.976,"2014_nk_8","Nush",2014,0.708150185803839,0.708326162546468
688,360.512,0.706506087690208,0.703750489909857,721.024,"2014_nk_8","Nush",2014,0.708147300893635,0.708326162546468
689,361.036,0.708691101856466,0.727120351390065,722.072,"2014_nk_8","Nush",2014,0.708153438983118,0.708326162546468
690,361.56,0.709552831089149,0.738825760789319,723.12,"2014_nk_8","Nush",2014,0.708159672336187,0.708326162546468
691,362.084,0.709914833106978,0.766824645625982,724.168,"2014_nk_8","Nush",2014,0.708212288481348,0.708326162546468
692,362.608,0.707225249429043,0.777851518017999,725.216,"2014_nk_8","Nush",2014,0.708191050907152,0.708326162546468
693,363.132,0.70759791492228,0.785533420106693,726.264,"2014_nk_8","Nush",2014,0.708147036517843,0.708326162546468
694,363.656,0.708635988525575,0.80207579876375,727.312,"2014_nk_8","Nush",2014,0.708219279809199,0.708326162546468
695,364.18,0.707235089289894,0.804348000524265,728.36,"2014_nk_8","Nush",2014,0.708284021720278,0.708326162546468
696,364.704,0.707746679947733,0.816542012218654,729.408,"2014_nk_8","Nush",2014,0.708332936080087,0.708326162546468
697,365.228,0.706290798913208,0.819337788972284,730.456,"2014_nk_8","Nush",2014,0.708337590940591,0.708326162546468
698,365.752,0.708926424655003,0.836226303690003,731.504,"2014_nk_8","Nush",2014,0.708327757152097,0.708326162546468
699,366.276,0.709015216125279,0.846511862861114,732.552,"2014_nk_8","Nush",2014,0.708360042959674,0.708326162546468
700,366.8,0.708055419870573,0.866599100187906,733.6,"2014_nk_8","Nush",2014,0.708392463266599,0.708326162546468
701,367.324,0.707952599541125,0.897097796343312,734.648,"2014_nk_8","Nush",2014,0.708420092114391,0.708326162546468
702,367.848,0.70780355549143,0.89353389623785,735.696,"2014_nk_8","Nush",2014,0.708424328709993,0.708326162546468
703,368.372,0.70864558084173,0.906149014548662,736.744,"2014_nk_8","Nush",2014,0.708445440332762,0.708326162546468
704,368.896,0.708872214621749,0.90946858133824,737.792,"2014_nk_8","Nush",2014,0.70847721962172,0.708326162546468
705,369.42,0.709091852422473,0.916865325337637,738.84,"2014_nk_8","Nush",2014,0.7085041414959,0.708326162546468
706,369.944,0.70858147330715,0.923259958254739,739.888,"2014_nk_8","Nush",2014,0.708541840182059,0.708326162546468
707,370.468,0.709186450372714,0.948461501584908,740.936,"2014_nk_8","Nush",2014,0.708540056354079,0.708326162546468
708,370.992,0.707162178715528,0.968465527697919,741.984,"2014_nk_8","Nush",2014,0.708556222371669,0.708326162546468
709,371.516,0.708927730771515,0.978022837447714,743.032,"2014_nk_8","Nush",2014,0.708539439450374,0.708326162546468
710,372.04,0.709813420335959,0.96824461049875,744.08,"2014_nk_8","Nush",2014,0.708553709894962,0.708326162546468
711,372.564,0.709046558465397,0.977236226852885,745.128,"2014_nk_8","Nush",2014,0.708613119338083,0.708326162546468
712,373.088,0.708595494731079,0.984907571220296,746.176,"2014_nk_8","Nush",2014,0.708634172760938,0.708326162546468
713,373.612,0.710585027272398,0.997296985559212,747.224,"2014_nk_8","Nush",2014,0.708637721668215,0.708326162546468
714,374.136,0.707772540693058,1.00541770777934,748.272,"2014_nk_8","Nush",2014,0.708671630148917,0.708326162546468
715,374.66,0.70912879386676,0.991454220130336,749.32,"2014_nk_8","Nush",2014,0.708699026133122,0.708326162546468
716,375.184,0.708889575981873,1.00441584594879,750.368,"2014_nk_8","Nush",2014,0.708701795364365,0.708326162546468
717,375.708,0.708791523849633,1.0002358929309,751.416,"2014_nk_8","Nush",2014,0.70869832968713,0.708326162546468
718,376.232,0.708283298842987,0.983158546510313,752.464,"2014_nk_8","Nush",2014,0.708750938740193,0.708326162546468
719,376.756,0.709210459072145,0.987195434127589,753.512,"2014_nk_8","Nush",2014,0.708749432403004,0.708326162546468
720,377.28,0.70879621226804,0.99452891935164,754.56,"2014_nk_8","Nush",2014,0.708721615019602,0.708326162546468
721,377.804,0.709064434908233,1.02955323848664,755.608,"2014_nk_8","Nush",2014,0.708704446519812,0.708326162546468
722,378.328,0.708274009717052,1.01020064730557,756.656,"2014_nk_8","Nush",2014,0.708726513023989,0.708326162546468
723,378.852,0.708176986053057,1.02241966228716,757.704,"2014_nk_8","Nush",2014,0.708736576647589,0.708326162546468
724,379.376,0.708355952717057,1.03469346757117,758.752,"2014_nk_8","Nush",2014,0.708735271729438,0.708326162546468
725,379.9,0.709671776246441,1.06343024953468,759.8,"2014_nk_8","Nush",2014,0.708782590514491,0.708326162546468
726,380.424,0.709151112578915,1.08381672189123,760.848,"2014_nk_8","Nush",2014,0.708810957263664,0.708326162546468
727,380.948,0.709522316831984,1.11722598840534,761.896,"2014_nk_8","Nush",2014,0.70885250275888,0.708326162546468
728,381.472,0.708773743665218,1.11154119094863,762.944,"2014_nk_8","Nush",2014,0.708852699983265,0.708326162546468
729,381.996,0.708726189325295,1.11651241738573,763.992,"2014_nk_8","Nush",2014,0.708854540886907,0.708326162546468
730,382.52,0.708441485274368,1.10368601903396,765.04,"2014_nk_8","Nush",2014,0.70887343589368,0.708326162546468
731,383.044,0.708045275110125,1.1039836530562,766.088,"2014_nk_8","Nush",2014,0.708902148410822,0.708326162546468
732,383.568,0.708761810697742,1.1177113892167,767.136,"2014_nk_8","Nush",2014,0.708920694509766,0.708326162546468
733,384.092,0.708247902691736,1.14157332184077,768.184,"2014_nk_8","Nush",2014,0.708925209670856,0.708326162546468
734,384.616,0.709644999850198,1.11699204310879,769.232,"2014_nk_8","Nush",2014,0.708932509668324,0.708326162546468
735,385.14,0.708534875773443,1.1373772742074,770.28,"2014_nk_8","Nush",2014,0.708940886278487,0.708326162546468
736,385.664,0.709711073806054,1.13992951286208,771.328,"2014_nk_8","Nush",2014,0.708952775791296,0.708326162546468
737,386.188,0.708034629322207,1.1484843064465,772.376,"2014_nk_8","Nush",2014,0.708943363729693,0.708326162546468
738,386.712,0.708109174198302,1.14207710123511,773.424,"2014_nk_8","Nush",2014,0.708980001956452,0.708326162546468
739,387.236,0.708494173484351,1.15380891866938,774.472,"2014_nk_8","Nush",2014,0.708980601250929,0.708326162546468
740,387.76,0.709723738503973,1.14631942664248,775.52,"2014_nk_8","Nush",2014,0.708966880091508,0.708326162546468
741,388.284,0.710589908691651,1.15812841161458,776.568,"2014_nk_8","Nush",2014,0.708980380019274,0.708326162546468
742,388.808,0.709341277847235,1.16599486170544,777.616,"2014_nk_8","Nush",2014,0.708990447098308,0.708326162546468
743,389.332,0.709048510215934,1.17299078418979,778.664,"2014_nk_8","Nush",2014,0.708959807220145,0.708326162546468
744,389.856,0.709279234295296,1.18982356153139,779.712,"2014_nk_8","Nush",2014,0.708984378805667,0.708326162546468
745,390.38,0.709618396795805,1.21130286130276,780.76,"2014_nk_8","Nush",2014,0.708982090442084,0.708326162546468
746,390.904,0.708508408444645,1.21529605396044,781.808,"2014_nk_8","Nush",2014,0.708985665615629,0.708326162546468
747,391.428,0.709518207295368,1.23256199497196,782.856,"2014_nk_8","Nush",2014,0.70897557100456,0.708326162546468
748,391.952,0.709662630873964,1.22050482854147,783.904,"2014_nk_8","Nush",2014,0.709002404511224,0.708326162546468
749,392.476,0.70860072162517,1.22227439068064,784.952,"2014_nk_8","Nush",2014,0.70900668586825,0.708326162546468
750,393,0.707883788084975,1.24067518242316,786,"2014_nk_8","Nush",2014,0.708992153273703,0.708326162546468
751,393.524,0.708884723119641,1.22207508085486,787.048,"2014_nk_8","Nush",2014,0.708994940947011,0.708326162546468
752,394.048,0.708549239679632,1.23111916991607,788.096,"2014_nk_8","Nush",2014,0.709005227409578,0.708326162546468
753,394.572,0.708201732338273,1.24214040722729,789.144,"2014_nk_8","Nush",2014,0.709010121560445,0.708326162546468
754,395.096,0.708557693436502,1.2643875890872,790.192,"2014_nk_8","Nush",2014,0.709026576594347,0.708326162546468
755,395.62,0.710074216393113,1.25172581368691,791.24,"2014_nk_8","Nush",2014,0.709011772125154,0.708326162546468
756,396.144,0.709448684898093,1.27329003554425,792.288,"2014_nk_8","Nush",2014,0.709012795191344,0.708326162546468
757,396.668,0.70878352862617,1.30190277183243,793.336,"2014_nk_8","Nush",2014,0.709010557293373,0.708326162546468
758,397.192,0.708938258118104,1.33214628638317,794.384,"2014_nk_8","Nush",2014,0.709008096227027,0.708326162546468
759,397.716,0.709125670343821,1.32401720583076,795.432,"2014_nk_8","Nush",2014,0.709021812590207,0.708326162546468
760,398.24,0.709189120276905,1.33982746946689,796.48,"2014_nk_8","Nush",2014,0.709034775676348,0.708326162546468
761,398.764,0.709675350569642,1.35376062705531,797.528,"2014_nk_8","Nush",2014,0.709069744060141,0.708326162546468
762,399.288,0.708916321428087,1.32515331754361,798.576,"2014_nk_8","Nush",2014,0.709062320137601,0.708326162546468
763,399.812,0.708916490507126,1.33759822105983,799.624,"2014_nk_8","Nush",2014,0.709078388154542,0.708326162546468
764,400.336,0.709310214469852,1.33622926361811,800.672,"2014_nk_8","Nush",2014,0.709066407102018,0.708326162546468
765,400.86,0.709594449032222,1.34835442494814,801.72,"2014_nk_8","Nush",2014,0.709087799433071,0.708326162546468
766,401.384,0.709294844075722,1.33133618154376,802.768,"2014_nk_8","Nush",2014,0.709083728245435,0.708326162546468
767,401.908,0.708621726676501,1.32392565604472,803.816,"2014_nk_8","Nush",2014,0.709107161052969,0.708326162546468
768,402.432,0.709360472321076,1.32041878043737,804.864,"2014_nk_8","Nush",2014,0.709116414353441,0.708326162546468
769,402.956,0.70896368844016,1.33435392793825,805.912,"2014_nk_8","Nush",2014,0.709126404828891,0.708326162546468
770,403.48,0.708990150770684,1.33570322426814,806.96,"2014_nk_8","Nush",2014,0.709122752760896,0.708326162546468
771,404.004,0.709856554131384,1.36936829919242,808.008,"2014_nk_8","Nush",2014,0.709112655344273,0.708326162546468
772,404.528,0.709199519473132,1.38332454724622,809.056,"2014_nk_8","Nush",2014,0.70910584005689,0.708326162546468
773,405.052,0.708746634582594,1.37119052026694,810.104,"2014_nk_8","Nush",2014,0.709115988395176,0.708326162546468
774,405.576,0.709246835824394,1.36791029271616,811.152,"2014_nk_8","Nush",2014,0.709115115296121,0.708326162546468
775,406.1,0.708991492051746,1.41606371000792,812.2,"2014_nk_8","Nush",2014,0.709122886379671,0.708326162546468
776,406.624,0.70910408639457,1.3941660034096,813.248,"2014_nk_8","Nush",2014,0.70914409894033,0.708326162546468
777,407.148,0.708185847185546,1.42403156005715,814.296,"2014_nk_8","Nush",2014,0.709150786447934,0.708326162546468
778,407.672,0.709893309242794,1.437420170182,815.344,"2014_nk_8","Nush",2014,0.709143279360389,0.708326162546468
779,408.196,0.709467340493723,1.40535387554204,816.392,"2014_nk_8","Nush",2014,0.709155194364881,0.708326162546468
780,408.72,0.707924256595168,1.45611713724211,817.44,"2014_nk_8","Nush",2014,0.709179087918342,0.708326162546468
781,409.244,0.709231695306732,1.46457926629471,818.488,"2014_nk_8","Nush",2014,0.709204099241224,0.708326162546468
782,409.768,0.70889119747108,1.43727693622267,819.536,"2014_nk_8","Nush",2014,0.709209196269649,0.708326162546468
783,410.292,0.70847063510507,1.43188704973724,820.584,"2014_nk_8","Nush",2014,0.709225644561878,0.708326162546468
784,410.816,0.709343254751156,1.46071252927842,821.632,"2014_nk_8","Nush",2014,0.709234278509306,0.708326162546468
785,411.34,0.70878350809491,1.46395076126889,822.68,"2014_nk_8","Nush",2014,0.70923013967436,0.708326162546468
786,411.864,0.709212496550302,1.48110539937785,823.728,"2014_nk_8","Nush",2014,0.709220658192277,0.708326162546468
787,412.388,0.709388042953713,1.47033768937056,824.776,"2014_nk_8","Nush",2014,0.709214152292764,0.708326162546468
788,412.912,0.708626079684444,1.46696621287374,825.824,"2014_nk_8","Nush",2014,0.709203061477846,0.708326162546468
789,413.436,0.709549171116094,1.44592480064734,826.872,"2014_nk_8","Nush",2014,0.709200236643579,0.708326162546468
790,413.96,0.709219270442833,1.45657672039334,827.92,"2014_nk_8","Nush",2014,0.709208456612664,0.708326162546468
791,414.484,0.710143378137749,1.46995262483993,828.968,"2014_nk_8","Nush",2014,0.709200348646211,0.708326162546468
792,415.008,0.708316375345324,1.45411151224087,830.016,"2014_nk_8","Nush",2014,0.709199775949137,0.708326162546468
793,415.532,0.709211983708214,1.46738593331639,831.064,"2014_nk_8","Nush",2014,0.709210603938168,0.708326162546468
794,416.056,0.708926136698756,1.47210214391328,832.112,"2014_nk_8","Nush",2014,0.70920259666258,0.708326162546468
795,416.58,0.709818415636574,1.47193352585161,833.16,"2014_nk_8","Nush",2014,0.709200985224503,0.708326162546468
796,417.104,0.70946680254793,1.48289879736336,834.208,"2014_nk_8","Nush",2014,0.709209736572998,0.708326162546468
797,417.628,0.709440597774253,1.48756496885168,835.256,"2014_nk_8","Nush",2014,0.709207168526731,0.708326162546468
798,418.152,0.708664372226617,1.49220238046908,836.304,"2014_nk_8","Nush",2014,0.709212054146285,0.708326162546468
799,418.676,0.709093602011347,1.44960810886904,837.352,"2014_nk_8","Nush",2014,0.709213109986026,0.708326162546468
800,419.2,0.709504614424272,1.45318949213879,838.4,"2014_nk_8","Nush",2014,0.709215276238973,0.708326162546468
801,419.724,0.709984063694242,1.45265529102714,839.448,"2014_nk_8","Nush",2014,0.709195596832032,0.708326162546468
802,420.248,0.708932360604245,1.46390429059616,840.496,"2014_nk_8","Nush",2014,0.709191846641982,0.708326162546468
803,420.772,0.709657410513093,1.4544171839304,841.544,"2014_nk_8","Nush",2014,0.709207776106077,0.708326162546468
804,421.296,0.709226848352009,1.45049028970156,842.592,"2014_nk_8","Nush",2014,0.70920778018638,0.708326162546468
805,421.82,0.710084661808843,1.44821874799774,843.64,"2014_nk_8","Nush",2014,0.709205171037733,0.708326162546468
806,422.344,0.709781162084159,1.45069030815457,844.688,"2014_nk_8","Nush",2014,0.709207390928245,0.708326162546468
807,422.868,0.709919457751595,1.45578988778856,845.736,"2014_nk_8","Nush",2014,0.709219173918865,0.708326162546468
808,423.392,0.709212205621268,1.45471634339912,846.784,"2014_nk_8","Nush",2014,0.709203179064084,0.708326162546468
809,423.916,0.709315621894688,1.45979886180055,847.832,"2014_nk_8","Nush",2014,0.709205005516514,0.708326162546468
810,424.44,0.709317401292639,1.45302302335589,848.88,"2014_nk_8","Nush",2014,0.709232976025381,0.708326162546468
811,424.964,0.710385402492581,1.44483254685727,849.928,"2014_nk_8","Nush",2014,0.70923906493181,0.708326162546468
812,425.488,0.708855061385128,1.44434289977965,850.976,"2014_nk_8","Nush",2014,0.709239820761599,0.708326162546468
813,426.012,0.709188629872039,1.46095581731372,852.024,"2014_nk_8","Nush",2014,0.709252751366351,0.708326162546468
814,426.536,0.709075730282179,1.45808764299435,853.072,"2014_nk_8","Nush",2014,0.709251298976236,0.708326162546468
815,427.06,0.709825886296343,1.46916215074241,854.12,"2014_nk_8","Nush",2014,0.709240863544526,0.708326162546468
816,427.584,0.70887979597311,1.46280543465035,855.168,"2014_nk_8","Nush",2014,0.709244531829693,0.708326162546468
817,428.108,0.708393174655362,1.469102817945,856.216,"2014_nk_8","Nush",2014,0.709240305329226,0.708326162546468
818,428.632,0.708272809223031,1.46298976481308,857.264,"2014_nk_8","Nush",2014,0.709248451444202,0.708326162546468
819,429.156,0.708956180287778,1.45080549326907,858.312,"2014_nk_8","Nush",2014,0.709264034333365,0.708326162546468
820,429.68,0.709682318422018,1.42538317827798,859.36,"2014_nk_8","Nush",2014,0.709253977192338,0.708326162546468
821,430.204,0.709188872582462,1.44922677647024,860.408,"2014_nk_8","Nush",2014,0.709248170768231,0.708326162546468
822,430.728,0.708881959603675,1.45317309055846,861.456,"2014_nk_8","Nush",2014,0.709269464387608,0.708326162546468
823,431.252,0.709566169848961,1.45303286342733,862.504,"2014_nk_8","Nush",2014,0.709255961722161,0.708326162546468
824,431.776,0.708829777934577,1.45701343797188,863.552,"2014_nk_8","Nush",2014,0.709246065521038,0.708326162546468
825,432.3,0.709497762747638,1.4591436114149,864.6,"2014_nk_8","Nush",2014,0.709253125566937,0.708326162546468
826,432.824,0.709819924985406,1.45071326257972,865.648,"2014_nk_8","Nush",2014,0.709244349590288,0.708326162546468
827,433.348,0.708467643900443,1.44629149547401,866.696,"2014_nk_8","Nush",2014,0.709235568400355,0.708326162546468
828,433.872,0.709653609494317,1.44528695458411,867.744,"2014_nk_8","Nush",2014,0.709249488752209,0.708326162546468
829,434.396,0.70902703882466,1.45660216518516,868.792,"2014_nk_8","Nush",2014,0.709242345533348,0.708326162546468
830,434.92,0.709120125947483,1.44523009591053,869.84,"2014_nk_8","Nush",2014,0.709233099678041,0.708326162546468
831,435.444,0.708675789714936,1.43881681858633,870.888,"2014_nk_8","Nush",2014,0.709206858399317,0.708326162546468
832,435.968,0.708974508070117,1.44352656260826,871.936,"2014_nk_8","Nush",2014,0.709201547902689,0.708326162546468
833,436.492,0.709702402428298,1.44730809135818,872.984,"2014_nk_8","Nush",2014,0.709190105967143,0.708326162546468
834,437.016,0.70924708064259,1.45331332911521,874.032,"2014_nk_8","Nush",2014,0.709195618422703,0.708326162546468
835,437.54,0.7088349431329,1.43846846852489,875.08,"2014_nk_8","Nush",2014,0.709163446381765,0.708326162546468
836,438.064,0.709237279825302,1.43230945429247,876.128,"2014_nk_8","Nush",2014,0.709149295170507,0.708326162546468
837,438.588,0.708892826622777,1.44433307687472,877.176,"2014_nk_8","Nush",2014,0.709134940368255,0.708326162546468
838,439.112,0.708933617955909,1.43717084471362,878.224,"2014_nk_8","Nush",2014,0.709147867097293,0.708326162546468
839,439.636,0.709576927639534,1.43077608567559,879.272,"2014_nk_8","Nush",2014,0.709149431720463,0.708326162546468
840,440.16,0.709602487127207,1.42356065744483,880.32,"2014_nk_8","Nush",2014,0.70915954076753,0.708326162546468
841,440.684,0.709597029692418,1.42013515463336,881.368,"2014_nk_8","Nush",2014,0.709136036325667,0.708326162546468
842,441.208,0.708936547258453,1.40549141656991,882.416,"2014_nk_8","Nush",2014,0.709138652820346,0.708326162546468
843,441.732,0.70924647139021,1.41932410415441,883.464,"2014_nk_8","Nush",2014,0.70914441315593,0.708326162546468
844,442.256,0.709256111344242,1.41778886249838,884.512,"2014_nk_8","Nush",2014,0.709146098332434,0.708326162546468
845,442.78,0.708157382192332,1.42683485557789,885.56,"2014_nk_8","Nush",2014,0.709143410833295,0.708326162546468
846,443.304,0.709432593660311,1.41534696658094,886.608,"2014_nk_8","Nush",2014,0.70916142546673,0.708326162546468
847,443.828,0.709134452925672,1.4128104064806,887.656,"2014_nk_8","Nush",2014,0.70916763716179,0.708326162546468
848,444.352,0.709114846583005,1.40157488897102,888.704,"2014_nk_8","Nush",2014,0.709173317409192,0.708326162546468
849,444.876,0.710484144465848,1.39520783007072,889.752,"2014_nk_8","Nush",2014,0.709175504512642,0.708326162546468
850,445.4,0.708615841981225,1.40170823643901,890.8,"2014_nk_8","Nush",2014,0.70917722868366,0.708326162546468
851,445.924,0.709794992691332,1.42588779920708,891.848,"2014_nk_8","Nush",2014,0.709163999306469,0.708326162546468
852,446.448,0.709593992507977,1.43753607195098,892.896,"2014_nk_8","Nush",2014,0.709176407512944,0.708326162546468
853,446.972,0.708401823781349,1.41351471341745,893.944,"2014_nk_8","Nush",2014,0.709172817132392,0.708326162546468
854,447.496,0.708332364631365,1.42069259480809,894.992,"2014_nk_8","Nush",2014,0.709179569764915,0.708326162546468
855,448.02,0.710242018390567,1.41520503282832,896.04,"2014_nk_8","Nush",2014,0.709170361372909,0.708326162546468
856,448.544,0.708940243948965,1.42819330088057,897.088,"2014_nk_8","Nush",2014,0.709154097466436,0.708326162546468
857,449.068,0.70891372637828,1.42015952867252,898.136,"2014_nk_8","Nush",2014,0.709156035223056,0.708326162546468
858,449.592,0.709499593337874,1.40640149079871,899.184,"2014_nk_8","Nush",2014,0.709154529560114,0.708326162546468
859,450.116,0.708665008879676,1.41718546929641,900.232,"2014_nk_8","Nush",2014,0.709164236194133,0.708326162546468
860,450.64,0.708949863105868,1.41295797457406,901.28,"2014_nk_8","Nush",2014,0.709173111704693,0.708326162546468
861,451.164,0.708409586970774,1.44105577652564,902.328,"2014_nk_8","Nush",2014,0.709192151894673,0.708326162546468
862,451.688,0.708613730806567,1.4367816488925,903.376,"2014_nk_8","Nush",2014,0.7091985987704,0.708326162546468
863,452.212,0.70897089438035,1.43482575793791,904.424,"2014_nk_8","Nush",2014,0.709214173408475,0.708326162546468
864,452.736,0.709557595685581,1.41867213214328,905.472,"2014_nk_8","Nush",2014,0.709204320003532,0.708326162546468
865,453.26,0.708154339352562,1.40899676878705,906.52,"2014_nk_8","Nush",2014,0.709202775340693,0.708326162546468
866,453.784,0.708932089408699,1.39878179540943,907.568,"2014_nk_8","Nush",2014,0.709213109901758,0.708326162546468
867,454.308,0.709058169616439,1.38916483425131,908.616,"2014_nk_8","Nush",2014,0.70922245920092,0.708326162546468
868,454.832,0.709987809363582,1.41552095295346,909.664,"2014_nk_8","Nush",2014,0.709231572330746,0.708326162546468
869,455.356,0.709409499284869,1.4234647035937,910.712,"2014_nk_8","Nush",2014,0.709224481735831,0.708326162546468
870,455.88,0.709923944116703,1.41081179608944,911.76,"2014_nk_8","Nush",2014,0.709203302102508,0.708326162546468
871,456.404,0.708975135980754,1.39401077642122,912.808,"2014_nk_8","Nush",2014,0.709184082888238,0.708326162546468
872,456.928,0.709012051065907,1.3811251557331,913.856,"2014_nk_8","Nush",2014,0.709179940476417,0.708326162546468
873,457.452,0.709534250007073,1.36902552798128,914.904,"2014_nk_8","Nush",2014,0.709180100689569,0.708326162546468
874,457.976,0.709176840872405,1.36911831328093,915.952,"2014_nk_8","Nush",2014,0.709180837787373,0.708326162546468
875,458.5,0.709664636347981,1.37419764499094,917,"2014_nk_8","Nush",2014,0.709178882551779,0.708326162546468
876,459.024,0.709960673979219,1.38981172019714,918.048,"2014_nk_8","Nush",2014,0.709185014787852,0.708326162546468
877,459.548,0.708765876358967,1.37158059547943,919.096,"2014_nk_8","Nush",2014,0.70918276603024,0.708326162546468
878,460.072,0.708613624067165,1.36529040762191,920.144,"2014_nk_8","Nush",2014,0.709187470895618,0.708326162546468
879,460.596,0.709087406494768,1.37315292790292,921.192,"2014_nk_8","Nush",2014,0.709159019249563,0.708326162546468
880,461.12,0.70978576868311,1.36893034838941,922.24,"2014_nk_8","Nush",2014,0.709167507239839,0.708326162546468
881,461.644,0.708395109950971,1.37451503422814,923.288,"2014_nk_8","Nush",2014,0.709158899005022,0.708326162546468
882,462.168,0.709626451992218,1.38181057598834,924.336,"2014_nk_8","Nush",2014,0.709143239132301,0.708326162546468
883,462.692,0.709350747015803,1.36893954618169,925.384,"2014_nk_8","Nush",2014,0.709171045326908,0.708326162546468
884,463.216,0.709234935885946,1.36848935406091,926.432,"2014_nk_8","Nush",2014,0.709180555395534,0.708326162546468
885,463.74,0.70894525922728,1.3545470502475,927.48,"2014_nk_8","Nush",2014,0.709151562691585,0.708326162546468
886,464.264,0.70884409059707,1.33891003101504,928.528,"2014_nk_8","Nush",2014,0.709151428554594,0.708326162546468
887,464.788,0.708583909297648,1.3270085614586,929.576,"2014_nk_8","Nush",2014,0.709165071126538,0.708326162546468
888,465.312,0.709563269717798,1.33667264438715,930.624,"2014_nk_8","Nush",2014,0.709178035947382,0.708326162546468
889,465.836,0.709609436865758,1.31825678808977,931.672,"2014_nk_8","Nush",2014,0.709188432302916,0.708326162546468
890,466.36,0.70965265658111,1.30308212817221,932.72,"2014_nk_8","Nush",2014,0.709182203440432,0.708326162546468
891,466.884,0.709818201113751,1.29402561009796,933.768,"2014_nk_8","Nush",2014,0.709192630777606,0.708326162546468
892,467.408,0.709361320613715,1.30062905977365,934.816,"2014_nk_8","Nush",2014,0.709184220073736,0.708326162546468
893,467.932,0.710636880712798,1.30235096103051,935.864,"2014_nk_8","Nush",2014,0.709185384902294,0.708326162546468
894,468.456,0.708655876345981,1.30249567809869,936.912,"2014_nk_8","Nush",2014,0.709179568908695,0.708326162546468
895,468.98,0.708742263362594,1.31473125238779,937.96,"2014_nk_8","Nush",2014,0.709181938810821,0.708326162546468
896,469.504,0.709857353489177,1.30808037265539,939.008,"2014_nk_8","Nush",2014,0.709181149151868,0.708326162546468
897,470.028,0.709453784572511,1.29078141631059,940.056,"2014_nk_8","Nush",2014,0.709199173202521,0.708326162546468
898,470.552,0.709480405745471,1.28152067639093,941.104,"2014_nk_8","Nush",2014,0.709170057003218,0.708326162546468
899,471.076,0.709151491944628,1.28530430506095,942.152,"2014_nk_8","Nush",2014,0.709205345071935,0.708326162546468
900,471.6,0.708331709127852,1.25905996180981,943.2,"2014_nk_8","Nush",2014,0.709206041936199,0.708326162546468
901,472.124,0.708443876836223,1.2676956926869,944.248,"2014_nk_8","Nush",2014,0.709206762753764,0.708326162546468
902,472.648,0.708688002549164,1.24812733795215,945.296,"2014_nk_8","Nush",2014,0.709203966407073,0.708326162546468
903,473.172,0.709256084179343,1.23996402510321,946.344,"2014_nk_8","Nush",2014,0.70919100543267,0.708326162546468
904,473.696,0.709300337212457,1.23861284124024,947.392,"2014_nk_8","Nush",2014,0.709196328618361,0.708326162546468
905,474.22,0.708040068056689,1.22806885163973,948.44,"2014_nk_8","Nush",2014,0.709203917633158,0.708326162546468
906,474.744,0.709800527824686,1.22411487120223,949.488,"2014_nk_8","Nush",2014,0.709207423969597,0.708326162546468
907,475.268,0.708999527468965,1.22757727303326,950.536,"2014_nk_8","Nush",2014,0.709200022918425,0.708326162546468
908,475.792,0.709397138505697,1.22727979141121,951.584,"2014_nk_8","Nush",2014,0.709202685225133,0.708326162546468
909,476.316,0.708777045702568,1.20713652670851,952.632,"2014_nk_8","Nush",2014,0.709194447151622,0.708326162546468
910,476.84,0.709125121397729,1.19180664549126,953.68,"2014_nk_8","Nush",2014,0.709169370618849,0.708326162546468
911,477.364,0.70927849860233,1.20045323187306,954.728,"2014_nk_8","Nush",2014,0.709205661834447,0.708326162546468
912,477.888,0.708654400144722,1.18780941779656,955.776,"2014_nk_8","Nush",2014,0.709200488322808,0.708326162546468
913,478.412,0.710070195457795,1.18551581460877,956.824,"2014_nk_8","Nush",2014,0.709206821804825,0.708326162546468
914,478.936,0.708902968748925,1.18938976913081,957.872,"2014_nk_8","Nush",2014,0.709199208010329,0.708326162546468
915,479.46,0.708502456153627,1.18258775456068,958.92,"2014_nk_8","Nush",2014,0.709196214646584,0.708326162546468
916,479.984,0.708932195729507,1.18125781689161,959.968,"2014_nk_8","Nush",2014,0.709221116184531,0.708326162546468
917,480.508,0.709732280694908,1.16802353434676,961.016,"2014_nk_8","Nush",2014,0.709228847136008,0.708326162546468
918,481.032,0.710277482588508,1.16253310473884,962.064,"2014_nk_8","Nush",2014,0.709213496367264,0.708326162546468
919,481.556,0.709288790211678,1.15408187550893,963.112,"2014_nk_8","Nush",2014,0.709213290590265,0.708326162546468
920,482.08,0.708576131356847,1.18535881336544,964.16,"2014_nk_8","Nush",2014,0.70920872996276,0.708326162546468
921,482.604,0.709035227201202,1.19469114991113,965.208,"2014_nk_8","Nush",2014,0.709198764858716,0.708326162546468
922,483.128,0.708109088574376,1.17977726422801,966.256,"2014_nk_8","Nush",2014,0.709184709990578,0.708326162546468
923,483.652,0.709040784093842,1.19170395866801,967.304,"2014_nk_8","Nush",2014,0.709130002333956,0.708326162546468
924,484.176,0.709208636069672,1.18752826940852,968.352,"2014_nk_8","Nush",2014,0.709134927009149,0.708326162546468
925,484.7,0.708296533480096,1.18285192533001,969.4,"2014_nk_8","Nush",2014,0.70913407507907,0.708326162546468
926,485.224,0.708884709871528,1.17570701407209,970.448,"2014_nk_8","Nush",2014,0.709094245123129,0.708326162546468
927,485.748,0.710139612655608,1.17329330783818,971.496,"2014_nk_8","Nush",2014,0.709085446420991,0.708326162546468
928,486.272,0.708240837405395,1.18188050758607,972.544,"2014_nk_8","Nush",2014,0.709076704295154,0.708326162546468
929,486.796,0.711526783407891,1.18960608224466,973.592,"2014_nk_8","Nush",2014,0.709074111339237,0.708326162546468
930,487.32,0.709965755972538,1.19515569605631,974.64,"2014_nk_8","Nush",2014,0.709097731191466,0.708326162546468
931,487.844,0.709018385034659,1.18014491331965,975.688,"2014_nk_8","Nush",2014,0.709121462453721,0.708326162546468
932,488.368,0.708844270264417,1.19487164316816,976.736,"2014_nk_8","Nush",2014,0.709149934150556,0.708326162546468
933,488.892,0.708756591542905,1.1941031720205,977.784,"2014_nk_8","Nush",2014,0.709154547547816,0.708326162546468
934,489.416,0.709496232013884,1.18247584413439,978.832,"2014_nk_8","Nush",2014,0.709149142392088,0.708326162546468
935,489.94,0.710119977235817,1.17902637769748,979.88,"2014_nk_8","Nush",2014,0.709172743545899,0.708326162546468
936,490.464,0.710171054165554,1.1951094249744,980.928,"2014_nk_8","Nush",2014,0.709165724365529,0.708326162546468
937,490.988,0.708321813288637,1.19433894364556,981.976,"2014_nk_8","Nush",2014,0.709171354537126,0.708326162546468
938,491.512,0.708773362469662,1.1773477616642,983.024,"2014_nk_8","Nush",2014,0.709143090805399,0.708326162546468
939,492.036,0.708593122084114,1.16665741108024,984.072,"2014_nk_8","Nush",2014,0.709156880352686,0.708326162546468
940,492.56,0.708281176716729,1.17753151361048,985.12,"2014_nk_8","Nush",2014,0.709159608761247,0.708326162546468
941,493.084,0.710572582886853,1.18416308710562,986.168,"2014_nk_8","Nush",2014,0.709168371871546,0.708326162546468
942,493.608,0.709316041293874,1.16842098886688,987.216,"2014_nk_8","Nush",2014,0.709176966798726,0.708326162546468
943,494.132,0.709730755936826,1.16521084100678,988.264,"2014_nk_8","Nush",2014,0.709177848929787,0.708326162546468
944,494.656,0.708778108216197,1.1857753736107,989.312,"2014_nk_8","Nush",2014,0.709158255070619,0.708326162546468
945,495.18,0.708765657402538,1.18717945727806,990.36,"2014_nk_8","Nush",2014,0.709154686852162,0.708326162546468
946,495.704,0.710338182873891,1.19522738096153,991.408,"2014_nk_8","Nush",2014,0.709152087967871,0.708326162546468
947,496.228,0.709047766386305,1.19291919519768,992.456,"2014_nk_8","Nush",2014,0.709140410384218,0.708326162546468
948,496.752,0.708642223593166,1.19273453770008,993.504,"2014_nk_8","Nush",2014,0.709135853000778,0.708326162546468
949,497.276,0.709597090245767,1.20573740621702,994.552,"2014_nk_8","Nush",2014,0.709135829559932,0.708326162546468
950,497.8,0.709379018930843,1.21296817681422,995.6,"2014_nk_8","Nush",2014,0.709155713536537,0.708326162546468
951,498.324,0.709220294871113,1.18321531463924,996.648,"2014_nk_8","Nush",2014,0.709162247423414,0.708326162546468
952,498.848,0.7085180285254,1.18962502525028,997.696,"2014_nk_8","Nush",2014,0.709177628627012,0.708326162546468
953,499.372,0.707354421315505,1.19335191611305,998.744,"2014_nk_8","Nush",2014,0.709187945378169,0.708326162546468
954,499.896,0.708951356857517,1.18774735653731,999.792,"2014_nk_8","Nush",2014,0.709177918861101,0.708326162546468
955,500.42,0.708691147557854,1.19977264094446,1000.84,"2014_nk_8","Nush",2014,0.709181558664811,0.708326162546468
956,500.944,0.707467556132729,1.19893398712406,1001.888,"2014_nk_8","Nush",2014,0.709183365051388,0.708326162546468
957,501.468,0.708925862444238,1.20922606836123,1002.936,"2014_nk_8","Nush",2014,0.709165696455362,0.708326162546468
958,501.992,0.708955878195264,1.20812113632517,1003.984,"2014_nk_8","Nush",2014,0.709189855380346,0.708326162546468
959,502.516,0.708995914589622,1.20549622363597,1005.032,"2014_nk_8","Nush",2014,0.709138987599044,0.708326162546468
960,503.04,0.709748900261609,1.18585975834593,1006.08,"2014_nk_8","Nush",2014,0.7091135401746,0.708326162546468
961,503.564,0.709867752571477,1.18643392065898,1007.128,"2014_nk_8","Nush",2014,0.709090009567754,0.708326162546468
962,504.088,0.710396304359288,1.19645828550884,1008.176,"2014_nk_8","Nush",2014,0.709120444767262,0.708326162546468
963,504.612,0.709532888014939,1.20535359856193,1009.224,"2014_nk_8","Nush",2014,NA,0.708326162546468
964,505.136,0.708976027868798,1.20961489830112,1010.272,"2014_nk_8","Nush",2014,NA,0.708326162546468
965,505.66,0.70945613728533,1.20580512648605,1011.32,"2014_nk_8","Nush",2014,NA,0.708326162546468
966,506.184,0.709379377002478,1.19522396732143,1012.368,"2014_nk_8","Nush",2014,NA,0.708326162546468
967,506.708,0.709337337764788,1.19145162733409,1013.416,"2014_nk_8","Nush",2014,NA,0.708326162546468
968,507.232,0.707701314602042,1.20495799302686,1014.464,"2014_nk_8","Nush",2014,NA,0.708326162546468
969,507.756,0.709604418539818,1.19076644288287,1015.512,"2014_nk_8","Nush",2014,NA,0.708326162546468
970,508.28,0.709288825911368,1.17786662339633,1016.56,"2014_nk_8","Nush",2014,NA,0.708326162546468
971,508.804,0.709804285220271,1.17864806691481,1017.608,"2014_nk_8","Nush",2014,NA,0.708326162546468
972,509.328,0.709170095775567,1.17712630665315,1018.656,"2014_nk_8","Nush",2014,NA,0.708326162546468
973,509.852,0.710123123321419,1.16260183539566,1019.704,"2014_nk_8","Nush",2014,NA,0.708326162546468
974,510.376,0.707727337198838,1.17419368632992,1020.752,"2014_nk_8","Nush",2014,NA,0.708326162546468
975,510.9,0.708288363046223,1.18247281963787,1021.8,"2014_nk_8","Nush",2014,NA,0.708326162546468
976,511.424,0.708776262672054,1.18261233054293,1022.848,"2014_nk_8","Nush",2014,NA,0.708326162546468
977,511.948,0.709031625675746,1.1841487226915,1023.896,"2014_nk_8","Nush",2014,NA,0.708326162546468
978,512.472,0.710004039582072,1.18647147562961,1024.944,"2014_nk_8","Nush",2014,NA,0.708326162546468
979,512.996,0.709287383760923,1.19549139129927,1025.992,"2014_nk_8","Nush",2014,NA,0.708326162546468
980,513.52,0.709769169953134,1.17915238103732,1027.04,"2014_nk_8","Nush",2014,NA,0.708326162546468
981,514.044,0.70942726041383,1.18521922771136,1028.088,"2014_nk_8","Nush",2014,NA,0.708326162546468
982,514.568,0.709031960790238,1.19449930346592,1029.136,"2014_nk_8","Nush",2014,NA,0.708326162546468
983,515.092,0.709659789163306,1.18255826388471,1030.184,"2014_nk_8","Nush",2014,NA,0.708326162546468
984,515.616,0.708607045045594,1.16902017989862,1031.232,"2014_nk_8","Nush",2014,NA,0.708326162546468
985,516.14,0.708514921702692,1.15411782397539,1032.28,"2014_nk_8","Nush",2014,NA,0.708326162546468
986,516.664,0.708993093066163,1.16110996492877,1033.328,"2014_nk_8","Nush",2014,NA,0.708326162546468
987,517.188,0.709079496894005,1.16367850350524,1034.376,"2014_nk_8","Nush",2014,NA,0.708326162546468
988,517.712,0.709690372904466,1.1414331426429,1035.424,"2014_nk_8","Nush",2014,NA,0.708326162546468
989,518.236,0.708474716529773,1.15286722591179,1036.472,"2014_nk_8","Nush",2014,NA,0.708326162546468
990,518.76,0.708438910505892,1.1475311967626,1037.52,"2014_nk_8","Nush",2014,NA,0.708326162546468
991,519.284,0.707606548623909,0.756458966865887,1038.568,"2014_nk_8","Nush",2014,NA,0.708326162546468
992,519.808,0.71067038223488,0.318673153198186,1039.616,"2014_nk_8","Nush",2014,NA,0.708326162546468
