"Cycle","Time","Iso","Sr88","Microns","Fish_id","Watershed","Year","Iso_MA","natal_iso","marine_start_index","natal_start_index","natal_end_index"
637,333.788,0.70624508462603,0.941257277561515,667.576,"2014_nk_267","Nush",2014,NA,0.705828096726623,492,666.799612144307,785.633009083019
638,334.312,0.705555669134542,0.931644402605078,668.624,"2014_nk_267","Nush",2014,NA,0.705828096726623,492,666.799612144307,785.633009083019
639,334.836,0.704952385990654,0.927614580376532,669.672,"2014_nk_267","Nush",2014,NA,0.705828096726623,492,666.799612144307,785.633009083019
640,335.36,0.706736600265408,0.930063195775705,670.72,"2014_nk_267","Nush",2014,NA,0.705828096726623,492,666.799612144307,785.633009083019
641,335.884,0.705627367162789,0.936238607772035,671.768,"2014_nk_267","Nush",2014,NA,0.705828096726623,492,666.799612144307,785.633009083019
642,336.408,0.703844573620971,0.942227536446422,672.816,"2014_nk_267","Nush",2014,NA,0.705828096726623,492,666.799612144307,785.633009083019
643,336.932,0.706689365838932,0.920540778512999,673.864,"2014_nk_267","Nush",2014,NA,0.705828096726623,492,666.799612144307,785.633009083019
644,337.456,0.70512084724596,0.926016934398379,674.912,"2014_nk_267","Nush",2014,NA,0.705828096726623,492,666.799612144307,785.633009083019
645,337.98,0.705868830423751,0.94102240322968,675.96,"2014_nk_267","Nush",2014,NA,0.705828096726623,492,666.799612144307,785.633009083019
646,338.504,0.704996935867784,0.928667104903494,677.008,"2014_nk_267","Nush",2014,NA,0.705828096726623,492,666.799612144307,785.633009083019
647,339.028,0.706540669027936,0.970537901327198,678.056,"2014_nk_267","Nush",2014,NA,0.705828096726623,492,666.799612144307,785.633009083019
648,339.552,0.705822197853456,0.95559842418642,679.104,"2014_nk_267","Nush",2014,NA,0.705828096726623,492,666.799612144307,785.633009083019
649,340.076,0.704518654061643,0.95307547374748,680.152,"2014_nk_267","Nush",2014,NA,0.705828096726623,492,666.799612144307,785.633009083019
650,340.6,0.706089344408066,0.946008067051839,681.2,"2014_nk_267","Nush",2014,NA,0.705828096726623,492,666.799612144307,785.633009083019
651,341.124,0.706490201640767,0.94368605292958,682.248,"2014_nk_267","Nush",2014,NA,0.705828096726623,492,666.799612144307,785.633009083019
652,341.648,0.705014105461386,0.950494996923721,683.296,"2014_nk_267","Nush",2014,NA,0.705828096726623,492,666.799612144307,785.633009083019
653,342.172,0.707087817888661,0.966376519230684,684.344,"2014_nk_267","Nush",2014,NA,0.705828096726623,492,666.799612144307,785.633009083019
654,342.696,0.705613164064568,0.968265342547871,685.392,"2014_nk_267","Nush",2014,NA,0.705828096726623,492,666.799612144307,785.633009083019
655,343.22,0.705764751897788,0.971184672881286,686.44,"2014_nk_267","Nush",2014,NA,0.705828096726623,492,666.799612144307,785.633009083019
656,343.744,0.706919816045434,0.960401060354067,687.488,"2014_nk_267","Nush",2014,NA,0.705828096726623,492,666.799612144307,785.633009083019
657,344.268,0.706263549736655,0.957147288759152,688.536,"2014_nk_267","Nush",2014,NA,0.705828096726623,492,666.799612144307,785.633009083019
658,344.792,0.705462119722346,0.944519781410279,689.584,"2014_nk_267","Nush",2014,NA,0.705828096726623,492,666.799612144307,785.633009083019
659,345.316,0.704545253519947,0.86974594382627,690.632,"2014_nk_267","Nush",2014,NA,0.705828096726623,492,666.799612144307,785.633009083019
660,345.84,0.705159186969032,0.914259913423237,691.68,"2014_nk_267","Nush",2014,NA,0.705828096726623,492,666.799612144307,785.633009083019
661,346.364,0.706044870014563,0.905776498044064,692.728,"2014_nk_267","Nush",2014,NA,0.705828096726623,492,666.799612144307,785.633009083019
662,346.888,0.705259708742539,0.881439144023543,693.776,"2014_nk_267","Nush",2014,NA,0.705828096726623,492,666.799612144307,785.633009083019
663,347.412,0.70511118061224,0.905468367878591,694.824,"2014_nk_267","Nush",2014,NA,0.705828096726623,492,666.799612144307,785.633009083019
664,347.936,0.705770698531828,0.845323861498296,695.872,"2014_nk_267","Nush",2014,NA,0.705828096726623,492,666.799612144307,785.633009083019
665,348.46,0.705065917818025,0.856672331899467,696.92,"2014_nk_267","Nush",2014,NA,0.705828096726623,492,666.799612144307,785.633009083019
666,348.984,0.707187798355034,0.836710123520759,697.968,"2014_nk_267","Nush",2014,0.705802021538736,0.705828096726623,492,666.799612144307,785.633009083019
667,349.508,0.70494452484004,0.807887132408233,699.016,"2014_nk_267","Nush",2014,0.705779940792831,0.705828096726623,492,666.799612144307,785.633009083019
668,350.032,0.705345507675598,0.799474773033847,700.064,"2014_nk_267","Nush",2014,0.705779236447764,0.705828096726623,492,666.799612144307,785.633009083019
669,350.556,0.706548491926389,0.801618336776419,701.112,"2014_nk_267","Nush",2014,0.705795059787489,0.705828096726623,492,666.799612144307,785.633009083019
670,351.08,0.706214467485875,0.806275184121019,702.16,"2014_nk_267","Nush",2014,0.705782635827688,0.705828096726623,492,666.799612144307,785.633009083019
671,351.604,0.705497637854348,0.790193691720331,703.208,"2014_nk_267","Nush",2014,0.705785354044207,0.705828096726623,492,666.799612144307,785.633009083019
672,352.128,0.706281602011435,0.782922577478129,704.256,"2014_nk_267","Nush",2014,0.705836238514695,0.705828096726623,492,666.799612144307,785.633009083019
673,352.652,0.704719957151717,0.772104801238164,705.304,"2014_nk_267","Nush",2014,0.705857088793499,0.705828096726623,492,666.799612144307,785.633009083019
674,353.176,0.706417020363141,0.780144460414309,706.352,"2014_nk_267","Nush",2014,0.705837355782739,0.705828096726623,492,666.799612144307,785.633009083019
675,353.7,0.706220254116499,0.776003030869303,707.4,"2014_nk_267","Nush",2014,0.70584749458479,0.705828096726623,492,666.799612144307,785.633009083019
676,354.224,0.70592912323447,0.776686633717535,708.448,"2014_nk_267","Nush",2014,0.705865177580179,0.705828096726623,492,666.799612144307,785.633009083019
677,354.748,0.704132694746103,0.780821673552228,709.496,"2014_nk_267","Nush",2014,0.705847113777971,0.705828096726623,492,666.799612144307,785.633009083019
678,355.272,0.706961432837635,0.795827726848367,710.544,"2014_nk_267","Nush",2014,0.705824118791739,0.705828096726623,492,666.799612144307,785.633009083019
679,355.796,0.708584384060257,0.810629204688223,711.592,"2014_nk_267","Nush",2014,0.705881125541891,0.705828096726623,492,666.799612144307,785.633009083019
680,356.32,0.707536361262423,0.820670361648035,712.64,"2014_nk_267","Nush",2014,0.705864380874099,0.705828096726623,492,666.799612144307,785.633009083019
681,356.844,0.705701443976602,0.789169649400854,713.688,"2014_nk_267","Nush",2014,0.705846201740596,0.705828096726623,492,666.799612144307,785.633009083019
682,357.368,0.705329495577882,0.792611353852485,714.736,"2014_nk_267","Nush",2014,0.705857993288383,0.705828096726623,492,666.799612144307,785.633009083019
683,357.892,0.70623741861692,0.786740723662147,715.784,"2014_nk_267","Nush",2014,0.705824128055836,0.705828096726623,492,666.799612144307,785.633009083019
684,358.416,0.705062871787223,0.795635725843448,716.832,"2014_nk_267","Nush",2014,0.705845589668684,0.705828096726623,492,666.799612144307,785.633009083019
685,358.94,0.708573836074799,0.788745558191477,717.88,"2014_nk_267","Nush",2014,0.705846070601676,0.705828096726623,492,666.799612144307,785.633009083019
686,359.464,0.703948523994602,0.781549335830944,718.928,"2014_nk_267","Nush",2014,0.705848577288227,0.705828096726623,492,666.799612144307,785.633009083019
687,359.988,0.704478071184435,0.763577452045903,719.976,"2014_nk_267","Nush",2014,0.705856939868459,0.705828096726623,492,666.799612144307,785.633009083019
688,360.512,0.70753286673824,0.766544648404591,721.024,"2014_nk_267","Nush",2014,0.705867138826154,0.705828096726623,492,666.799612144307,785.633009083019
689,361.036,0.705273971857026,0.784671580367456,722.072,"2014_nk_267","Nush",2014,0.705885263719286,0.705828096726623,492,666.799612144307,785.633009083019
690,361.56,0.706684978756438,0.76999984563072,723.12,"2014_nk_267","Nush",2014,0.705896952889275,0.705828096726623,492,666.799612144307,785.633009083019
691,362.084,0.705090531848618,0.763481375129213,724.168,"2014_nk_267","Nush",2014,0.705912577384077,0.705828096726623,492,666.799612144307,785.633009083019
692,362.608,0.706745635988545,0.768620929740896,725.216,"2014_nk_267","Nush",2014,0.705946681582855,0.705828096726623,492,666.799612144307,785.633009083019
693,363.132,0.703797338899219,0.780931161301252,726.264,"2014_nk_267","Nush",2014,0.705944808367296,0.705828096726623,492,666.799612144307,785.633009083019
694,363.656,0.705301985571383,0.764541543569535,727.312,"2014_nk_267","Nush",2014,0.705943665935505,0.705828096726623,492,666.799612144307,785.633009083019
695,364.18,0.705249400670476,0.760893576630101,728.36,"2014_nk_267","Nush",2014,0.705941287072978,0.705828096726623,492,666.799612144307,785.633009083019
696,364.704,0.706410794667119,0.767903631816544,729.408,"2014_nk_267","Nush",2014,0.705908516621697,0.705828096726623,492,666.799612144307,785.633009083019
697,365.228,0.704920239871716,0.789579970044464,730.456,"2014_nk_267","Nush",2014,0.705912550687206,0.705828096726623,492,666.799612144307,785.633009083019
698,365.752,0.705513408430545,0.778808693629,731.504,"2014_nk_267","Nush",2014,0.705923015375652,0.705828096726623,492,666.799612144307,785.633009083019
699,366.276,0.705901786374147,0.773064820422548,732.552,"2014_nk_267","Nush",2014,0.70592598216889,0.705828096726623,492,666.799612144307,785.633009083019
700,366.8,0.70599116267732,0.750380339169356,733.6,"2014_nk_267","Nush",2014,0.705919486108035,0.705828096726623,492,666.799612144307,785.633009083019
701,367.324,0.705790460153955,0.753622641590794,734.648,"2014_nk_267","Nush",2014,0.705919180295982,0.705828096726623,492,666.799612144307,785.633009083019
702,367.848,0.706897641850226,0.76978302237257,735.696,"2014_nk_267","Nush",2014,0.705914301941678,0.705828096726623,492,666.799612144307,785.633009083019
703,368.372,0.707940382567166,0.783635152528849,736.744,"2014_nk_267","Nush",2014,0.705935876669045,0.705828096726623,492,666.799612144307,785.633009083019
704,368.896,0.70393686660038,0.774228692011978,737.792,"2014_nk_267","Nush",2014,0.70593375370059,0.705828096726623,492,666.799612144307,785.633009083019
705,369.42,0.706477158546791,0.776500043187081,738.84,"2014_nk_267","Nush",2014,0.705915963304649,0.705828096726623,492,666.799612144307,785.633009083019
706,369.944,0.706057915591154,0.78568246754103,739.888,"2014_nk_267","Nush",2014,0.705916989169926,0.705828096726623,492,666.799612144307,785.633009083019
707,370.468,0.705456840895418,0.786286047407336,740.936,"2014_nk_267","Nush",2014,0.705955547354671,0.705828096726623,492,666.799612144307,785.633009083019
708,370.992,0.70444249867955,0.797501341157723,741.984,"2014_nk_267","Nush",2014,0.705956686770078,0.705828096726623,492,666.799612144307,785.633009083019
709,371.516,0.707939059070746,0.79079840973171,743.032,"2014_nk_267","Nush",2014,0.705916865554642,0.705828096726623,492,666.799612144307,785.633009083019
710,372.04,0.705084664340578,0.782423629663212,744.08,"2014_nk_267","Nush",2014,0.70588159604463,0.705828096726623,492,666.799612144307,785.633009083019
711,372.564,0.705399453630554,0.777419531680476,745.128,"2014_nk_267","Nush",2014,0.705884554388491,0.705828096726623,492,666.799612144307,785.633009083019
712,373.088,0.705721598328646,0.791106499797594,746.176,"2014_nk_267","Nush",2014,0.705895435962625,0.705828096726623,492,666.799612144307,785.633009083019
713,373.612,0.705055903935853,0.777597424722531,747.224,"2014_nk_267","Nush",2014,0.705893745029479,0.705828096726623,492,666.799612144307,785.633009083019
714,374.136,0.706900860835442,0.770120098673815,748.272,"2014_nk_267","Nush",2014,0.705928008966692,0.705828096726623,492,666.799612144307,785.633009083019
715,374.66,0.705793607877268,0.764313170977833,749.32,"2014_nk_267","Nush",2014,0.705872565718074,0.705828096726623,492,666.799612144307,785.633009083019
716,375.184,0.707070217238531,0.775614246593008,750.368,"2014_nk_267","Nush",2014,0.705858713043465,0.705828096726623,492,666.799612144307,785.633009083019
717,375.708,0.706765304550541,0.771675132188577,751.416,"2014_nk_267","Nush",2014,0.705854950563765,0.705828096726623,492,666.799612144307,785.633009083019
718,376.232,0.706074057184086,0.768815844267024,752.464,"2014_nk_267","Nush",2014,0.705812290021046,0.705828096726623,492,666.799612144307,785.633009083019
719,376.756,0.70563274710785,0.75696769135753,753.512,"2014_nk_267","Nush",2014,0.705828905069766,0.705828096726623,492,666.799612144307,785.633009083019
720,377.28,0.705860537168365,0.761507226500538,754.56,"2014_nk_267","Nush",2014,0.705807004082457,0.705828096726623,492,666.799612144307,785.633009083019
721,377.804,0.706982339702658,0.753224205568071,755.608,"2014_nk_267","Nush",2014,0.705846108252365,0.705828096726623,492,666.799612144307,785.633009083019
722,378.328,0.707305960669241,0.749257368169522,756.656,"2014_nk_267","Nush",2014,0.705820338419068,0.705828096726623,492,666.799612144307,785.633009083019
723,378.852,0.704998787678676,0.759547915324954,757.704,"2014_nk_267","Nush",2014,0.70586370216534,0.705828096726623,492,666.799612144307,785.633009083019
724,379.376,0.705702152624402,0.74699918214548,758.752,"2014_nk_267","Nush",2014,0.705879739810989,0.705828096726623,492,666.799612144307,785.633009083019
725,379.9,0.704923186066381,0.743881284853625,759.8,"2014_nk_267","Nush",2014,0.705887066549942,0.705828096726623,492,666.799612144307,785.633009083019
726,380.424,0.705221571278193,0.737326421368611,760.848,"2014_nk_267","Nush",2014,0.705864143524131,0.705828096726623,492,666.799612144307,785.633009083019
727,380.948,0.705186568770581,0.727214813679827,761.896,"2014_nk_267","Nush",2014,0.705872331735957,0.705828096726623,492,666.799612144307,785.633009083019
728,381.472,0.705973388982368,0.728510348358202,762.944,"2014_nk_267","Nush",2014,0.705872270084094,0.705828096726623,492,666.799612144307,785.633009083019
729,381.996,0.706726499520656,0.715403487775293,763.992,"2014_nk_267","Nush",2014,0.705859478868231,0.705828096726623,492,666.799612144307,785.633009083019
730,382.52,0.70582470383459,0.735650050204568,765.04,"2014_nk_267","Nush",2014,0.705840790658644,0.705828096726623,492,666.799612144307,785.633009083019
731,383.044,0.705479289131165,0.748077599438808,766.088,"2014_nk_267","Nush",2014,0.705872140096907,0.705828096726623,492,666.799612144307,785.633009083019
732,383.568,0.705988900753185,0.749285105128795,767.136,"2014_nk_267","Nush",2014,0.705878328052371,0.705828096726623,492,666.799612144307,785.633009083019
733,384.092,0.706014440793718,0.762976835499521,768.184,"2014_nk_267","Nush",2014,0.70586063042841,0.705828096726623,492,666.799612144307,785.633009083019
734,384.616,0.70628964225584,0.744386204785944,769.232,"2014_nk_267","Nush",2014,0.705877386771447,0.705828096726623,492,666.799612144307,785.633009083019
735,385.14,0.705152830360037,0.730625939270609,770.28,"2014_nk_267","Nush",2014,0.705848936474216,0.705828096726623,492,666.799612144307,785.633009083019
736,385.664,0.705990675151096,0.745308629073422,771.328,"2014_nk_267","Nush",2014,0.705881660760869,0.705828096726623,492,666.799612144307,785.633009083019
737,386.188,0.706446185830806,0.738207309749209,772.376,"2014_nk_267","Nush",2014,0.70588580381988,0.705828096726623,492,666.799612144307,785.633009083019
738,386.712,0.707029797762054,0.735708123853844,773.424,"2014_nk_267","Nush",2014,0.705909197222558,0.705828096726623,492,666.799612144307,785.633009083019
739,387.236,0.706195111134103,0.719274006546411,774.472,"2014_nk_267","Nush",2014,0.705853434142094,0.705828096726623,492,666.799612144307,785.633009083019
740,387.76,0.705420190661694,0.708614019151588,775.52,"2014_nk_267","Nush",2014,0.705857332630088,0.705828096726623,492,666.799612144307,785.633009083019
741,388.284,0.705878944608256,0.72337524649074,776.568,"2014_nk_267","Nush",2014,0.705883996352344,0.705828096726623,492,666.799612144307,785.633009083019
742,388.808,0.705982390025949,0.709290524583653,777.616,"2014_nk_267","Nush",2014,0.705888068496092,0.705828096726623,492,666.799612144307,785.633009083019
743,389.332,0.706135962628129,0.686757907156704,778.664,"2014_nk_267","Nush",2014,0.705895341156928,0.705828096726623,492,666.799612144307,785.633009083019
744,389.856,0.707118708020014,0.708856507018155,779.712,"2014_nk_267","Nush",2014,0.705879583408448,0.705828096726623,492,666.799612144307,785.633009083019
745,390.38,0.705247241157725,0.721611127329286,780.76,"2014_nk_267","Nush",2014,0.705890099726477,0.705828096726623,492,666.799612144307,785.633009083019
746,390.904,0.70311736351807,0.721280529719438,781.808,"2014_nk_267","Nush",2014,0.705874094923534,0.705828096726623,492,666.799612144307,785.633009083019
747,391.428,0.704252322402458,0.70040948846137,782.856,"2014_nk_267","Nush",2014,0.705855182796663,0.705828096726623,492,666.799612144307,785.633009083019
748,391.952,0.70497323417509,0.697692392744102,783.904,"2014_nk_267","Nush",2014,0.705834299140034,0.705828096726623,492,666.799612144307,785.633009083019
749,392.476,0.706270874780239,0.717758740662242,784.952,"2014_nk_267","Nush",2014,0.705824082739142,0.705828096726623,492,666.799612144307,785.633009083019
750,393,0.705370919517842,0.711497466366418,786,"2014_nk_267","Nush",2014,0.705803892306075,0.705828096726623,492,666.799612144307,785.633009083019
751,393.524,0.707436782043102,0.701663836487711,787.048,"2014_nk_267","Nush",2014,0.705757018985124,0.705828096726623,492,666.799612144307,785.633009083019
752,394.048,0.705199445990736,0.70339572126334,788.096,"2014_nk_267","Nush",2014,0.705697350341959,0.705828096726623,492,666.799612144307,785.633009083019
753,394.572,0.706399163675544,0.713003099159306,789.144,"2014_nk_267","Nush",2014,0.705721396660138,0.705828096726623,492,666.799612144307,785.633009083019
754,395.096,0.706264244310329,0.724447441370454,790.192,"2014_nk_267","Nush",2014,0.705718754429743,0.705828096726623,492,666.799612144307,785.633009083019
755,395.62,0.705689005007645,0.733450844260467,791.24,"2014_nk_267","Nush",2014,0.705751988014796,0.705828096726623,492,666.799612144307,785.633009083019
756,396.144,0.705035413118452,0.722543627424066,792.288,"2014_nk_267","Nush",2014,0.705737874860354,0.705828096726623,492,666.799612144307,785.633009083019
757,396.668,0.705411532581313,0.72552383371081,793.336,"2014_nk_267","Nush",2014,0.705755023923393,0.705828096726623,492,666.799612144307,785.633009083019
758,397.192,0.705509709318775,0.712175096951385,794.384,"2014_nk_267","Nush",2014,0.705727152910089,0.705828096726623,492,666.799612144307,785.633009083019
759,397.716,0.705134313422345,0.723328044194796,795.432,"2014_nk_267","Nush",2014,0.705684997012109,0.705828096726623,492,666.799612144307,785.633009083019
760,398.24,0.704869870102086,0.727845129822162,796.48,"2014_nk_267","Nush",2014,0.705701638469156,0.705828096726623,492,666.799612144307,785.633009083019
761,398.764,0.707671426449765,0.699854415188613,797.528,"2014_nk_267","Nush",2014,0.705695261243487,0.705828096726623,492,666.799612144307,785.633009083019
762,399.288,0.707268919178033,0.711137060378857,798.576,"2014_nk_267","Nush",2014,0.705706703077097,0.705828096726623,492,666.799612144307,785.633009083019
763,399.812,0.706878525129553,0.723815902923529,799.624,"2014_nk_267","Nush",2014,0.705717092557377,0.705828096726623,492,666.799612144307,785.633009083019
764,400.336,0.704942247182572,0.731061319807976,800.672,"2014_nk_267","Nush",2014,0.705726449471171,0.705828096726623,492,666.799612144307,785.633009083019
765,400.86,0.704770140712936,0.733375596097449,801.72,"2014_nk_267","Nush",2014,0.705729859957669,0.705828096726623,492,666.799612144307,785.633009083019
766,401.384,0.708021372790327,0.722859989805596,802.768,"2014_nk_267","Nush",2014,0.705710031139776,0.705828096726623,492,666.799612144307,785.633009083019
767,401.908,0.705705424436116,0.738680644516091,803.816,"2014_nk_267","Nush",2014,0.705702485229214,0.705828096726623,492,666.799612144307,785.633009083019
768,402.432,0.705846102840171,0.742633647344566,804.864,"2014_nk_267","Nush",2014,0.705664679546195,0.705828096726623,492,666.799612144307,785.633009083019
769,402.956,0.704593274242953,0.71943573073966,805.912,"2014_nk_267","Nush",2014,0.705689873025868,0.705828096726623,492,666.799612144307,785.633009083019
770,403.48,0.7053185736202,0.715524038206666,806.96,"2014_nk_267","Nush",2014,0.705691429819887,0.705828096726623,492,666.799612144307,785.633009083019
771,404.004,0.706999276965907,0.721193373861905,808.008,"2014_nk_267","Nush",2014,0.70568368551594,0.705828096726623,492,666.799612144307,785.633009083019
772,404.528,0.705965926953532,0.732901174391484,809.056,"2014_nk_267","Nush",2014,0.705675098935887,0.705828096726623,492,666.799612144307,785.633009083019
773,405.052,0.705492263586009,0.731442950117849,810.104,"2014_nk_267","Nush",2014,0.705657526066382,0.705828096726623,492,666.799612144307,785.633009083019
774,405.576,0.705955395926631,0.718233752233424,811.152,"2014_nk_267","Nush",2014,0.705636411019984,0.705828096726623,492,666.799612144307,785.633009083019
775,406.1,0.706424586959036,0.725239621972879,812.2,"2014_nk_267","Nush",2014,0.705647920199885,0.705828096726623,492,666.799612144307,785.633009083019
776,406.624,0.706109929061921,0.722613421153787,813.248,"2014_nk_267","Nush",2014,0.705693896801379,0.705828096726623,492,666.799612144307,785.633009083019
777,407.148,0.705630576938292,0.711616872063963,814.296,"2014_nk_267","Nush",2014,0.705708161911946,0.705828096726623,492,666.799612144307,785.633009083019
778,407.672,0.704821037786336,0.713156900155217,815.344,"2014_nk_267","Nush",2014,0.705713403403876,0.705828096726623,492,666.799612144307,785.633009083019
779,408.196,0.705019763054342,0.719162328058536,816.392,"2014_nk_267","Nush",2014,0.705737981117225,0.705828096726623,492,666.799612144307,785.633009083019
780,408.72,0.704649111184358,0.718356643872941,817.44,"2014_nk_267","Nush",2014,0.70574588965047,0.705828096726623,492,666.799612144307,785.633009083019
781,409.244,0.704169940445597,0.714900450782741,818.488,"2014_nk_267","Nush",2014,0.70568235033661,0.705828096726623,492,666.799612144307,785.633009083019
782,409.768,0.703725842079296,0.704617587828961,819.536,"2014_nk_267","Nush",2014,0.705680723387317,0.705828096726623,492,666.799612144307,785.633009083019
783,410.292,0.706441566769446,0.709806322833271,820.584,"2014_nk_267","Nush",2014,0.705673671196983,0.705828096726623,492,666.799612144307,785.633009083019
784,410.816,0.70554361880067,0.724836201722391,821.632,"2014_nk_267","Nush",2014,0.705653104141274,0.705828096726623,492,666.799612144307,785.633009083019
785,411.34,0.706917201169574,0.734392771134674,822.68,"2014_nk_267","Nush",2014,0.705675526365708,0.705828096726623,492,666.799612144307,785.633009083019
786,411.864,0.704374782011665,0.714592469264499,823.728,"2014_nk_267","Nush",2014,0.705716314160826,0.705828096726623,492,666.799612144307,785.633009083019
787,412.388,0.706215512552929,0.712429878163961,824.776,"2014_nk_267","Nush",2014,0.705722832398758,0.705828096726623,492,666.799612144307,785.633009083019
788,412.912,0.704301128184159,0.728911060250909,825.824,"2014_nk_267","Nush",2014,0.705746422494379,0.705828096726623,492,666.799612144307,785.633009083019
789,413.436,0.70419714564183,0.738581477681962,826.872,"2014_nk_267","Nush",2014,0.70574189332112,0.705828096726623,492,666.799612144307,785.633009083019
790,413.96,0.706823191257419,0.732359828774158,827.92,"2014_nk_267","Nush",2014,0.70574619636306,0.705828096726623,492,666.799612144307,785.633009083019
791,414.484,0.705096655591004,0.732203948209049,828.968,"2014_nk_267","Nush",2014,0.705705290322921,0.705828096726623,492,666.799612144307,785.633009083019
792,415.008,0.706675410769816,0.738676092437941,830.016,"2014_nk_267","Nush",2014,0.705687321283781,0.705828096726623,492,666.799612144307,785.633009083019
793,415.532,0.706637809610502,0.753151329469244,831.064,"2014_nk_267","Nush",2014,0.705657172486299,0.705828096726623,492,666.799612144307,785.633009083019
794,416.056,0.706851057083472,0.755641016468623,832.112,"2014_nk_267","Nush",2014,0.705674072460605,0.705828096726623,492,666.799612144307,785.633009083019
795,416.58,0.70535745954991,0.739192724734623,833.16,"2014_nk_267","Nush",2014,0.705696698156333,0.705828096726623,492,666.799612144307,785.633009083019
796,417.104,0.70480094607757,0.741278683911526,834.208,"2014_nk_267","Nush",2014,0.705668501172206,0.705828096726623,492,666.799612144307,785.633009083019
797,417.628,0.705993431197044,0.751733141270129,835.256,"2014_nk_267","Nush",2014,0.705665291275705,0.705828096726623,492,666.799612144307,785.633009083019
798,418.152,0.704761456780933,0.74953965875893,836.304,"2014_nk_267","Nush",2014,0.705662505422005,0.705828096726623,492,666.799612144307,785.633009083019
799,418.676,0.707706719914468,0.743425031583141,837.352,"2014_nk_267","Nush",2014,0.705690353912314,0.705828096726623,492,666.799612144307,785.633009083019
800,419.2,0.705513598302861,0.745488496142451,838.4,"2014_nk_267","Nush",2014,0.705699085456128,0.705828096726623,492,666.799612144307,785.633009083019
801,419.724,0.705414286371395,0.763278422396242,839.448,"2014_nk_267","Nush",2014,0.705685421659788,0.705828096726623,492,666.799612144307,785.633009083019
802,420.248,0.70546719522277,0.770375753357552,840.496,"2014_nk_267","Nush",2014,0.705655681911982,0.705828096726623,492,666.799612144307,785.633009083019
803,420.772,0.705081590457844,0.75021445481727,841.544,"2014_nk_267","Nush",2014,0.705665317615404,0.705828096726623,492,666.799612144307,785.633009083019
804,421.296,0.705851805236121,0.765177314466816,842.592,"2014_nk_267","Nush",2014,0.705663141836574,0.705828096726623,492,666.799612144307,785.633009083019
805,421.82,0.705937791951827,0.767323954582827,843.64,"2014_nk_267","Nush",2014,0.705651611276883,0.705828096726623,492,666.799612144307,785.633009083019
806,422.344,0.705875959607668,0.764393228321215,844.688,"2014_nk_267","Nush",2014,0.705650994498393,0.705828096726623,492,666.799612144307,785.633009083019
807,422.868,0.70510822903649,0.754383560631518,845.736,"2014_nk_267","Nush",2014,0.705658473043268,0.705828096726623,492,666.799612144307,785.633009083019
808,423.392,0.705287723690868,0.741068220553906,846.784,"2014_nk_267","Nush",2014,0.705686706889482,0.705828096726623,492,666.799612144307,785.633009083019
809,423.916,0.707745537581177,0.761419358119505,847.832,"2014_nk_267","Nush",2014,0.705685779875123,0.705828096726623,492,666.799612144307,785.633009083019
810,424.44,0.705845431512541,0.754454768244806,848.88,"2014_nk_267","Nush",2014,0.705743835212671,0.705828096726623,492,666.799612144307,785.633009083019
811,424.964,0.703624423211507,0.758362545497728,849.928,"2014_nk_267","Nush",2014,0.705765266593878,0.705828096726623,492,666.799612144307,785.633009083019
812,425.488,0.705101829033202,0.772166663537843,850.976,"2014_nk_267","Nush",2014,0.705784448225606,0.705828096726623,492,666.799612144307,785.633009083019
813,426.012,0.705976032255495,0.770097098647227,852.024,"2014_nk_267","Nush",2014,0.705783080110557,0.705828096726623,492,666.799612144307,785.633009083019
814,426.536,0.70503022096777,0.773375923514402,853.072,"2014_nk_267","Nush",2014,0.705754361308829,0.705828096726623,492,666.799612144307,785.633009083019
815,427.06,0.70703433847367,0.76578743020054,854.12,"2014_nk_267","Nush",2014,0.705751187048795,0.705828096726623,492,666.799612144307,785.633009083019
816,427.584,0.707482680825555,0.757519214265011,855.168,"2014_nk_267","Nush",2014,0.705773210392846,0.705828096726623,492,666.799612144307,785.633009083019
817,428.108,0.705802626857245,0.764731883003767,856.216,"2014_nk_267","Nush",2014,0.705775870151862,0.705828096726623,492,666.799612144307,785.633009083019
818,428.632,0.706925115056027,0.776074210000848,857.264,"2014_nk_267","Nush",2014,0.705791468769494,0.705828096726623,492,666.799612144307,785.633009083019
819,429.156,0.704862563026825,0.759783343722471,858.312,"2014_nk_267","Nush",2014,0.705821520122993,0.705828096726623,492,666.799612144307,785.633009083019
820,429.68,0.705128052618426,0.755403357889481,859.36,"2014_nk_267","Nush",2014,0.705814844399514,0.705828096726623,492,666.799612144307,785.633009083019
821,430.204,0.705217064041426,0.753295451417932,860.408,"2014_nk_267","Nush",2014,0.705847299481032,0.705828096726623,492,666.799612144307,785.633009083019
822,430.728,0.706190776829637,0.76495343185953,861.456,"2014_nk_267","Nush",2014,0.705815936691217,0.705828096726623,492,666.799612144307,785.633009083019
823,431.252,0.705069597280657,0.76930547437972,862.504,"2014_nk_267","Nush",2014,0.705779719194007,0.705828096726623,492,666.799612144307,785.633009083019
824,431.776,0.705956245640925,0.750470027815862,863.552,"2014_nk_267","Nush",2014,0.705781647844165,0.705828096726623,492,666.799612144307,785.633009083019
825,432.3,0.706127682456635,0.748753958443478,864.6,"2014_nk_267","Nush",2014,0.705803012136977,0.705828096726623,492,666.799612144307,785.633009083019
826,432.824,0.706329553742672,0.774295172165959,865.648,"2014_nk_267","Nush",2014,0.705821126324122,0.705828096726623,492,666.799612144307,785.633009083019
827,433.348,0.705512830646102,0.772088678009059,866.696,"2014_nk_267","Nush",2014,0.705852328273997,0.705828096726623,492,666.799612144307,785.633009083019
828,433.872,0.70567895161815,0.755922206314718,867.744,"2014_nk_267","Nush",2014,0.705894191123359,0.705828096726623,492,666.799612144307,785.633009083019
829,434.396,0.706264183661508,0.741413696811001,868.792,"2014_nk_267","Nush",2014,0.705831530992651,0.705828096726623,492,666.799612144307,785.633009083019
830,434.92,0.705842466249049,0.770631126725556,869.84,"2014_nk_267","Nush",2014,0.705826830759756,0.705828096726623,492,666.799612144307,785.633009083019
831,435.444,0.706179449185483,0.776519821908967,870.888,"2014_nk_267","Nush",2014,0.705825869628375,0.705828096726623,492,666.799612144307,785.633009083019
832,435.968,0.704181542085151,0.766799006982549,871.936,"2014_nk_267","Nush",2014,0.705823890120417,0.705828096726623,492,666.799612144307,785.633009083019
833,436.492,0.70607040579135,0.744776986540046,872.984,"2014_nk_267","Nush",2014,0.705833603260316,0.705828096726623,492,666.799612144307,785.633009083019
834,437.016,0.705824849196793,0.749377130594804,874.032,"2014_nk_267","Nush",2014,0.705827804585843,0.705828096726623,492,666.799612144307,785.633009083019
835,437.54,0.705732753377614,0.767307208326001,875.08,"2014_nk_267","Nush",2014,0.705852383795065,0.705828096726623,492,666.799612144307,785.633009083019
836,438.064,0.706072922352533,0.783103907449492,876.128,"2014_nk_267","Nush",2014,0.70587610557307,0.705828096726623,492,666.799612144307,785.633009083019
837,438.588,0.706079289630758,0.761103668433032,877.176,"2014_nk_267","Nush",2014,0.705871811453305,0.705828096726623,492,666.799612144307,785.633009083019
838,439.112,0.706515068559196,0.760209771517946,878.224,"2014_nk_267","Nush",2014,0.705882255813196,0.705828096726623,492,666.799612144307,785.633009083019
839,439.636,0.704964142192776,0.752327739399317,879.272,"2014_nk_267","Nush",2014,0.705867472639835,0.705828096726623,492,666.799612144307,785.633009083019
840,440.16,0.708132431437282,0.752814123696703,880.32,"2014_nk_267","Nush",2014,0.705863124079458,0.705828096726623,492,666.799612144307,785.633009083019
841,440.684,0.705455823318008,0.750774686923674,881.368,"2014_nk_267","Nush",2014,0.705898015637066,0.705828096726623,492,666.799612144307,785.633009083019
842,441.208,0.704876739982939,0.740022240568177,882.416,"2014_nk_267","Nush",2014,0.705918008154014,0.705828096726623,492,666.799612144307,785.633009083019
843,441.732,0.706359479866538,0.748618268508755,883.464,"2014_nk_267","Nush",2014,0.705913115162667,0.705828096726623,492,666.799612144307,785.633009083019
844,442.256,0.703820490697007,0.75306081163704,884.512,"2014_nk_267","Nush",2014,0.705953815846989,0.705828096726623,492,666.799612144307,785.633009083019
845,442.78,0.706726745567508,0.722820561662209,885.56,"2014_nk_267","Nush",2014,0.705937246638124,0.705828096726623,492,666.799612144307,785.633009083019
846,443.304,0.705696182654738,0.715895104434607,886.608,"2014_nk_267","Nush",2014,0.705926155085303,0.705828096726623,492,666.799612144307,785.633009083019
847,443.828,0.70637509809386,0.735610470700149,887.656,"2014_nk_267","Nush",2014,0.705947608060192,0.705828096726623,492,666.799612144307,785.633009083019
848,444.352,0.70523704524209,0.737158171774963,888.704,"2014_nk_267","Nush",2014,0.705942091407017,0.705828096726623,492,666.799612144307,785.633009083019
849,444.876,0.706000226851756,0.721743518124582,889.752,"2014_nk_267","Nush",2014,0.70596762219417,0.705828096726623,492,666.799612144307,785.633009083019
850,445.4,0.706422647848716,0.707750530493388,890.8,"2014_nk_267","Nush",2014,0.705991321273338,0.705828096726623,492,666.799612144307,785.633009083019
851,445.924,0.707043960482095,0.713349658758915,891.848,"2014_nk_267","Nush",2014,0.705996718774143,0.705828096726623,492,666.799612144307,785.633009083019
852,446.448,0.704793643380917,0.718642466524892,892.896,"2014_nk_267","Nush",2014,0.705992384147689,0.705828096726623,492,666.799612144307,785.633009083019
853,446.972,0.704464759777865,0.719726947543234,893.944,"2014_nk_267","Nush",2014,0.705988123557363,0.705828096726623,492,666.799612144307,785.633009083019
854,447.496,0.706966776092946,0.719648487186189,894.992,"2014_nk_267","Nush",2014,0.706001605812062,0.705828096726623,492,666.799612144307,785.633009083019
855,448.02,0.706639317118644,0.708325303566989,896.04,"2014_nk_267","Nush",2014,0.705971119359385,0.705828096726623,492,666.799612144307,785.633009083019
856,448.544,0.705887797306246,0.705565544598192,897.088,"2014_nk_267","Nush",2014,0.705966806768283,0.705828096726623,492,666.799612144307,785.633009083019
857,449.068,0.70786554818959,0.724290417651327,898.136,"2014_nk_267","Nush",2014,0.706001986230117,0.705828096726623,492,666.799612144307,785.633009083019
858,449.592,0.707273227742655,0.713846323882772,899.184,"2014_nk_267","Nush",2014,0.706002563691256,0.705828096726623,492,666.799612144307,785.633009083019
859,450.116,0.703947112071984,0.713025621223478,900.232,"2014_nk_267","Nush",2014,0.706019631840618,0.705828096726623,492,666.799612144307,785.633009083019
860,450.64,0.705231584329122,0.727057145788591,901.28,"2014_nk_267","Nush",2014,0.706026009275944,0.705828096726623,492,666.799612144307,785.633009083019
861,451.164,0.705356618488581,0.72231229982589,902.328,"2014_nk_267","Nush",2014,0.706024637806709,0.705828096726623,492,666.799612144307,785.633009083019
862,451.688,0.705348424745286,0.719473178615996,903.376,"2014_nk_267","Nush",2014,0.706063872384614,0.705828096726623,492,666.799612144307,785.633009083019
863,452.212,0.705664378851765,0.715327101754324,904.424,"2014_nk_267","Nush",2014,0.706074421718,0.705828096726623,492,666.799612144307,785.633009083019
864,452.736,0.705503884767727,0.721140760261299,905.472,"2014_nk_267","Nush",2014,0.706051480521784,0.705828096726623,492,666.799612144307,785.633009083019
865,453.26,0.707412544505155,0.745600273289123,906.52,"2014_nk_267","Nush",2014,0.706030251621149,0.705828096726623,492,666.799612144307,785.633009083019
866,453.784,0.707299266287935,0.738331804276304,907.568,"2014_nk_267","Nush",2014,0.706046295551755,0.705828096726623,492,666.799612144307,785.633009083019
867,454.308,0.70485058185062,0.726753193038793,908.616,"2014_nk_267","Nush",2014,0.706002921644793,0.705828096726623,492,666.799612144307,785.633009083019
868,454.832,0.705914385284352,0.731750991293636,909.664,"2014_nk_267","Nush",2014,0.706030351971466,0.705828096726623,492,666.799612144307,785.633009083019
869,455.356,0.706858547179488,0.725454634473165,910.712,"2014_nk_267","Nush",2014,0.706030001840985,0.705828096726623,492,666.799612144307,785.633009083019
870,455.88,0.705584517889927,0.736356186051456,911.76,"2014_nk_267","Nush",2014,0.705983415235465,0.705828096726623,492,666.799612144307,785.633009083019
871,456.404,0.705717916667968,0.723649116883037,912.808,"2014_nk_267","Nush",2014,0.705984753884062,0.705828096726623,492,666.799612144307,785.633009083019
872,456.928,0.706301380050095,0.719913474247225,913.856,"2014_nk_267","Nush",2014,0.706004421840703,0.705828096726623,492,666.799612144307,785.633009083019
873,457.452,0.705682452774664,0.727688579038488,914.904,"2014_nk_267","Nush",2014,0.705999602324763,0.705828096726623,492,666.799612144307,785.633009083019
874,457.976,0.707472262027098,0.734914794166059,915.952,"2014_nk_267","Nush",2014,0.706040747452504,0.705828096726623,492,666.799612144307,785.633009083019
875,458.5,0.706040185941758,0.725096083716731,917,"2014_nk_267","Nush",2014,0.706045229151656,0.705828096726623,492,666.799612144307,785.633009083019
876,459.024,0.706817187656317,0.70605111197257,918.048,"2014_nk_267","Nush",2014,0.706042723610848,0.705828096726623,492,666.799612144307,785.633009083019
877,459.548,0.707089805350566,0.721654717992427,919.096,"2014_nk_267","Nush",2014,0.70601535801343,0.705828096726623,492,666.799612144307,785.633009083019
878,460.072,0.706594115865545,0.742446417656925,920.144,"2014_nk_267","Nush",2014,0.706034243516961,0.705828096726623,492,666.799612144307,785.633009083019
879,460.596,0.706394410255981,0.734887844049231,921.192,"2014_nk_267","Nush",2014,0.706034747550026,0.705828096726623,492,666.799612144307,785.633009083019
880,461.12,0.706549997368531,0.721141405814572,922.24,"2014_nk_267","Nush",2014,0.706025472883144,0.705828096726623,492,666.799612144307,785.633009083019
881,461.644,0.705540914089751,0.719842224707383,923.288,"2014_nk_267","Nush",2014,0.70599117337185,0.705828096726623,492,666.799612144307,785.633009083019
882,462.168,0.705930699242377,0.732096041355241,924.336,"2014_nk_267","Nush",2014,0.706008299411462,0.705828096726623,492,666.799612144307,785.633009083019
883,462.692,0.704813961861087,0.733494632821605,925.384,"2014_nk_267","Nush",2014,0.706052950087403,0.705828096726623,492,666.799612144307,785.633009083019
884,463.216,0.706765180922838,0.710743619770332,926.432,"2014_nk_267","Nush",2014,0.706038148307546,0.705828096726623,492,666.799612144307,785.633009083019
885,463.74,0.704298495296049,0.716326975577445,927.48,"2014_nk_267","Nush",2014,0.706013717454059,0.705828096726623,492,666.799612144307,785.633009083019
886,464.264,0.706070798276554,0.734993374659373,928.528,"2014_nk_267","Nush",2014,0.706013281968176,0.705828096726623,492,666.799612144307,785.633009083019
887,464.788,0.707623598356138,0.740499123620552,929.576,"2014_nk_267","Nush",2014,0.70600102498726,0.705828096726623,492,666.799612144307,785.633009083019
888,465.312,0.705713599286489,0.740871123557831,930.624,"2014_nk_267","Nush",2014,0.705985778228947,0.705828096726623,492,666.799612144307,785.633009083019
889,465.836,0.707288272623216,0.730139502398236,931.672,"2014_nk_267","Nush",2014,0.70601152327953,0.705828096726623,492,666.799612144307,785.633009083019
890,466.36,0.706225112368639,0.724593496203581,932.72,"2014_nk_267","Nush",2014,0.706051959980701,0.705828096726623,492,666.799612144307,785.633009083019
891,466.884,0.706097161031374,0.74095503266138,933.768,"2014_nk_267","Nush",2014,0.706056247183161,0.705828096726623,492,666.799612144307,785.633009083019
892,467.408,0.706535616759471,0.717923831010468,934.816,"2014_nk_267","Nush",2014,0.706041992530454,0.705828096726623,492,666.799612144307,785.633009083019
893,467.932,0.706703365794467,0.716743490970532,935.864,"2014_nk_267","Nush",2014,0.706037496242154,0.705828096726623,492,666.799612144307,785.633009083019
894,468.456,0.704448377423854,0.715270056781115,936.912,"2014_nk_267","Nush",2014,0.706073723038514,0.705828096726623,492,666.799612144307,785.633009083019
895,468.98,0.704459019339491,0.712701983057219,937.96,"2014_nk_267","Nush",2014,0.706026283238553,0.705828096726623,492,666.799612144307,785.633009083019
896,469.504,0.707035558188917,0.70589929319204,939.008,"2014_nk_267","Nush",2014,0.706015767019185,0.705828096726623,492,666.799612144307,785.633009083019
897,470.028,0.703476855213044,0.69467908611835,940.056,"2014_nk_267","Nush",2014,0.706011968284559,0.705828096726623,492,666.799612144307,785.633009083019
898,470.552,0.708160888159587,0.699268183648343,941.104,"2014_nk_267","Nush",2014,0.706002314759769,0.705828096726623,492,666.799612144307,785.633009083019
899,471.076,0.704943134363877,0.696455506006814,942.152,"2014_nk_267","Nush",2014,0.706003570509821,0.705828096726623,492,666.799612144307,785.633009083019
900,471.6,0.705337235106135,0.687175084579876,943.2,"2014_nk_267","Nush",2014,0.706022788258196,0.705828096726623,492,666.799612144307,785.633009083019
901,472.124,0.705536142233818,0.687974108107169,944.248,"2014_nk_267","Nush",2014,0.706023790532051,0.705828096726623,492,666.799612144307,785.633009083019
902,472.648,0.706056817381398,0.70937213933657,945.296,"2014_nk_267","Nush",2014,0.706034606948626,0.705828096726623,492,666.799612144307,785.633009083019
903,473.172,0.706070308910149,0.70223105419201,946.344,"2014_nk_267","Nush",2014,0.706046978710271,0.705828096726623,492,666.799612144307,785.633009083019
904,473.696,0.706289198361447,0.701708372051814,947.392,"2014_nk_267","Nush",2014,0.706034211496275,0.705828096726623,492,666.799612144307,785.633009083019
905,474.22,0.706995647516615,0.686184779219995,948.44,"2014_nk_267","Nush",2014,0.70605670140005,0.705828096726623,492,666.799612144307,785.633009083019
906,474.744,0.705545850206292,0.705770597643476,949.488,"2014_nk_267","Nush",2014,0.706032039387045,0.705828096726623,492,666.799612144307,785.633009083019
907,475.268,0.70473316224874,0.71824536356461,950.536,"2014_nk_267","Nush",2014,0.705985316203037,0.705828096726623,492,666.799612144307,785.633009083019
908,475.792,0.706370175453966,0.711593376307919,951.584,"2014_nk_267","Nush",2014,0.705952512514017,0.705828096726623,492,666.799612144307,785.633009083019
909,476.316,0.706030468835625,0.705205894683852,952.632,"2014_nk_267","Nush",2014,0.705956667649761,0.705828096726623,492,666.799612144307,785.633009083019
910,476.84,0.705866167835839,0.714969724073482,953.68,"2014_nk_267","Nush",2014,0.70595836797466,0.705828096726623,492,666.799612144307,785.633009083019
911,477.364,0.70498598980442,0.722529087515918,954.728,"2014_nk_267","Nush",2014,0.705952033428758,0.705828096726623,492,666.799612144307,785.633009083019
912,477.888,0.705821205757639,0.73383363637916,955.776,"2014_nk_267","Nush",2014,0.705940450558392,0.705828096726623,492,666.799612144307,785.633009083019
913,478.412,0.707143800334318,0.713417243411256,956.824,"2014_nk_267","Nush",2014,0.705979137757437,0.705828096726623,492,666.799612144307,785.633009083019
914,478.936,0.70607866930156,0.707992561105522,957.872,"2014_nk_267","Nush",2014,0.705967928877876,0.705828096726623,492,666.799612144307,785.633009083019
915,479.46,0.70517346590942,0.709174216026474,958.92,"2014_nk_267","Nush",2014,0.705948038778904,0.705828096726623,492,666.799612144307,785.633009083019
916,479.984,0.705861668153274,0.732493362294203,959.968,"2014_nk_267","Nush",2014,0.7059332339462,0.705828096726623,492,666.799612144307,785.633009083019
917,480.508,0.707130129334601,0.721904664858324,961.016,"2014_nk_267","Nush",2014,0.705892419301524,0.705828096726623,492,666.799612144307,785.633009083019
918,481.032,0.706358422243899,0.715608494375689,962.064,"2014_nk_267","Nush",2014,0.705886734294056,0.705828096726623,492,666.799612144307,785.633009083019
919,481.556,0.705491815106926,0.716120859173059,963.112,"2014_nk_267","Nush",2014,0.705862621261913,0.705828096726623,492,666.799612144307,785.633009083019
920,482.08,0.707657786399412,0.719857079061162,964.16,"2014_nk_267","Nush",2014,0.705885813865834,0.705828096726623,492,666.799612144307,785.633009083019
921,482.604,0.705613850636192,0.708875137028227,965.208,"2014_nk_267","Nush",2014,0.705881248436629,0.705828096726623,492,666.799612144307,785.633009083019
922,483.128,0.704493145582857,0.709163935089396,966.256,"2014_nk_267","Nush",2014,0.705914017144436,0.705828096726623,492,666.799612144307,785.633009083019
923,483.652,0.70539460155375,0.708724498283439,967.304,"2014_nk_267","Nush",2014,0.705879822250217,0.705828096726623,492,666.799612144307,785.633009083019
924,484.176,0.70767749254932,0.699669548467145,968.352,"2014_nk_267","Nush",2014,0.705922663673323,0.705828096726623,492,666.799612144307,785.633009083019
925,484.7,0.704566156507519,0.709768715923625,969.4,"2014_nk_267","Nush",2014,0.705959975364671,0.705828096726623,492,666.799612144307,785.633009083019
926,485.224,0.706668293125835,0.700570412815169,970.448,"2014_nk_267","Nush",2014,0.705982857025059,0.705828096726623,492,666.799612144307,785.633009083019
927,485.748,0.704622657773098,0.696283006445829,971.496,"2014_nk_267","Nush",2014,0.706034818569186,0.705828096726623,492,666.799612144307,785.633009083019
928,486.272,0.705335173796955,0.711917847013717,972.544,"2014_nk_267","Nush",2014,0.706030165469858,0.705828096726623,492,666.799612144307,785.633009083019
929,486.796,0.706933892182602,0.708209236244455,973.592,"2014_nk_267","Nush",2014,0.706053744034869,0.705828096726623,492,666.799612144307,785.633009083019
930,487.32,0.706737582792439,0.707154799589484,974.64,"2014_nk_267","Nush",2014,0.706060933025075,0.705828096726623,492,666.799612144307,785.633009083019
931,487.844,0.705778053099234,0.688672767641841,975.688,"2014_nk_267","Nush",2014,0.706059702272456,0.705828096726623,492,666.799612144307,785.633009083019
932,488.368,0.706950365044624,0.708474823288054,976.736,"2014_nk_267","Nush",2014,0.706064451827705,0.705828096726623,492,666.799612144307,785.633009083019
933,488.892,0.706424758473374,0.717999289163911,977.784,"2014_nk_267","Nush",2014,0.706073301778554,0.705828096726623,492,666.799612144307,785.633009083019
934,489.416,0.70670622918733,0.709768073079579,978.832,"2014_nk_267","Nush",2014,0.706068074895567,0.705828096726623,492,666.799612144307,785.633009083019
935,489.94,0.707389580168272,0.715290038362286,979.88,"2014_nk_267","Nush",2014,0.706053586122516,0.705828096726623,492,666.799612144307,785.633009083019
936,490.464,0.705337466875965,0.719764726373331,980.928,"2014_nk_267","Nush",2014,0.706082528559098,0.705828096726623,492,666.799612144307,785.633009083019
937,490.988,0.704286414310129,0.723566982293985,981.976,"2014_nk_267","Nush",2014,0.706104122120114,0.705828096726623,492,666.799612144307,785.633009083019
938,491.512,0.704625894524347,0.731553072495451,983.024,"2014_nk_267","Nush",2014,0.706109995402517,0.705828096726623,492,666.799612144307,785.633009083019
939,492.036,0.706643718400613,0.726493317222651,984.072,"2014_nk_267","Nush",2014,0.706133716204425,0.705828096726623,492,666.799612144307,785.633009083019
940,492.56,0.706652016862443,0.732042901184944,985.12,"2014_nk_267","Nush",2014,0.706115902681639,0.705828096726623,492,666.799612144307,785.633009083019
941,493.084,0.705160841335629,0.731179022916983,986.168,"2014_nk_267","Nush",2014,0.706131484671561,0.705828096726623,492,666.799612144307,785.633009083019
942,493.608,0.705235727020419,0.722112666118484,987.216,"2014_nk_267","Nush",2014,0.70612663658043,0.705828096726623,492,666.799612144307,785.633009083019
943,494.132,0.707135193803788,0.725249967658958,988.264,"2014_nk_267","Nush",2014,0.706107713575451,0.705828096726623,492,666.799612144307,785.633009083019
944,494.656,0.706092648149214,0.717256177433694,989.312,"2014_nk_267","Nush",2014,0.706115221514175,0.705828096726623,492,666.799612144307,785.633009083019
945,495.18,0.703105089357726,0.726438306305637,990.36,"2014_nk_267","Nush",2014,0.706126225142587,0.705828096726623,492,666.799612144307,785.633009083019
946,495.704,0.705182508314268,0.717660727795254,991.408,"2014_nk_267","Nush",2014,0.706125688658341,0.705828096726623,492,666.799612144307,785.633009083019
947,496.228,0.705174719675611,0.709491035803225,992.456,"2014_nk_267","Nush",2014,0.706107975520794,0.705828096726623,492,666.799612144307,785.633009083019
948,496.752,0.70537249883842,0.701228811184891,993.504,"2014_nk_267","Nush",2014,0.706110629338589,0.705828096726623,492,666.799612144307,785.633009083019
949,497.276,0.705841490694629,0.711494891696782,994.552,"2014_nk_267","Nush",2014,0.706137888652322,0.705828096726623,492,666.799612144307,785.633009083019
950,497.8,0.707616668603876,0.693062953265991,995.6,"2014_nk_267","Nush",2014,0.706103540219465,0.705828096726623,492,666.799612144307,785.633009083019
951,498.324,0.7058232352791,0.695379586051329,996.648,"2014_nk_267","Nush",2014,0.706074018477584,0.705828096726623,492,666.799612144307,785.633009083019
952,498.848,0.708501739227901,0.702188424439094,997.696,"2014_nk_267","Nush",2014,0.706136528325647,0.705828096726623,492,666.799612144307,785.633009083019
953,499.372,0.704651672141317,0.703488116855083,998.744,"2014_nk_267","Nush",2014,0.706132526333347,0.705828096726623,492,666.799612144307,785.633009083019
954,499.896,0.707018862810224,0.720568598238854,999.792,"2014_nk_267","Nush",2014,0.70611611063195,0.705828096726623,492,666.799612144307,785.633009083019
955,500.42,0.706697720820317,0.714939114507334,1000.84,"2014_nk_267","Nush",2014,0.706132196070643,0.705828096726623,492,666.799612144307,785.633009083019
956,500.944,0.708408457812203,0.704804329572189,1001.888,"2014_nk_267","Nush",2014,0.706132219883965,0.705828096726623,492,666.799612144307,785.633009083019
957,501.468,0.70659454786071,0.722580785675546,1002.936,"2014_nk_267","Nush",2014,0.706165543186934,0.705828096726623,492,666.799612144307,785.633009083019
958,501.992,0.707881702199902,0.734743036890096,1003.984,"2014_nk_267","Nush",2014,0.70617853620992,0.705828096726623,492,666.799612144307,785.633009083019
959,502.516,0.706357848264543,0.746512233879125,1005.032,"2014_nk_267","Nush",2014,0.706129385184592,0.705828096726623,492,666.799612144307,785.633009083019
960,503.04,0.70576857451845,0.72963250997291,1006.08,"2014_nk_267","Nush",2014,0.706130300821611,0.705828096726623,492,666.799612144307,785.633009083019
961,503.564,0.705462297076695,0.719251734667633,1007.128,"2014_nk_267","Nush",2014,0.706113190974337,0.705828096726623,492,666.799612144307,785.633009083019
962,504.088,0.706341790696327,0.736957468729087,1008.176,"2014_nk_267","Nush",2014,0.70609928659025,0.705828096726623,492,666.799612144307,785.633009083019
963,504.612,0.706601305961103,0.737344286927286,1009.224,"2014_nk_267","Nush",2014,0.70607691890043,0.705828096726623,492,666.799612144307,785.633009083019
964,505.136,0.70597558538223,0.741617705483934,1010.272,"2014_nk_267","Nush",2014,0.706071781818396,0.705828096726623,492,666.799612144307,785.633009083019
965,505.66,0.706126321133556,0.732476183704021,1011.32,"2014_nk_267","Nush",2014,0.706042554073693,0.705828096726623,492,666.799612144307,785.633009083019
966,506.184,0.707282396401244,0.726222814416329,1012.368,"2014_nk_267","Nush",2014,0.706067054236493,0.705828096726623,492,666.799612144307,785.633009083019
967,506.708,0.706028775909686,0.731776583551575,1013.416,"2014_nk_267","Nush",2014,0.706085559679957,0.705828096726623,492,666.799612144307,785.633009083019
968,507.232,0.70672257239812,0.721244698299472,1014.464,"2014_nk_267","Nush",2014,0.706066843767248,0.705828096726623,492,666.799612144307,785.633009083019
969,507.756,0.707453716950151,0.70749086999242,1015.512,"2014_nk_267","Nush",2014,0.706072238564343,0.705828096726623,492,666.799612144307,785.633009083019
970,508.28,0.704797356468652,0.703444163994608,1016.56,"2014_nk_267","Nush",2014,0.706081814575023,0.705828096726623,492,666.799612144307,785.633009083019
971,508.804,0.705920909199736,0.713813808138583,1017.608,"2014_nk_267","Nush",2014,0.706090498144226,0.705828096726623,492,666.799612144307,785.633009083019
972,509.328,0.70553032028982,0.705159381412638,1018.656,"2014_nk_267","Nush",2014,0.706124333436388,0.705828096726623,492,666.799612144307,785.633009083019
973,509.852,0.70600842003554,0.711317251347162,1019.704,"2014_nk_267","Nush",2014,0.706115922060426,0.705828096726623,492,666.799612144307,785.633009083019
974,510.376,0.706529145624997,0.715906711970928,1020.752,"2014_nk_267","Nush",2014,0.706125531510654,0.705828096726623,492,666.799612144307,785.633009083019
975,510.9,0.705833683614136,0.704294922735965,1021.8,"2014_nk_267","Nush",2014,0.706173055722169,0.705828096726623,492,666.799612144307,785.633009083019
976,511.424,0.705829479098528,0.714775767803439,1022.848,"2014_nk_267","Nush",2014,0.706165478283796,0.705828096726623,492,666.799612144307,785.633009083019
977,511.948,0.706067341081801,0.707962987970689,1023.896,"2014_nk_267","Nush",2014,0.706193353127065,0.705828096726623,492,666.799612144307,785.633009083019
978,512.472,0.706517651311585,0.713387956313532,1024.944,"2014_nk_267","Nush",2014,0.706226153009178,0.705828096726623,492,666.799612144307,785.633009083019
979,512.996,0.707127373930925,0.714252031608103,1025.992,"2014_nk_267","Nush",2014,0.706269688434353,0.705828096726623,492,666.799612144307,785.633009083019
980,513.52,0.705596880427944,0.721072010598121,1027.04,"2014_nk_267","Nush",2014,0.706260473978033,0.705828096726623,492,666.799612144307,785.633009083019
981,514.044,0.703842546123361,0.70875019240173,1028.088,"2014_nk_267","Nush",2014,0.706260166398071,0.705828096726623,492,666.799612144307,785.633009083019
982,514.568,0.708243736466645,0.702492311122395,1029.136,"2014_nk_267","Nush",2014,0.706197079312257,0.705828096726623,492,666.799612144307,785.633009083019
983,515.092,0.705154482015719,0.696361092555543,1030.184,"2014_nk_267","Nush",2014,0.706231157296775,0.705828096726623,492,666.799612144307,785.633009083019
984,515.616,0.706692550465491,0.714329323079384,1031.232,"2014_nk_267","Nush",2014,0.706194252779976,0.705828096726623,492,666.799612144307,785.633009083019
985,516.14,0.705531282829106,0.694440660663913,1032.28,"2014_nk_267","Nush",2014,0.706191139955751,0.705828096726623,492,666.799612144307,785.633009083019
986,516.664,0.706669721925172,0.682581583610195,1033.328,"2014_nk_267","Nush",2014,0.70615322655718,0.705828096726623,492,666.799612144307,785.633009083019
987,517.188,0.706622055951236,0.664670283238988,1034.376,"2014_nk_267","Nush",2014,0.706140780060025,0.705828096726623,492,666.799612144307,785.633009083019
988,517.712,0.706114755176118,0.655003285585307,1035.424,"2014_nk_267","Nush",2014,0.706134011958182,0.705828096726623,492,666.799612144307,785.633009083019
989,518.236,0.703984830662925,0.638334068142947,1036.472,"2014_nk_267","Nush",2014,0.706139571366439,0.705828096726623,492,666.799612144307,785.633009083019
990,518.76,0.706792521013605,0.622242784162367,1037.52,"2014_nk_267","Nush",2014,0.706168005063079,0.705828096726623,492,666.799612144307,785.633009083019
991,519.284,0.704751462262795,0.605745739355766,1038.568,"2014_nk_267","Nush",2014,0.706193794720925,0.705828096726623,492,666.799612144307,785.633009083019
992,519.808,0.706116101999408,0.610960509036208,1039.616,"2014_nk_267","Nush",2014,0.706184392387717,0.705828096726623,492,666.799612144307,785.633009083019
993,520.332,0.705082697084155,0.613214044712759,1040.664,"2014_nk_267","Nush",2014,0.706199957556033,0.705828096726623,492,666.799612144307,785.633009083019
994,520.856,0.706398004265301,0.596305057969144,1041.712,"2014_nk_267","Nush",2014,0.70619785105675,0.705828096726623,492,666.799612144307,785.633009083019
995,521.38,0.705635915486075,0.593137343969965,1042.76,"2014_nk_267","Nush",2014,0.706228049423845,0.705828096726623,492,666.799612144307,785.633009083019
996,521.904,0.706807476643979,0.604159151604956,1043.808,"2014_nk_267","Nush",2014,0.706237870216933,0.705828096726623,492,666.799612144307,785.633009083019
997,522.428,0.705396740917927,0.603217945993215,1044.856,"2014_nk_267","Nush",2014,0.706220300571549,0.705828096726623,492,666.799612144307,785.633009083019
998,522.952,0.703502939761827,0.609773162926577,1045.904,"2014_nk_267","Nush",2014,0.70622967722573,0.705828096726623,492,666.799612144307,785.633009083019
999,523.476,0.70696740622629,0.601172929267826,1046.952,"2014_nk_267","Nush",2014,0.706216221385159,0.705828096726623,492,666.799612144307,785.633009083019
1000,524,0.707226577503245,0.593667816694915,1048,"2014_nk_267","Nush",2014,0.706228633817491,0.705828096726623,492,666.799612144307,785.633009083019
1001,524.524,0.705681855487826,0.596952507140191,1049.048,"2014_nk_267","Nush",2014,0.706208888381081,0.705828096726623,492,666.799612144307,785.633009083019
1002,525.048,0.707265844550174,0.609355629533457,1050.096,"2014_nk_267","Nush",2014,0.70623948114574,0.705828096726623,492,666.799612144307,785.633009083019
1003,525.572,0.706630511246012,0.610989613997371,1051.144,"2014_nk_267","Nush",2014,0.706252431535572,0.705828096726623,492,666.799612144307,785.633009083019
1004,526.096,0.706669215162942,0.607711580613077,1052.192,"2014_nk_267","Nush",2014,0.706207186703702,0.705828096726623,492,666.799612144307,785.633009083019
1005,526.62,0.705956542048623,0.60521171457342,1053.24,"2014_nk_267","Nush",2014,0.706202927750514,0.705828096726623,492,666.799612144307,785.633009083019
1006,527.144,0.704727862011859,0.61681920490621,1054.288,"2014_nk_267","Nush",2014,0.706204351679066,0.705828096726623,492,666.799612144307,785.633009083019
1007,527.668,0.706847210271738,0.61663039324042,1055.336,"2014_nk_267","Nush",2014,0.706209277160868,0.705828096726623,492,666.799612144307,785.633009083019
1008,528.192,0.70734049176521,0.618882940046219,1056.384,"2014_nk_267","Nush",2014,0.706208664306477,0.705828096726623,492,666.799612144307,785.633009083019
1009,528.716,0.70845361620512,0.630211037271427,1057.432,"2014_nk_267","Nush",2014,0.706183839565098,0.705828096726623,492,666.799612144307,785.633009083019
1010,529.24,0.707063801224674,0.627976445805511,1058.48,"2014_nk_267","Nush",2014,0.70619360861123,0.705828096726623,492,666.799612144307,785.633009083019
1011,529.764,0.705804780481427,0.641437566056298,1059.528,"2014_nk_267","Nush",2014,0.706220970572265,0.705828096726623,492,666.799612144307,785.633009083019
1012,530.288,0.704716514079019,0.634114659396971,1060.576,"2014_nk_267","Nush",2014,0.706178525852409,0.705828096726623,492,666.799612144307,785.633009083019
1013,530.812,0.706696351212425,0.623504945915431,1061.624,"2014_nk_267","Nush",2014,0.706207216963364,0.705828096726623,492,666.799612144307,785.633009083019
1014,531.336,0.704804591802312,0.622103793844069,1062.672,"2014_nk_267","Nush",2014,0.706184423885232,0.705828096726623,492,666.799612144307,785.633009083019
1015,531.86,0.706510951366793,0.634410251836061,1063.72,"2014_nk_267","Nush",2014,0.706181237898064,0.705828096726623,492,666.799612144307,785.633009083019
1016,532.384,0.706133653897925,0.635356220204739,1064.768,"2014_nk_267","Nush",2014,0.706170573913171,0.705828096726623,492,666.799612144307,785.633009083019
1017,532.908,0.705847758031412,0.629726353593481,1065.816,"2014_nk_267","Nush",2014,0.706166472656997,0.705828096726623,492,666.799612144307,785.633009083019
1018,533.432,0.707475616089337,0.630465302819168,1066.864,"2014_nk_267","Nush",2014,0.706190437358434,0.705828096726623,492,666.799612144307,785.633009083019
1019,533.956,0.706691412759963,0.642272073476351,1067.912,"2014_nk_267","Nush",2014,0.706213005655713,0.705828096726623,492,666.799612144307,785.633009083019
1020,534.48,0.707474596316825,0.641479858427083,1068.96,"2014_nk_267","Nush",2014,0.706223157105912,0.705828096726623,492,666.799612144307,785.633009083019
1021,535.004,0.707009676547448,0.625309548259098,1070.008,"2014_nk_267","Nush",2014,0.706196753858573,0.705828096726623,492,666.799612144307,785.633009083019
1022,535.528,0.705777650703867,0.618929532077417,1071.056,"2014_nk_267","Nush",2014,0.706237237070132,0.705828096726623,492,666.799612144307,785.633009083019
1023,536.052,0.707535216060082,0.61971687848096,1072.104,"2014_nk_267","Nush",2014,0.706254506664329,0.705828096726623,492,666.799612144307,785.633009083019
1024,536.576,0.705849195425269,0.645428682395401,1073.152,"2014_nk_267","Nush",2014,0.706252306475451,0.705828096726623,492,666.799612144307,785.633009083019
1025,537.1,0.70793822315925,0.633670458638036,1074.2,"2014_nk_267","Nush",2014,0.706270876888396,0.705828096726623,492,666.799612144307,785.633009083019
1026,537.624,0.707871643986496,0.62913649174545,1075.248,"2014_nk_267","Nush",2014,0.706276326077923,0.705828096726623,492,666.799612144307,785.633009083019
1027,538.148,0.704974597186659,0.640724439586203,1076.296,"2014_nk_267","Nush",2014,0.706324632797987,0.705828096726623,492,666.799612144307,785.633009083019
1028,538.672,0.707285171648984,0.648345098102013,1077.344,"2014_nk_267","Nush",2014,0.706381523645723,0.705828096726623,492,666.799612144307,785.633009083019
1029,539.196,0.706646366515866,0.648080096678621,1078.392,"2014_nk_267","Nush",2014,0.706371238342985,0.705828096726623,492,666.799612144307,785.633009083019
1030,539.72,0.705542102408579,0.645327024509978,1079.44,"2014_nk_267","Nush",2014,0.706380310653808,0.705828096726623,492,666.799612144307,785.633009083019
1031,540.244,0.704736183015156,0.653124128207853,1080.488,"2014_nk_267","Nush",2014,0.706391394171869,0.705828096726623,492,666.799612144307,785.633009083019
1032,540.768,0.707365886169314,0.674758281427474,1081.536,"2014_nk_267","Nush",2014,0.706395194284541,0.705828096726623,492,666.799612144307,785.633009083019
1033,541.292,0.706785443425489,0.664753103263814,1082.584,"2014_nk_267","Nush",2014,0.706380494145336,0.705828096726623,492,666.799612144307,785.633009083019
1034,541.816,0.703814455712806,0.664489804070189,1083.632,"2014_nk_267","Nush",2014,0.706371416952897,0.705828096726623,492,666.799612144307,785.633009083019
1035,542.34,0.70557814642282,0.705174778731489,1084.68,"2014_nk_267","Nush",2014,0.706391200432601,0.705828096726623,492,666.799612144307,785.633009083019
1036,542.864,0.705914914811651,0.713072597022672,1085.728,"2014_nk_267","Nush",2014,0.706435496248891,0.705828096726623,492,666.799612144307,785.633009083019
1037,543.388,0.706362869989943,0.712504170868728,1086.776,"2014_nk_267","Nush",2014,0.706382499503689,0.705828096726623,492,666.799612144307,785.633009083019
1038,543.912,0.706480880048135,0.712900789366002,1087.824,"2014_nk_267","Nush",2014,0.706372203307021,0.705828096726623,492,666.799612144307,785.633009083019
1039,544.436,0.705637889448174,0.718637627038736,1088.872,"2014_nk_267","Nush",2014,0.706356927341224,0.705828096726623,492,666.799612144307,785.633009083019
1040,544.96,0.70618302319587,0.726202108288243,1089.92,"2014_nk_267","Nush",2014,0.706353706600845,0.705828096726623,492,666.799612144307,785.633009083019
1041,545.484,0.705484263785466,0.736986370744315,1090.968,"2014_nk_267","Nush",2014,0.706359725858327,0.705828096726623,492,666.799612144307,785.633009083019
1042,546.008,0.705697053275282,0.725961422721659,1092.016,"2014_nk_267","Nush",2014,0.706399959329283,0.705828096726623,492,666.799612144307,785.633009083019
1043,546.532,0.706875948673012,0.731992355144154,1093.064,"2014_nk_267","Nush",2014,0.706411440046791,0.705828096726623,492,666.799612144307,785.633009083019
1044,547.056,0.705324965777547,0.742598478767261,1094.112,"2014_nk_267","Nush",2014,0.706443056077064,0.705828096726623,492,666.799612144307,785.633009083019
1045,547.58,0.705340123599034,0.747043814169643,1095.16,"2014_nk_267","Nush",2014,0.706472709744975,0.705828096726623,492,666.799612144307,785.633009083019
1046,548.104,0.706029882831585,0.723440556485932,1096.208,"2014_nk_267","Nush",2014,0.706486603695829,0.705828096726623,492,666.799612144307,785.633009083019
1047,548.628,0.706375980580794,0.729985602922743,1097.256,"2014_nk_267","Nush",2014,0.706527655465867,0.705828096726623,492,666.799612144307,785.633009083019
1048,549.152,0.707552637262364,0.735625393984803,1098.304,"2014_nk_267","Nush",2014,0.706523249590316,0.705828096726623,492,666.799612144307,785.633009083019
1049,549.676,0.705338928499684,0.72488242087616,1099.352,"2014_nk_267","Nush",2014,0.706531193921838,0.705828096726623,492,666.799612144307,785.633009083019
1050,550.2,0.707401608025493,0.724804851164526,1100.4,"2014_nk_267","Nush",2014,0.706521175578172,0.705828096726623,492,666.799612144307,785.633009083019
1051,550.724,0.70316726742246,0.71165259927099,1101.448,"2014_nk_267","Nush",2014,0.70652778609767,0.705828096726623,492,666.799612144307,785.633009083019
1052,551.248,0.708545094692984,0.709746859397881,1102.496,"2014_nk_267","Nush",2014,0.70657816897979,0.705828096726623,492,666.799612144307,785.633009083019
1053,551.772,0.706118872735977,0.708123397863766,1103.544,"2014_nk_267","Nush",2014,0.706572235554843,0.705828096726623,492,666.799612144307,785.633009083019
1054,552.296,0.706265992932582,0.713014681888273,1104.592,"2014_nk_267","Nush",2014,0.706608381039535,0.705828096726623,492,666.799612144307,785.633009083019
1055,552.82,0.706750140262812,0.696443343901606,1105.64,"2014_nk_267","Nush",2014,0.706588640618669,0.705828096726623,492,666.799612144307,785.633009083019
1056,553.344,0.707134428015609,0.70814975963158,1106.688,"2014_nk_267","Nush",2014,0.706586897924566,0.705828096726623,492,666.799612144307,785.633009083019
1057,553.868,0.708295144121719,0.710238716869684,1107.736,"2014_nk_267","Nush",2014,0.706624953146999,0.705828096726623,492,666.799612144307,785.633009083019
1058,554.392,0.706916390626045,0.718965137959678,1108.784,"2014_nk_267","Nush",2014,0.706626383688664,0.705828096726623,492,666.799612144307,785.633009083019
1059,554.916,0.706350288062008,0.731360688041491,1109.832,"2014_nk_267","Nush",2014,0.706630152167448,0.705828096726623,492,666.799612144307,785.633009083019
1060,555.44,0.707770916152595,0.739099504778089,1110.88,"2014_nk_267","Nush",2014,0.706671668367593,0.705828096726623,492,666.799612144307,785.633009083019
1061,555.964,0.706346866571511,0.770141127605116,1111.928,"2014_nk_267","Nush",2014,0.706727407386653,0.705828096726623,492,666.799612144307,785.633009083019
1062,556.488,0.707493851310491,0.78469337604414,1112.976,"2014_nk_267","Nush",2014,0.706745169287538,0.705828096726623,492,666.799612144307,785.633009083019
1063,557.012,0.705748502893676,0.815667947135163,1114.024,"2014_nk_267","Nush",2014,0.706778364851487,0.705828096726623,492,666.799612144307,785.633009083019
1064,557.536,0.706124583616611,0.845001935934754,1115.072,"2014_nk_267","Nush",2014,0.706836788912895,0.705828096726623,492,666.799612144307,785.633009083019
1065,558.06,0.707143550830853,0.86164437555465,1116.12,"2014_nk_267","Nush",2014,0.706901595575077,0.705828096726623,492,666.799612144307,785.633009083019
1066,558.584,0.70738561098926,0.878888260578471,1117.168,"2014_nk_267","Nush",2014,0.70693198208064,0.705828096726623,492,666.799612144307,785.633009083019
1067,559.108,0.703667405559657,0.888660236496182,1118.216,"2014_nk_267","Nush",2014,0.706964615583868,0.705828096726623,492,666.799612144307,785.633009083019
1068,559.632,0.706722719965138,0.9056056899052,1119.264,"2014_nk_267","Nush",2014,0.706993309118614,0.705828096726623,492,666.799612144307,785.633009083019
1069,560.156,0.707537058257285,0.943048166544932,1120.312,"2014_nk_267","Nush",2014,0.707019601098471,0.705828096726623,492,666.799612144307,785.633009083019
1070,560.68,0.706870556801922,0.957726206821116,1121.36,"2014_nk_267","Nush",2014,0.707062123774186,0.705828096726623,492,666.799612144307,785.633009083019
1071,561.204,0.706165935930357,0.966295492691064,1122.408,"2014_nk_267","Nush",2014,0.707100591489729,0.705828096726623,492,666.799612144307,785.633009083019
1072,561.728,0.707130522336374,0.94673563220091,1123.456,"2014_nk_267","Nush",2014,0.707141590356245,0.705828096726623,492,666.799612144307,785.633009083019
1073,562.252,0.707385194262932,0.96399830273153,1124.504,"2014_nk_267","Nush",2014,0.70714255614644,0.705828096726623,492,666.799612144307,785.633009083019
1074,562.776,0.706701553618676,0.993824547695321,1125.552,"2014_nk_267","Nush",2014,0.707184375131802,0.705828096726623,492,666.799612144307,785.633009083019
1075,563.3,0.708290171441453,0.970194722911818,1126.6,"2014_nk_267","Nush",2014,0.707242513430663,0.705828096726623,492,666.799612144307,785.633009083019
1076,563.824,0.706967290949161,0.958051399443356,1127.648,"2014_nk_267","Nush",2014,0.70725116015042,0.705828096726623,492,666.799612144307,785.633009083019
1077,564.348,0.708310864233675,0.987591587031556,1128.696,"2014_nk_267","Nush",2014,0.707275371845038,0.705828096726623,492,666.799612144307,785.633009083019
1078,564.872,0.70721126355627,1.00724502351454,1129.744,"2014_nk_267","Nush",2014,0.707306006742865,0.705828096726623,492,666.799612144307,785.633009083019
1079,565.396,0.70716807265128,1.02909311360069,1130.792,"2014_nk_267","Nush",2014,0.707362419845783,0.705828096726623,492,666.799612144307,785.633009083019
1080,565.92,0.70687349569688,1.00885957860601,1131.84,"2014_nk_267","Nush",2014,0.707383543757814,0.705828096726623,492,666.799612144307,785.633009083019
1081,566.444,0.707406307717339,1.01959676864041,1132.888,"2014_nk_267","Nush",2014,0.707481346732761,0.705828096726623,492,666.799612144307,785.633009083019
1082,566.968,0.708800623631039,1.08083954454313,1133.936,"2014_nk_267","Nush",2014,0.70747225762849,0.705828096726623,492,666.799612144307,785.633009083019
1083,567.492,0.707179210563296,1.08319817693984,1134.984,"2014_nk_267","Nush",2014,0.70748947924372,0.705828096726623,492,666.799612144307,785.633009083019
1084,568.016,0.708017924506752,1.07628236774379,1136.032,"2014_nk_267","Nush",2014,0.707509967920807,0.705828096726623,492,666.799612144307,785.633009083019
1085,568.54,0.706753797907309,1.09388723060366,1137.08,"2014_nk_267","Nush",2014,0.707552182041067,0.705828096726623,492,666.799612144307,785.633009083019
1086,569.064,0.707767082340301,1.11834561499739,1138.128,"2014_nk_267","Nush",2014,0.707565301327412,0.705828096726623,492,666.799612144307,785.633009083019
1087,569.588,0.707257910532671,1.17990239842701,1139.176,"2014_nk_267","Nush",2014,0.70756725263117,0.705828096726623,492,666.799612144307,785.633009083019
1088,570.112,0.707371004148874,1.14822879219675,1140.224,"2014_nk_267","Nush",2014,0.707590692985669,0.705828096726623,492,666.799612144307,785.633009083019
1089,570.636,0.706872475242921,1.1414590744034,1141.272,"2014_nk_267","Nush",2014,0.707623277724954,0.705828096726623,492,666.799612144307,785.633009083019
1090,571.16,0.708033074417286,1.16707130767349,1142.32,"2014_nk_267","Nush",2014,0.707640091357362,0.705828096726623,492,666.799612144307,785.633009083019
1091,571.684,0.708080524158733,1.18418696825734,1143.368,"2014_nk_267","Nush",2014,0.707681835626973,0.705828096726623,492,666.799612144307,785.633009083019
1092,572.208,0.70843160022244,1.1902322866707,1144.416,"2014_nk_267","Nush",2014,0.707698696038098,0.705828096726623,492,666.799612144307,785.633009083019
1093,572.732,0.708777177262432,1.17940276293416,1145.464,"2014_nk_267","Nush",2014,0.707739213198774,0.705828096726623,492,666.799612144307,785.633009083019
1094,573.256,0.707319899397257,1.22460157144949,1146.512,"2014_nk_267","Nush",2014,0.707782199165505,0.705828096726623,492,666.799612144307,785.633009083019
1095,573.78,0.709466546153759,1.27772860159461,1147.56,"2014_nk_267","Nush",2014,0.707819322047745,0.705828096726623,492,666.799612144307,785.633009083019
1096,574.304,0.707738105145427,1.27090719979473,1148.608,"2014_nk_267","Nush",2014,0.707831925122573,0.705828096726623,492,666.799612144307,785.633009083019
1097,574.828,0.708320880183603,1.29301660390926,1149.656,"2014_nk_267","Nush",2014,0.707911564250806,0.705828096726623,492,666.799612144307,785.633009083019
1098,575.352,0.70820249213293,1.32722054733128,1150.704,"2014_nk_267","Nush",2014,0.70795087807443,0.705828096726623,492,666.799612144307,785.633009083019
1099,575.876,0.707215408239582,1.33346283628015,1151.752,"2014_nk_267","Nush",2014,0.707955864342248,0.705828096726623,492,666.799612144307,785.633009083019
1100,576.4,0.708734383738751,1.34418307942083,1152.8,"2014_nk_267","Nush",2014,0.707981621731999,0.705828096726623,492,666.799612144307,785.633009083019
1101,576.924,0.707792326718075,1.33357845706165,1153.848,"2014_nk_267","Nush",2014,0.708035321549746,0.705828096726623,492,666.799612144307,785.633009083019
1102,577.448,0.708156985266235,1.34006297851639,1154.896,"2014_nk_267","Nush",2014,0.70806221177945,0.705828096726623,492,666.799612144307,785.633009083019
1103,577.972,0.706933896084692,1.3993450379928,1155.944,"2014_nk_267","Nush",2014,0.708089080823112,0.705828096726623,492,666.799612144307,785.633009083019
1104,578.496,0.70783410489925,1.4031674990933,1156.992,"2014_nk_267","Nush",2014,0.70813511350998,0.705828096726623,492,666.799612144307,785.633009083019
1105,579.02,0.708828421530712,1.42110641621114,1158.04,"2014_nk_267","Nush",2014,0.708128114064817,0.705828096726623,492,666.799612144307,785.633009083019
1106,579.544,0.706548686016981,1.42094628592184,1159.088,"2014_nk_267","Nush",2014,0.708166912440836,0.705828096726623,492,666.799612144307,785.633009083019
1107,580.068,0.707828682257886,1.44135076620294,1160.136,"2014_nk_267","Nush",2014,0.708179198693857,0.705828096726623,492,666.799612144307,785.633009083019
1108,580.592,0.709390731132013,1.45840470678551,1161.184,"2014_nk_267","Nush",2014,0.708203824660891,0.705828096726623,492,666.799612144307,785.633009083019
1109,581.116,0.708723714674759,1.45173882002796,1162.232,"2014_nk_267","Nush",2014,0.70823828673201,0.705828096726623,492,666.799612144307,785.633009083019
1110,581.64,0.708669042747317,1.47019257742852,1163.28,"2014_nk_267","Nush",2014,0.708247949140294,0.705828096726623,492,666.799612144307,785.633009083019
1111,582.164,0.709035445919271,1.45783705951547,1164.328,"2014_nk_267","Nush",2014,0.708260502954472,0.705828096726623,492,666.799612144307,785.633009083019
1112,582.688,0.70799974843674,1.47799968024422,1165.376,"2014_nk_267","Nush",2014,0.708263299259425,0.705828096726623,492,666.799612144307,785.633009083019
1113,583.212,0.707152169649796,1.48171765692883,1166.424,"2014_nk_267","Nush",2014,0.70829495444156,0.705828096726623,492,666.799612144307,785.633009083019
1114,583.736,0.707495313557805,1.44824104459359,1167.472,"2014_nk_267","Nush",2014,0.708297937559276,0.705828096726623,492,666.799612144307,785.633009083019
1115,584.26,0.709282987478378,1.5005908168145,1168.52,"2014_nk_267","Nush",2014,0.708314375921346,0.705828096726623,492,666.799612144307,785.633009083019
1116,584.784,0.707921585196323,1.57441475455793,1169.568,"2014_nk_267","Nush",2014,0.708327628655982,0.705828096726623,492,666.799612144307,785.633009083019
1117,585.308,0.708412222347194,1.5887695555155,1170.616,"2014_nk_267","Nush",2014,0.708358266303371,0.705828096726623,492,666.799612144307,785.633009083019
1118,585.832,0.708322811895995,1.59599634553957,1171.664,"2014_nk_267","Nush",2014,0.708379031199405,0.705828096726623,492,666.799612144307,785.633009083019
1119,586.356,0.708305372419139,1.63321782987194,1172.712,"2014_nk_267","Nush",2014,0.708416437431932,0.705828096726623,492,666.799612144307,785.633009083019
1120,586.88,0.708779734097076,1.64900440068938,1173.76,"2014_nk_267","Nush",2014,0.708436829490186,0.705828096726623,492,666.799612144307,785.633009083019
1121,587.404,0.708851522748158,1.65598721993539,1174.808,"2014_nk_267","Nush",2014,0.708447537653523,0.705828096726623,492,666.799612144307,785.633009083019
1122,587.928,0.708505475977998,1.66688812571179,1175.856,"2014_nk_267","Nush",2014,0.708453320847946,0.705828096726623,492,666.799612144307,785.633009083019
1123,588.452,0.708179532534221,1.66369023188507,1176.904,"2014_nk_267","Nush",2014,0.708466370131587,0.705828096726623,492,666.799612144307,785.633009083019
1124,588.976,0.708703741620483,1.65671759197092,1177.952,"2014_nk_267","Nush",2014,0.708491764072433,0.705828096726623,492,666.799612144307,785.633009083019
1125,589.5,0.709370923765225,1.65730884946523,1179,"2014_nk_267","Nush",2014,0.708484412487808,0.705828096726623,492,666.799612144307,785.633009083019
1126,590.024,0.70814179547897,1.61046617418463,1180.048,"2014_nk_267","Nush",2014,0.708499520749578,0.705828096726623,492,666.799612144307,785.633009083019
1127,590.548,0.708445753253623,1.63189519956154,1181.096,"2014_nk_267","Nush",2014,0.708499272938789,0.705828096726623,492,666.799612144307,785.633009083019
1128,591.072,0.709081549382561,1.63258897454045,1182.144,"2014_nk_267","Nush",2014,0.70850464604619,0.705828096726623,492,666.799612144307,785.633009083019
