"Fish_id","OtoNum","natal_iso","natal_isose","natal_start","natal_end","Date","DOY","Year","Watershed"
"2019_yk_003",3,0.708372723855458,0.00170099459373264,205.751463820285,559.921994673168,"2019-06-03",154,2019,"Yukon"
"2019_yk_004",4,0.724164154645693,0.00210578424452723,773.345248401932,905.095413542468,"2019-06-03",154,2019,"Yukon"
"2019_yk_005",5,0.715878142834627,0.00340518998963109,627.721582878426,800.919523168143,"2019-06-03",154,2019,"Yukon"
"2019_yk_007",7,0.714480105826563,0.00288342365123837,405.063666616068,600.423327053563,"2019-06-04",155,2019,"Yukon"
"2019_yk_007a",7,0.714756618723119,0.00192497164369338,742.992661368358,878.65752509731,"2019-06-04",155,2019,"Yukon"
"2019_yk_009",9,0.709767386949092,0.0024638034286467,695.796535986449,822.368838524604,"2019-06-04",155,2019,"Yukon"
"2019_yk_013",13,0.714076278912969,0.00290298393742425,747.337319168882,854.465031117076,"2019-06-06",157,2019,"Yukon"
"2019_yk_016",16,0.715742940747204,0.00423519843057062,638.057340953768,792.467013407307,"2019-06-06",157,2019,"Yukon"
"2019_yk_018",18,0.706757167160889,0.00280831644127888,590.486521964781,697.419519504572,"2019-06-06",157,2019,"Yukon"
"2019_yk_019",19,NA,NA,1667.10251670957,740.349719228138,"2019-06-07",158,2019,"Yukon"
"2019_yk_020",20,0.724303859657757,0.00195341720178475,459.32547805751,638.761726687026,"2019-06-07",158,2019,"Yukon"
"2019_yk_024",24,0.707638708591173,0.0013913369263556,213.598185370203,334.249183954009,"2019-06-09",160,2019,"Yukon"
"2019_yk_025",25,0.710133880736513,0.00312865350296389,596.266040719057,752.505181470599,"2019-06-09",160,2019,"Yukon"
"2019_yk_027",27,0.720282248845282,0.0016959532218762,334.676066501179,456.784770962211,"2019-06-10",161,2019,"Yukon"
"2019_yk_028a",28,0.711181345585838,0.00419563031000144,827.620644957482,1001.84483921688,"2019-06-10",161,2019,"Yukon"
"2019_yk_029",29,0.716497393868399,0.00348329222352549,865.569837601867,1012.61815548791,"2019-06-10",161,2019,"Yukon"
"2019_yk_030",30,0.716657044621986,0.0028709408179749,725.786421782336,837.630321195862,"2019-06-11",162,2019,"Yukon"
"2019_yk_035a",35,0.709909370280281,0.00316101917708039,399.274161340763,530.446316957548,"2019-06-11",162,2019,"Yukon"
"2019_yk_036",36,0.712490942582763,0.00284568367675451,523.518173893756,785.358347187726,"2019-06-11",162,2019,"Yukon"
"2019_yk_036a",36,NA,NA,1896.71931103046,1267.15530295947,"2019-06-11",162,2019,"Yukon"
"2019_yk_041",41,NA,NA,1408.45700442247,413.92807488621,"2019-06-11",162,2019,"Yukon"
"2019_yk_042",42,0.718997842682579,0.00231023852290519,632.470768115336,722.776258353253,"2019-06-12",163,2019,"Yukon"
"2019_yk_043",43,0.734879837144976,0.00208772144628414,625.247510471723,709.41821945432,"2019-06-12",163,2019,"Yukon"
"2019_yk_047",47,0.710412931343258,0.00304776320726187,610.433376892081,759.347269538335,"2019-06-12",163,2019,"Yukon"
"2019_yk_051",51,0.716834032088994,0.00379577757424536,905.599473425639,1051.93545261284,"2019-06-13",164,2019,"Yukon"
"2019_yk_051a",51,0.715892851915007,0.00239407476373719,618.351528394481,725.846015652285,"2019-06-13",164,2019,"Yukon"
"2019_yk_052",52,0.711812439997549,0.00323638196699832,719.864239479189,946.558754270036,"2019-06-13",164,2019,"Yukon"
"2019_yk_053",53,0.715513189187422,0.00402027305904142,635.860118632784,860.541321061097,"2019-06-13",164,2019,"Yukon"
"2019_yk_053a",53,0.714202327804707,0.00276427276497502,372.347577002594,513.995760749081,"2019-06-13",164,2019,"Yukon"
"2019_yk_055",55,0.71463957927651,0.00361905306470459,411.944526108985,534.898323273805,"2019-06-13",164,2019,"Yukon"
"2019_yk_055a",55,0.715657021173439,0.0019854858846072,666.392819140056,845.581905204339,"2019-06-13",164,2019,"Yukon"
"2019_yk_057",57,0.724677399984281,0.00234377594404802,546.195076892953,686.768309978251,"2019-06-14",165,2019,"Yukon"
"2019_yk_060",60,0.71156082191945,0.00410376235300193,545.427757178796,699.356234630487,"2019-06-14",165,2019,"Yukon"
"2019_yk_061",61,0.716335243524315,0.00406051598024015,806.871049898737,974.778355421632,"2019-06-14",165,2019,"Yukon"
"2019_yk_061a",61,0.715921200226997,0.00225405221426372,1084.07087961533,1152.29981464739,"2019-06-14",165,2019,"Yukon"
"2019_yk_064",64,0.717303891099069,0.0022364983475427,490.129371086432,729.55259100758,"2019-06-14",165,2019,"Yukon"
"2019_yk_066",66,0.722785581568554,0.00264426519913854,892.759740300182,992.051815616614,"2019-06-14",165,2019,"Yukon"
"2019_yk_069",69,0.722654041130086,0.00336225975546676,682.642008896918,760.82844608072,"2019-06-15",166,2019,"Yukon"
"2019_yk_070",70,0.7150793471042,0.00322260619519494,562.305771096271,727.786613265952,"2019-06-15",166,2019,"Yukon"
"2019_yk_071",71,0.712518958552702,0.00280140587181363,605.352824171434,829.767366433605,"2019-06-16",167,2019,"Yukon"
"2019_yk_075",75,0.71609649347833,0.00368723501880774,444.377749266057,556.887650659168,"2019-06-16",167,2019,"Yukon"
"2019_yk_076a",76,0.711063910236559,0.00336319078329658,771.68386149427,940.825632878034,"2019-06-16",167,2019,"Yukon"
"2019_yk_081",81,0.725710350051463,0.00223850475528464,475.195318214797,602.599087956589,"2019-06-16",167,2019,"Yukon"
"2019_yk_081a",81,0.725355398418029,0.00148057745224113,654.775987798654,774.270371775924,"2019-06-16",167,2019,"Yukon"
"2019_yk_082",82,0.715147327912253,0.00400956445253794,667.490598772074,825.4646252546,"2019-06-16",167,2019,"Yukon"
"2019_yk_085",85,0.713942105639839,0.0040588982931348,755.232822466882,958.769241279493,"2019-06-16",167,2019,"Yukon"
"2019_yk_085a",85,0.714361655189184,0.00196007298333516,644.165120290239,788.846257993867,"2019-06-16",167,2019,"Yukon"
"2019_yk_087",87,0.726450619720665,0.00343465570801853,566.49810280037,725.965212479958,"2019-06-16",167,2019,"Yukon"
"2019_yk_088",88,0.715573612092106,0.00409269152689902,764.652390271622,878.351010799402,"2019-06-17",168,2019,"Yukon"
"2019_yk_090",90,0.715131787250731,0.00287309698447832,427.822663567019,562.740696266882,"2019-06-17",168,2019,"Yukon"
"2019_yk_092",92,0.70982637856202,0.00324703834891707,282.543167820347,533.276237481109,"2019-06-17",168,2019,"Yukon"
"2019_yk_102",102,0.71443462568377,0.00362958658835696,421.397329844489,602.974908199065,"2019-06-17",168,2019,"Yukon"
"2019_yk_102a",102,0.71473115347359,0.00253075546011261,433.934527275781,699.882427076967,"2019-06-17",168,2019,"Yukon"
"2019_yk_104",104,0.717460334170826,0.00389566370154758,548.728309606777,739.814878500504,"2019-06-17",168,2019,"Yukon"
"2019_yk_104a",104,0.716575610680473,0.00231944998919053,1109.13033302886,1234.99959760785,"2019-06-17",168,2019,"Yukon"
"2019_yk_108",108,0.721125358456007,0.00190861398932589,465.020793963371,680.362829232883,"2019-06-17",168,2019,"Yukon"
"2019_yk_114",114,0.720970731939533,0.00252315706860617,392.87777178876,588.798421006761,"2019-06-18",169,2019,"Yukon"
"2019_yk_115",115,0.709631849066692,0.00149147880400034,258.933412219827,467.214126657804,"2019-06-18",169,2019,"Yukon"
"2019_yk_116",116,0.713166039535265,0.00235042989303337,522.25020369254,707.98799567297,"2019-06-18",169,2019,"Yukon"
"2019_yk_116a",116,NA,NA,1138.17383697291,411.754742192287,"2019-06-18",169,2019,"Yukon"
"2019_yk_119",119,0.705703513689979,0.00131638821110386,575.442936976354,707.491171064629,"2019-06-18",169,2019,"Yukon"
"2019_yk_123",123,0.714173939858364,0.00240428251896585,611.706772444845,769.879626589292,"2019-06-18",169,2019,"Yukon"
"2019_yk_128",128,0.716853008889316,0.00262958993103673,563.906459408352,745.008141566695,"2019-06-18",169,2019,"Yukon"
"2019_yk_129",129,0.707515488490695,0.0012084163529232,251.823088159197,542.129063035219,"2019-06-18",169,2019,"Yukon"
"2019_yk_132",132,0.708944316292135,0.00164028068824746,753.235389921918,993.077393597696,"2019-06-18",169,2019,"Yukon"
"2019_yk_133",133,0.712771469351171,0.00209955419634132,609.77816889294,754.051454411504,"2019-06-18",169,2019,"Yukon"
"2019_yk_136",136,0.710165763908187,0.00215382729715307,651.52115877058,863.90098915665,"2019-06-18",169,2019,"Yukon"
"2019_yk_138",138,0.721171354994726,0.00154559801078802,726.273139980126,868.351039050808,"2019-06-18",169,2019,"Yukon"
"2019_yk_139",139,0.71564128618748,0.00166538572735346,520.999387254982,731.023937507375,"2019-06-18",169,2019,"Yukon"
"2019_yk_139a",139,0.724609203342267,0.00203393837758092,333.054766443132,504.445769490651,"2019-06-18",169,2019,"Yukon"
"2019_yk_140",140,0.71110155791249,0.00299715514957397,754.721023311751,873.137757131274,"2019-06-18",169,2019,"Yukon"
"2019_yk_141",141,NA,NA,1758.26883769533,757.47796670095,"2019-06-18",169,2019,"Yukon"
"2019_yk_145",145,0.71215598587402,0.00320176095812132,709.556046932923,908.991735665478,"2019-06-19",170,2019,"Yukon"
"2019_yk_147",147,0.717374903533576,0.00194365671306704,859.217963447321,1001.90992284424,"2019-06-19",170,2019,"Yukon"
"2019_yk_149",149,0.709492381427277,0.00222883039702544,537.012818610006,675.24143039855,"2019-06-19",170,2019,"Yukon"
"2019_yk_152",152,0.710697488472157,0.00168113062764265,711.96960461034,901.647236675991,"2019-06-19",170,2019,"Yukon"
"2019_yk_153",153,0.706900729849048,0.00160280468414137,660.676978304676,885.54618814479,"2019-06-19",170,2019,"Yukon"
"2019_yk_160",160,0.707895491855331,0.00107582096084248,958.41889949532,1238.36290414568,"2019-06-19",170,2019,"Yukon"
"2019_yk_161",161,0.714451379004776,0.00331898075484982,1232.77924665291,1462.42225733746,"2019-06-19",170,2019,"Yukon"
"2019_yk_165",165,0.713312910423551,0.00260267197581092,524.910008783588,699.813062418543,"2019-06-19",170,2019,"Yukon"
"2019_yk_168",168,0.707322657941698,0.00189595843743756,584.700083224456,722.541219852467,"2019-06-19",170,2019,"Yukon"
"2019_yk_168a",168,0.70702727350278,0.000826018860571169,351.162063390476,571.232319757398,"2019-06-19",170,2019,"Yukon"
"2019_yk_170",170,0.722092480535351,0.0021211659827294,787.165127552269,829.633535039122,"2019-06-19",170,2019,"Yukon"
"2019_yk_172",172,0.721624766702423,0.00209717693649109,717.417579270691,851.298137000751,"2019-06-19",170,2019,"Yukon"
"2019_yk_174",174,0.723953304514681,0.00227338852863825,587.653979942057,733.340799781803,"2019-06-20",171,2019,"Yukon"
"2019_yk_175",175,0.714290315411425,0.00271776756603035,636.849651584371,843.300842064621,"2019-06-20",171,2019,"Yukon"
"2019_yk_175a",175,0.714141808200882,0.00122090698699336,317.837698052166,508.972562887399,"2019-06-20",171,2019,"Yukon"
"2019_yk_176",176,0.710299770911539,0.00226580756118921,661.783676610936,891.917149641191,"2019-06-20",171,2019,"Yukon"
"2019_yk_181",181,0.711517445390041,0.00296161330782754,570.970764575776,691.62363332627,"2019-06-20",171,2019,"Yukon"
"2019_yk_183",183,0.71264297152129,0.0029999265434955,590.861924725634,765.292677782452,"2019-06-20",171,2019,"Yukon"
"2019_yk_185",185,0.709885453226248,0.00207178445642209,276.142402707874,456.138899843583,"2019-06-20",171,2019,"Yukon"
"2019_yk_186",186,0.714630377404777,0.00317686306194175,686.292569109336,927.918672843032,"2019-06-20",171,2019,"Yukon"
"2019_yk_186a",186,0.714852002786869,0.00248885106081467,721.830749539673,1004.43380839304,"2019-06-20",171,2019,"Yukon"
"2019_yk_187",187,0.705334201196387,0.00126751443271433,976.407202075922,1152.91061189176,"2019-06-20",171,2019,"Yukon"
"2019_yk_188",188,0.71572559682773,0.00248315568850962,643.100946944789,802.345684899697,"2019-06-20",171,2019,"Yukon"
"2019_yk_192",192,0.70997913462441,0.00444568778567621,1073.12619884795,1302.94911288866,"2019-06-20",171,2019,"Yukon"
"2019_yk_195",195,0.718555417752694,0.00269614983117244,706.360124517659,892.556842044829,"2019-06-21",172,2019,"Yukon"
"2019_yk_196",196,0.718110749914985,0.0029199716581153,644.638552011874,724.816839169085,"2019-06-21",172,2019,"Yukon"
"2019_yk_199",199,0.717133932339562,0.00237109318470909,707.658432560339,852.324553270746,"2019-06-21",172,2019,"Yukon"
"2019_yk_200",200,0.73474586659141,0.0021157316523954,628.461654155744,739.181099150589,"2019-06-21",172,2019,"Yukon"
"2019_yk_201",201,0.720456197844027,0.00139853284124049,669.536937808973,819.632814763434,"2019-06-06",157,2019,"Yukon"
"2019_yk_206",206,0.71509659369072,0.00356330793632316,894.737281525664,1209.03267486828,"2019-06-06",157,2019,"Yukon"
"2019_yk_206a",206,0.71465370088461,0.00295497563961054,798.368480766548,1152.76493443443,"2019-06-06",157,2019,"Yukon"
"2019_yk_208",208,0.719187703715028,0.00239206048866555,779.002600205694,844.273104083515,"2019-06-06",157,2019,"Yukon"
"2019_yk_209",209,0.712580742578976,0.0023456442638661,736.063149595646,995.406622532153,"2019-06-06",157,2019,"Yukon"
"2019_yk_216",216,0.706643632294044,0.00150730769303021,860.018035889613,973.218958307725,"2019-06-07",158,2019,"Yukon"
"2019_yk_220",220,0.717198183121705,0.00264333392968036,770.228979359856,864.854782850396,"2019-06-07",158,2019,"Yukon"
"2019_yk_221a",221,NA,NA,1560.77683484094,640.982666002405,"2019-06-07",158,2019,"Yukon"
"2019_yk_222",222,0.71228968050968,0.0019199070174093,849.504644978547,1001.51954115908,"2019-06-07",158,2019,"Yukon"
"2019_yk_223",223,0.712209414398701,0.00329663101460748,723.072427456505,938.590681408521,"2019-06-07",158,2019,"Yukon"
"2019_yk_223a",223,NA,NA,2019.12226619399,1167.63844586411,"2019-06-07",158,2019,"Yukon"
"2019_yk_224",224,0.713705945559318,0.00118757027492089,690.204399109117,883.697560835005,"2019-06-07",158,2019,"Yukon"
"2019_yk_225",225,0.723234617283367,0.00132040782262514,790.21790359741,878.81224141016,"2019-06-08",159,2019,"Yukon"
"2019_yk_227_redo",227,0.717857325263108,0.00281781282239493,554.139809304384,776.812491672299,"2019-06-08",159,2019,"Yukon"
"2019_yk_230",230,0.71838990209312,0.000897626265618301,474.921596759519,553.639233640165,"2019-06-11",162,2019,"Yukon"
"2019_yk_231",231,NA,NA,1643.71051055085,1111.15428050715,"2019-06-12",163,2019,"Yukon"
"2019_yk_234",234,NA,NA,1275.21012053907,740.321575563331,"2019-06-12",163,2019,"Yukon"
"2019_yk_236",236,0.71466509393009,0.001308860503644,1013.2079802887,1133.82287797628,"2019-06-13",164,2019,"Yukon"
"2019_yk_239_redo",239,0.72183512870459,0.00164944649866583,930.576102496089,1048.09319708344,"2019-06-14",165,2019,"Yukon"
"2019_yk_242",242,0.706561573188856,0.000656928196974577,432.788863030998,600.778678527028,"2019-06-14",165,2019,"Yukon"
"2019_yk_243",243,0.715153791548372,0.00141781165605257,546.362349978022,672.949396776757,"2019-06-14",165,2019,"Yukon"
"2019_yk_244",244,0.707131668400273,0.000482775852725151,435.645997995163,564.713715151183,"2019-06-14",165,2019,"Yukon"
"2019_yk_249",249,NA,NA,3448.1186531194,1296.79953845098,"2019-06-15",166,2019,"Yukon"
"2019_yk_251",251,0.71132938613319,0.00145126835284533,400.79423165679,541.786999902977,"2019-06-15",166,2019,"Yukon"
"2019_yk_253",253,0.721745016887876,0.00112538705972474,1162.94393441029,1294.45074411063,"2019-06-15",166,2019,"Yukon"
"2019_yk_254",254,0.718895742444615,0.0011268796769316,931.450982526155,1087.31768737427,"2019-06-15",166,2019,"Yukon"
"2019_yk_256",256,0.705907697751386,0.000784024720573177,857.482576894682,1017.72257191962,"2019-06-15",166,2019,"Yukon"
"2019_yk_257",257,0.711019077958234,0.00157323641465825,900.170364378639,1144.48586799623,"2019-06-15",166,2019,"Yukon"
"2019_yk_259",259,NA,NA,1768.7959583463,351.091788840137,"2019-06-15",166,2019,"Yukon"
"2019_yk_260",260,NA,NA,787.945807688477,263.152149758369,"2019-06-15",166,2019,"Yukon"
"2019_yk_261",261,0.716901254627251,0.00124626564411508,610.333560011926,758.216996379428,"2019-06-15",166,2019,"Yukon"
"2019_yk_262",262,0.722954286073744,0.0011306348263835,414.77192275033,591.429938578298,"2019-06-15",166,2019,"Yukon"
"2019_yk_266",266,0.714811982497998,0.001523898967498,687.864643072071,842.002657116356,"2019-06-16",167,2019,"Yukon"
"2019_yk_268",268,0.715817254846012,0.00156158160138948,662.399855129102,791.018615394742,"2019-06-16",167,2019,"Yukon"
"2019_yk_272",272,0.706964174333518,0.00067219071665609,1084.5256943951,1232.12659644351,"2019-06-16",167,2019,"Yukon"
"2019_yk_273_redo",273,0.723694872337573,0.00147219385273689,1046.47410573,1203.51422885498,"2019-06-16",167,2019,"Yukon"
"2019_yk_273",273,0.723512544608149,0.00111280065805162,1227.01380792981,1436.26764913202,"2019-06-16",167,2019,"Yukon"
"2019_yk_275",275,0.70638446378856,0.00140828137231529,198.409785112642,761.613544290292,"2019-06-16",167,2019,"Yukon"
"2019_yk_277",277,0.715133241012956,0.00177135518647927,591.139809614892,752.30172445905,"2019-06-16",167,2019,"Yukon"
"2019_yk_279",279,0.715816299901489,0.00144359177476616,872.501938355493,1119.18627524927,"2019-06-16",167,2019,"Yukon"
"2019_yk_280",280,0.717436785675603,0.001780264438047,720.781388459868,819.829084197209,"2019-06-16",167,2019,"Yukon"
"2019_yk_283",283,0.72013003718079,0.000574246458532712,984.49456510477,1040.30336137799,"2019-06-16",167,2019,"Yukon"
"2019_yk_284",284,0.71124337217319,0.00143072975038894,659.706147042926,793.27411976953,"2019-06-16",167,2019,"Yukon"
"2019_yk_285_redo",285,0.711835348834973,0.00208045631405203,898.168293980742,1099.60069178051,"2019-06-16",167,2019,"Yukon"
"2019_yk_286",286,0.720827794401387,0.00148046122171235,255.103624941184,506.354530399338,"2019-06-16",167,2019,"Yukon"
"2019_yk_287",287,0.719705393932478,0.00172283154100711,677.298567649391,821.342846804312,"2019-06-16",167,2019,"Yukon"
"2019_yk_288",288,0.716439676277438,0.00112314512181916,949.268186516807,1054.89040871572,"2019-06-16",167,2019,"Yukon"
"2019_yk_289",289,0.712470705952571,0.00194586987813427,764.482169486653,914.099422918461,"2019-06-16",167,2019,"Yukon"
"2019_yk_290",290,0.707538310234145,0.000817639408522063,686.651911623383,800.256656462626,"2019-06-16",167,2019,"Yukon"
"2019_yk_291",291,0.710367452451055,0.00148685660876794,549.010229198006,830.414511204785,"2019-06-16",167,2019,"Yukon"
"2019_yk_292",292,0.716929515791952,0.00137578881298827,883.588115143419,1010.85259086284,"2019-06-16",167,2019,"Yukon"
"2019_yk_293",293,0.71476928327125,0.00155585135121064,229.51490145526,523.713160749312,"2019-06-16",167,2019,"Yukon"
"2019_yk_295_redo",295,0.707669506731007,0.00139998248990849,923.497088195663,1114.34572847218,"2019-06-17",168,2019,"Yukon"
"2019_yk_296",296,0.714638184123934,0.00138899283621453,839.60465792633,1049.83811025048,"2019-06-17",168,2019,"Yukon"
"2019_yk_297",297,NA,NA,NA,NA,"2019-06-17",168,2019,"Yukon"
"2019_yk_298",298,0.715197200672541,0.00156157858294818,767.893591398305,933.609556935169,"2019-06-17",168,2019,"Yukon"
"2019_yk_300",300,0.72360773183045,0.00112966157468382,734.909066526542,785.605695368247,"2019-06-17",168,2019,"Yukon"
"2019_yk_301",301,0.722728498602889,0.0012149649409498,823.833083217708,967.442014284483,"2019-06-17",168,2019,"Yukon"
"2019_yk_302",302,0.710837594042244,0.00206571403423407,501.906310235131,640.802588228973,"2019-06-17",168,2019,"Yukon"
"2019_yk_303",303,0.722411388990184,0.00118295886383912,1038.86521992644,1253.3072319117,"2019-06-17",168,2019,"Yukon"
"2019_yk_307",307,0.710709543898619,0.00185709928964326,722.91650638849,864.977401413846,"2019-06-17",168,2019,"Yukon"
"2019_yk_308",308,0.710144759499143,0.00155158077597619,768.338844460478,1002.37278388802,"2019-06-17",168,2019,"Yukon"
"2019_yk_311",311,0.7339949149328,0.00137887244157773,770.203001889382,893.177148248871,"2019-06-17",168,2019,"Yukon"
"2019_yk_313",313,0.724944271811937,0.00179818326231344,853.717820932557,929.265848104552,"2019-06-17",168,2019,"Yukon"
"2019_yk_314",314,0.715086162046208,0.00329287781089433,958.380760302137,1263.2707458498,"2019-06-17",168,2019,"Yukon"
"2019_yk_318",318,0.71385050768801,0.00250538179429041,1128.89655920625,1272.68436949028,"2019-06-18",169,2019,"Yukon"
"2019_yk_319",319,0.720335894392791,0.00149795815137991,872.753278087541,948.601261071879,"2019-06-18",169,2019,"Yukon"
"2019_yk_328",328,0.711201874566293,0.00210208533717536,864.234659818103,1076.72538106998,"2019-06-18",169,2019,"Yukon"
"2019_yk_330",330,0.724890211744897,0.00131936325628655,800.400890912539,888.691098433734,"2019-06-18",169,2019,"Yukon"
"2019_yk_332",332,0.707590458332093,0.000818354452241464,641.089940422742,885.825975510263,"2019-06-18",169,2019,"Yukon"
"2019_yk_333",333,NA,NA,2383.65332648255,1143.0140453783,"2019-06-18",169,2019,"Yukon"
"2019_yk_334",334,NA,NA,1556.73714375562,968.88954135414,"2019-06-18",169,2019,"Yukon"
"2019_yk_340",340,0.715164868912087,0.00281542717364734,525.822171798389,754.840223982979,"2019-06-18",169,2019,"Yukon"
"2019_yk_342",342,0.707170060734688,0.00122653514154642,216.652037212695,308.940366114894,"2019-06-18",169,2019,"Yukon"
"2019_yk_344",344,0.716350654742699,0.0025603472713746,997.733931473258,1146.76036807909,"2019-06-18",169,2019,"Yukon"
"2019_yk_345",345,0.714553982451042,0.0025785298560925,340.057032393775,466.45458566611,"2019-06-18",169,2019,"Yukon"
"2019_yk_346",346,0.720070086656652,0.00121632250103276,592.431885488495,755.124030828737,"2019-06-18",169,2019,"Yukon"
"2019_yk_348",348,0.707520020445639,0.000891678203686398,739.734464819491,851.084384192834,"2019-06-19",170,2019,"Yukon"
"2019_yk_349",349,NA,NA,1095.74078308445,548.751391349938,"2019-06-19",170,2019,"Yukon"
"2019_yk_351_redo",351,0.709733703221609,0.00155368961516933,363.85141382968,763.740824323406,"2019-06-19",170,2019,"Yukon"
"2019_yk_352",352,0.707036204498157,0.000937418613373346,814.428280776666,954.13851542534,"2019-06-19",170,2019,"Yukon"
"2019_yk_354",354,0.713680329192139,0.00198847020439585,749.296728488914,851.760790184162,"2019-06-19",170,2019,"Yukon"
"2019_yk_355",355,0.717847974499635,0.00130544440390061,723.430717874762,908.025832443253,"2019-06-19",170,2019,"Yukon"
"2019_yk_357",357,0.715720958556186,0.00216532471945606,743.801762867656,941.438050684485,"2019-06-19",170,2019,"Yukon"
"2019_yk_358",358,0.721679840461497,0.00151535904514479,779.279908966056,934.189222053591,"2019-06-19",170,2019,"Yukon"
"2019_yk_360",360,0.707197438527739,0.00093718601054365,886.368525002609,981.13096198077,"2019-06-19",170,2019,"Yukon"
"2019_yk_363_redo",363,0.705408405776638,0.00095718792942688,292.269811490684,528.481482102022,"2019-06-19",170,2019,"Yukon"
"2019_yk_365",365,NA,NA,1756.95333864522,1046.89219112877,"2019-06-19",170,2019,"Yukon"
"2019_yk_368",368,0.722257175167576,0.00175850612791108,793.548822212678,892.058694746156,"2019-06-19",170,2019,"Yukon"
"2019_yk_374",374,0.712017323569843,0.00158169076401232,813.889957214265,945.55571995109,"2019-06-19",170,2019,"Yukon"
"2019_yk_376",376,0.707158685669137,0.00134502217206022,845.395129021837,1018.94058635706,"2019-06-19",170,2019,"Yukon"
"2019_yk_377_redo",377,0.71129264246976,0.00269608949910335,953.284925604945,1243.13978955931,"2019-06-19",170,2019,"Yukon"
"2019_yk_379",379,0.707765342323694,0.000868926912976155,918.265274083231,1082.98703451883,"2019-06-20",171,2019,"Yukon"
"2019_yk_380",380,NA,NA,2113.07354585157,1262.61388111981,"2019-06-20",171,2019,"Yukon"
"2019_yk_381",381,0.709281378630024,0.0010832974898615,190.867341478636,486.180938128767,"2019-06-20",171,2019,"Yukon"
"2019_yk_382_redo",382,0.716044892235144,0.00160941901781466,871.676233904284,1038.71244250088,"2019-06-20",171,2019,"Yukon"
"2019_yk_383",383,0.715859924298277,0.00307510728835132,970.062415080874,1190.8211209936,"2019-06-20",171,2019,"Yukon"
"2019_yk_384",384,0.711195723953419,0.00182689587494753,947.944545940415,1127.74614499064,"2019-06-20",171,2019,"Yukon"
"2019_yk_385",385,0.711181954809142,0.00247425120046019,970.76768100976,1205.32398693613,"2019-06-20",171,2019,"Yukon"
"2019_yk_387",387,0.716782012216454,0.0024138960819235,930.198727924524,1083.62269451647,"2019-06-20",171,2019,"Yukon"
"2019_yk_388",388,0.7127198317663,0.00303681661931967,897.470076101101,1059.1211397215,"2019-06-20",171,2019,"Yukon"
"2019_yk_388a",388,0.712939604495337,0.00243343609979464,523.604074365914,762.255544400058,"2019-06-20",171,2019,"Yukon"
"2019_yk_390",390,0.722016862306084,0.0017438648143338,264.785002152667,459.223460781366,"2019-06-20",171,2019,"Yukon"
"2019_yk_392",392,0.705701607889189,0.001376190886288,697.938423585195,896.979262243941,"2019-06-20",171,2019,"Yukon"
"2019_yk_395",395,0.716154337063533,0.0025211063951715,749.373796063318,943.575578418567,"2019-06-21",172,2019,"Yukon"
"2019_yk_402",402,0.714510460216972,0.00256119075502605,859.968090277083,973.208620153966,"2019-06-21",172,2019,"Yukon"
"2019_yk_406",406,0.709911095468726,0.00207781984065009,245.02226321462,508.588550267255,"2019-06-21",172,2019,"Yukon"
"2019_yk_407",407,0.706504739430282,0.00139909506286095,1281.46293204119,1339.92106989578,"2019-06-21",172,2019,"Yukon"
"2019_yk_408",408,0.710858741555822,0.00144124288359318,568.055141918045,761.84675664376,"2019-06-21",172,2019,"Yukon"
"2019_yk_409",409,0.710639251848438,0.00135615813439206,405.459255397144,738.790641304371,"2019-06-21",172,2019,"Yukon"
"2019_yk_410",410,0.721741930401918,0.000857348114583811,983.715216930485,1088.18927366879,"2019-06-21",172,2019,"Yukon"
"2019_yk_415",415,0.716169180717775,0.00146431359223588,806.510461040273,995.7019332568,"2019-06-21",172,2019,"Yukon"
"2019_yk_417",417,0.711554539249471,0.00134886595338016,1003.46938056189,1224.94957006593,"2019-06-21",172,2019,"Yukon"
"2019_yk_418",418,0.721371827458873,0.00162951980235825,918.047784278383,995.323851035454,"2019-06-21",172,2019,"Yukon"
"2019_yk_419",419,0.724805502994201,0.000929430885627194,883.895707710337,985.485566666755,"2019-06-21",172,2019,"Yukon"
"2019_yk_420",420,0.72484608873365,0.00115478728721451,870.034535486604,924.739254365675,"2019-06-21",172,2019,"Yukon"
"2019_yk_421",421,NA,NA,2431.65441901291,1248.96797453544,"2019-06-21",172,2019,"Yukon"
"2019_yk_423",423,0.710466299665997,0.0025824429641953,830.442596907201,1032.87409229787,"2019-06-22",173,2019,"Yukon"
"2019_yk_425",425,0.715863473747505,0.00159352694807587,673.024686737237,796.47831377911,"2019-06-22",173,2019,"Yukon"
"2019_yk_427",427,0.716276988961943,0.00123600754943329,767.495790395515,939.134724112442,"2019-06-22",173,2019,"Yukon"
"2019_yk_428",428,0.715474792923965,0.00103451777660713,1033.16147224566,1099.73606673165,"2019-06-22",173,2019,"Yukon"
"2019_yk_431",431,0.711124054297483,0.00173018247171898,599.784868798261,730.595570174939,"2019-06-22",173,2019,"Yukon"
"2019_yk_433",433,0.715800575011766,0.00155667105002758,758.642543856704,998.982796673407,"2019-06-22",173,2019,"Yukon"
"2019_yk_435",435,0.722892884282891,0.0012977699915583,828.703115799738,919.121834611825,"2019-06-22",173,2019,"Yukon"
"2019_yk_437",437,0.724848675466714,0.00101793693208231,293.411080811212,370.2479311294,"2019-06-22",173,2019,"Yukon"
"2019_yk_440",440,0.712754870915418,0.00188314914257491,745.099934931196,960.383638811174,"2019-06-22",173,2019,"Yukon"
"2019_yk_441",441,0.718313690700336,0.00189102098962857,627.549964600249,750.326407624219,"2019-06-22",173,2019,"Yukon"
"2019_yk_444",444,0.7112544767243,0.00216053055437186,851.278078370697,1123.691350351,"2019-06-22",173,2019,"Yukon"
"2019_yk_446",446,NA,NA,2109.61577563477,1025.6162016094,"2019-06-22",173,2019,"Yukon"
"2019_yk_448",448,0.711277139825026,0.0022145514909364,720.02108188519,943.209256776163,"2019-06-22",173,2019,"Yukon"
"2019_yk_449",449,0.720145764761694,0.00142205175338622,495.248731040126,585.537617982722,"2019-06-22",173,2019,"Yukon"
"2019_yk_450",450,0.711290878548606,0.002190616561951,601.430360957167,763.478233873619,"2019-06-22",173,2019,"Yukon"
"2019_yk_453",453,0.706228588218788,0.00094966737923277,237.515119347975,499.768527122207,"2019-06-23",174,2019,"Yukon"
"2019_yk_454",454,0.712019871466866,0.00194201571295592,795.668170778722,1018.12538879356,"2019-06-23",174,2019,"Yukon"
"2019_yk_455",455,0.705777520814881,0.0011475919055752,660.015211216103,854.364002031311,"2019-06-23",174,2019,"Yukon"
"2019_yk_458",458,0.707316338476542,0.00121352025031832,746.894763451376,893.815475856846,"2019-06-23",174,2019,"Yukon"
"2019_yk_459",459,0.70785165860874,0.000793402007163298,668.877890481614,793.070405910127,"2019-06-23",174,2019,"Yukon"
"2019_yk_461",461,0.707929312268294,0.000916823806805033,583.902103687816,766.229680109712,"2019-06-23",174,2019,"Yukon"
"2019_yk_462",462,0.708662775071368,0.00102617565454244,452.725711658292,715.481960500583,"2019-06-23",174,2019,"Yukon"
"2019_yk_463",463,0.706852747702447,0.00129309401765127,561.525681698601,811.374273835697,"2019-06-23",174,2019,"Yukon"
"2019_yk_466",466,0.707814183518865,0.00107369246387133,575.605089364879,698.849235473881,"2019-06-23",174,2019,"Yukon"
"2019_yk_468",468,0.706979867917491,0.00207821772951198,338.932174154004,585.371129593683,"2019-06-23",174,2019,"Yukon"
"2019_yk_469",469,0.711151840496918,0.00296638727033264,830.351746140158,981.842594898235,"2019-06-23",174,2019,"Yukon"
"2019_yk_470",470,0.705636629248149,0.00166748219842576,935.866585456949,1096.99975762023,"2019-06-23",174,2019,"Yukon"
"2019_yk_473",473,0.70652255537943,0.00131458788860615,906.539629608354,968.56861698159,"2019-06-23",174,2019,"Yukon"
"2019_yk_475",475,0.704490398903522,0.00159425790303425,951.191621401808,1087.98788588285,"2019-06-23",174,2019,"Yukon"
"2019_yk_477",477,0.707252239877407,0.00148157087088221,644.169919084187,794.493060252966,"2019-06-23",174,2019,"Yukon"
"2019_yk_481",481,0.70684251147987,0.00188143544179603,994.674255817901,1156.10717785255,"2019-06-23",174,2019,"Yukon"
"2019_yk_482_redo",482,0.707032607905141,0.00181793699850736,749.840897533129,1101.9644530231,"2019-06-24",175,2019,"Yukon"
"2019_yk_482",482,0.707294796604045,0.00235921516965541,760.617098197947,954.381456357388,"2019-06-24",175,2019,"Yukon"
"2019_yk_487",487,0.707062935211766,0.00233278468802084,740.974727895572,899.212052696981,"2019-06-24",175,2019,"Yukon"
"2019_yk_488",488,0.707340224143896,0.001487360790719,814.951032247726,1078.33618029836,"2019-06-24",175,2019,"Yukon"
"2019_yk_490",490,0.713138630650679,0.00470462523960319,766.739618891706,1036.82461126988,"2019-06-24",175,2019,"Yukon"
"2019_yk_490a",490,0.713563280323613,0.0022573902653545,218.960621888591,420.456744505035,"2019-06-24",175,2019,"Yukon"
"2019_yk_491",491,0.710252807921787,0.00193189606053841,842.871383741835,962.589169148658,"2019-06-24",175,2019,"Yukon"
"2019_yk_492",492,0.707491893969106,0.00081557120605741,885.130875849344,1032.69648963347,"2019-06-24",175,2019,"Yukon"
"2019_yk_493",493,0.71542365141967,0.00284045946552913,786.184532324643,942.577739188999,"2019-06-24",175,2019,"Yukon"
"2019_yk_499",499,0.708285691925672,0.00203929386955221,710.749392164199,808.060966524708,"2019-06-24",175,2019,"Yukon"
"2019_yk_500",500,0.710397430034078,0.00208281887324671,986.702531782609,1207.01551463485,"2019-06-24",175,2019,"Yukon"
