...1,Fish_id,OtoNum,natal_iso,natal_isose,natal_start,natal_end,Date,DOY,Year,Watershed,dailyCPUEprop,OtoPropDaily,COratio,Strat,Quartile
2,2021_k_199,99,0.70804368450641,0.00133628186405925,1408.62993417847,1874.92934222581,21-06-18,169,2021,Kusko,0.03653820965050655,0.02843601895734597,1.2849270393761472,1.0269649341302045,Q2
4,2021_kk_003_R2,3,0.706716384268812,0.00118313532682043,799.843924766831,1129.36113911106,21-06-02,153,2021,Kusko,0.003350474856252289,0.004739336492890996,0.7069501946692329,1.0969410386029117,Q1
5,2021_kk_005_R2,5,0.709100996742932,0.00117314641552159,255.506758282901,555.231048443599,21-06-04,155,2021,Kusko,0.008992180959811386,0.009478672985781991,0.9486750912601011,1.0969410386029117,Q1
6,2021_kk_006_R2,6,0.705512313272522,0.00101440800192335,695.9206234424,879.310237469786,21-06-04,155,2021,Kusko,0.008992180959811386,0.009478672985781991,0.9486750912601011,1.0969410386029117,Q1
9,2021_kk_011_R1,11,0.709379106880524,0.00134593943251875,508.474174304538,613.378831356628,21-06-08,159,2021,Kusko,0.008542287168915185,0.018957345971563982,0.450605648160276,1.0884229229428746,Q1
10,2021_kk_011_R2,11,0.709237734573799,0.0011148555965656,706.743520641688,938.82319154068,21-06-08,159,2021,Kusko,0.008542287168915185,0.018957345971563982,0.450605648160276,1.0884229229428746,Q1
11,2021_kk_012_R1,12,0.709596222515094,0.0011113785687152,288.236015939157,448.32023609779,21-06-08,159,2021,Kusko,0.008542287168915185,0.018957345971563982,0.450605648160276,1.0884229229428746,Q1
13,2021_kk_013_R2,13,0.709703645464231,0.00118651054082925,696.626221849023,978.060843970722,21-06-08,159,2021,Kusko,0.008542287168915185,0.018957345971563982,0.450605648160276,1.0884229229428746,Q1
14,2021_kk_014_R1,14,0.709775743652297,0.00105313137054568,184.81457819209,364.932335599973,21-06-07,158,2021,Kusko,0.005937838725414823,0.004739336492890996,1.2528839710625275,1.0884229229428746,Q1
15,2021_kk_018_R1,18,0.709218414945595,9.2686983029719e-4,775.525847751033,1002.53757843428,21-06-09,160,2021,Kusko,0.03717983033119396,0.014218009478672985,2.6149813999606417,1.0884229229428746,Q1
16,2021_kk_021_R1,21,0.713685632950033,0.00151362340482645,607.234249130939,683.93579622888,21-06-09,160,2021,Kusko,0.03717983033119396,0.014218009478672985,2.6149813999606417,1.0884229229428746,Q1
17,2021_kk_022_R1,22,0.710469510102934,0.00138376574318913,503.123811375589,674.246467767364,21-06-09,160,2021,Kusko,0.03717983033119396,0.014218009478672985,2.6149813999606417,1.0884229229428746,Q1
18,2021_kk_030,30,0.709546039331215,0.00172312613014847,483.002852578139,619.784840340275,21-06-10,161,2021,Kusko,0.04633146731815843,0.05687203791469194,0.8146616336776191,1.0884229229428746,Q1
19,2021_kk_031,31,0.709632068547361,0.00105127046555082,747.92880185067,864.493096604575,21-06-10,161,2021,Kusko,0.04633146731815843,0.05687203791469194,0.8146616336776191,1.0884229229428746,Q1
20,2021_kk_033,33,0.709273999197776,0.00122839205116386,232.231848550104,516.860643016142,21-06-10,161,2021,Kusko,0.04633146731815843,0.05687203791469194,0.8146616336776191,1.0884229229428746,Q1
22,2021_kk_034a,34,0.71142176266361,0.00151556523318156,627.517890869233,815.162156374211,21-06-10,161,2021,Kusko,0.04633146731815843,0.05687203791469194,0.8146616336776191,1.0884229229428746,Q1
23,2021_kk_035,35,0.709188023239889,0.00108957313347963,674.983122174112,815.333499295141,21-06-10,161,2021,Kusko,0.04633146731815843,0.05687203791469194,0.8146616336776191,1.0884229229428746,Q1
24,2021_kk_036,36,0.709375077856112,0.00136881399053345,727.645762536185,1001.72254778487,21-06-11,162,2021,Kusko,0.022086558046739597,0.023696682464454975,0.9320527495724111,1.0689415003383922,Q1
25,2021_kk_037,37,0.709485422963447,0.00183372234572374,679.238414203059,801.147277995215,21-06-10,161,2021,Kusko,0.04633146731815843,0.05687203791469194,0.8146616336776191,1.0884229229428746,Q1
26,2021_kk_038_R1,38,0.710593928994762,0.00175547275559633,601.739553237563,749.8879243198,21-06-11,162,2021,Kusko,0.022086558046739597,0.023696682464454975,0.9320527495724111,1.0689415003383922,Q1
28,2021_kk_039,39,0.705906023870271,7.7270151142649e-4,662.475895944787,853.198299969905,21-06-10,161,2021,Kusko,0.04633146731815843,0.05687203791469194,0.8146616336776191,1.0884229229428746,Q1
29,2021_kk_041,41,0.708187311216615,0.00207686577583401,349.426988762538,559.597434280433,21-06-10,161,2021,Kusko,0.04633146731815843,0.05687203791469194,0.8146616336776191,1.0884229229428746,Q1
30,2021_kk_043,43,0.709199728395582,0.00104949713188911,517.001420756721,728.204587904089,21-06-10,161,2021,Kusko,0.04633146731815843,0.05687203791469194,0.8146616336776191,1.0884229229428746,Q1
31,2021_kk_044_R1,44,0.709943902323389,0.00164018187197729,480.554163069247,708.580080694258,21-06-10,161,2021,Kusko,0.04633146731815843,0.05687203791469194,0.8146616336776191,1.0884229229428746,Q1
32,2021_kk_045,45,0.711324756599331,0.00192216523900176,400.600570776535,577.496531919634,21-06-10,161,2021,Kusko,0.04633146731815843,0.05687203791469194,0.8146616336776191,1.0884229229428746,Q1
33,2021_kk_047,47,0.708466199584963,6.9386131671136e-4,537.51336249568806,752.889478213494,21-06-10,161,2021,Kusko,0.04633146731815843,0.05687203791469194,0.8146616336776191,1.0884229229428746,Q1
34,2021_kk_049_R1,49,0.709478574864079,8.7488962424116e-4,521.146728360078,607.473088314423,21-06-12,163,2021,Kusko,0.024958664821532636,0.014218009478672985,1.7554260924477953,1.0689415003383922,Q1
38,2021_kk_053,53,0.707777924591122,9.2263220949001e-4,329.914212623751,621.531875660107,21-06-11,162,2021,Kusko,0.022086558046739597,0.023696682464454975,0.9320527495724111,1.0689415003383922,Q1
39,2021_kk_054,54,0.708522359826769,0.00113862148755103,271.684682322293,598.758189931172,21-06-11,162,2021,Kusko,0.022086558046739597,0.023696682464454975,0.9320527495724111,1.0689415003383922,Q1
40,2021_kk_055_R1,55,0.709161939096827,0.00106152489055001,373.637114396535,527.032995092339,21-06-11,162,2021,Kusko,0.022086558046739597,0.023696682464454975,0.9320527495724111,1.0689415003383922,Q1
41,2021_kk_057,57,0.707666992512828,7.6018634367892e-4,664.535640180295,833.64913642485806,21-06-13,164,2021,Kusko,0.021141211600046318,0.023696682464454975,0.8921591295219546,1.0689415003383922,Q2
42,2021_kk_058,58,0.709191463570272,0.0011344032150545,297.753882918384,581.144916467961,21-06-13,164,2021,Kusko,0.021141211600046318,0.023696682464454975,0.8921591295219546,1.0689415003383922,Q2
44,2021_kk_061,61,0.706953620500488,0.00162521617668162,517.902430516835,757.609387007092,21-06-12,163,2021,Kusko,0.024958664821532636,0.014218009478672985,1.7554260924477953,1.0689415003383922,Q1
45,2021_kk_062_R1,62,0.709185004531085,6.9643362938238e-4,397.294101055267,722.878471741433,21-06-12,163,2021,Kusko,0.024958664821532636,0.014218009478672985,1.7554260924477953,1.0689415003383922,Q1
47,2021_kk_065,65,0.709079695315498,9.4578872605465e-4,252.576477397617,605.655387502321,21-06-13,164,2021,Kusko,0.021141211600046318,0.023696682464454975,0.8921591295219546,1.0689415003383922,Q2
49,2021_kk_067,67,0.709084117755076,0.00103967052439177,259.931160306429,515.937276261596,21-06-13,164,2021,Kusko,0.021141211600046318,0.023696682464454975,0.8921591295219546,1.0689415003383922,Q2
50,2021_kk_068,68,0.709214113305406,0.00116248805340902,360.167578016209,518.567495999971,21-06-13,164,2021,Kusko,0.021141211600046318,0.023696682464454975,0.8921591295219546,1.0689415003383922,Q2
51,2021_kk_070,70,0.709154552681358,0.0012082087040232,242.119692471201,434.559443848637,21-06-14,165,2021,Kusko,0.023398273698677464,0.023696682464454975,0.987407150084189,1.0689415003383922,Q2
52,2021_kk_071,71,0.705824457903131,9.5096132497245e-4,627.59468497324,896.146869810161,21-06-14,165,2021,Kusko,0.023398273698677464,0.023696682464454975,0.987407150084189,1.0689415003383922,Q2
53,2021_kk_072,72,0.705521259523431,8.905309961305e-4,960.703211669183,1191.45933888688,21-06-14,165,2021,Kusko,0.023398273698677464,0.023696682464454975,0.987407150084189,1.0689415003383922,Q2
54,2021_kk_074,74,0.708378785969217,0.00192772825187973,462.751598250467,663.919584536895,21-06-14,165,2021,Kusko,0.023398273698677464,0.023696682464454975,0.987407150084189,1.0689415003383922,Q2
56,2021_kk_077,77,0.708006999675296,0.00119189766573188,1048.81769633533,1346.50241387626,21-06-14,165,2021,Kusko,0.023398273698677464,0.023696682464454975,0.987407150084189,1.0689415003383922,Q2
57,2021_kk_081,81,0.710965883033396,0.0014476288492554,502.732247095374,599.935663482466,21-06-15,166,2021,Kusko,0.01480283452071125,0.014218009478672985,1.041132694623358,1.0689415003383922,Q2
58,2021_kk_082,82,0.707170306396466,0.00117182441293469,639.140500013441,844.020767174241,21-06-15,166,2021,Kusko,0.01480283452071125,0.014218009478672985,1.041132694623358,1.0689415003383922,Q2
59,2021_kk_083_R1,83,0.710152491157073,9.3067824050091e-4,1184.75443013246,1397.88470386364,21-06-15,166,2021,Kusko,0.01480283452071125,0.014218009478672985,1.041132694623358,1.0689415003383922,Q2
61,2021_kk_085,85,0.709708375889893,0.00158207753309732,549.219529984896,868.358410144946,21-06-16,167,2021,Kusko,0.021184872178909662,0.023696682464454975,0.8940016059499878,1.0269649341302045,Q2
62,2021_kk_086,86,0.709130624320166,0.00117763509998956,248.924251527432,516.557460944472,21-06-16,167,2021,Kusko,0.021184872178909662,0.023696682464454975,0.8940016059499878,1.0269649341302045,Q2
63,2021_kk_087,87,0.706531907444911,0.00134627003685016,410.330240228508,672.340470673663,21-06-16,167,2021,Kusko,0.021184872178909662,0.023696682464454975,0.8940016059499878,1.0269649341302045,Q2
64,2021_kk_088,88,0.706692189311994,9.2380255687641e-4,273.581524865673,540.140434840281,21-06-16,167,2021,Kusko,0.021184872178909662,0.023696682464454975,0.8940016059499878,1.0269649341302045,Q2
65,2021_kk_089_R1,89,0.709003778798796,0.0012771131520858,254.595970692445,497.740666474178,21-06-16,167,2021,Kusko,0.021184872178909662,0.023696682464454975,0.8940016059499878,1.0269649341302045,Q2
67,2021_kk_093,93,0.706526799037377,0.00130527098687698,715.492776341403,892.177670249529,21-06-18,169,2021,Kusko,0.03653820965050655,0.02843601895734597,1.2849270393761472,1.0269649341302045,Q2
68,2021_kk_094,94,0.710109837601474,0.00177636653095345,595.875692612017,842.066539271177,21-06-18,169,2021,Kusko,0.03653820965050655,0.02843601895734597,1.2849270393761472,1.0269649341302045,Q2
69,2021_kk_096,96,0.707705460135859,0.00166585869832076,617.64756623142,840.291244317764,21-06-18,169,2021,Kusko,0.03653820965050655,0.02843601895734597,1.2849270393761472,1.0269649341302045,Q2
70,2021_kk_097_R1,97,0.709947509739553,0.00189348839012,516.129018381944,727.070996713924,21-06-18,169,2021,Kusko,0.03653820965050655,0.02843601895734597,1.2849270393761472,1.0269649341302045,Q2
72,2021_kk_099,99,0.709455275183695,8.2982298218954e-4,298.843220985289,528.020849595255,21-06-18,169,2021,Kusko,0.03653820965050655,0.02843601895734597,1.2849270393761472,1.0269649341302045,Q2
76,2021_kk_102a,102,0.709935379658796,0.0011359115219848,419.236717671987,581.563590515135,21-06-19,170,2021,Kusko,0.02765043442275969,0.037914691943127965,0.7292802079002868,1.0269649341302045,Q2
77,2021_kk_104,104,0.707232072888215,8.7468330584722e-4,701.98876928503,925.808348071873,21-06-19,170,2021,Kusko,0.02765043442275969,0.037914691943127965,0.7292802079002868,1.0269649341302045,Q2
78,2021_kk_106,106,0.708207923681716,0.00117274172485826,670.917929622645,818.234210112349,21-06-19,170,2021,Kusko,0.02765043442275969,0.037914691943127965,0.7292802079002868,1.0269649341302045,Q2
79,2021_kk_107,107,0.708476065619422,0.00126248901456453,747.85326305518,915.682272045959,21-06-19,170,2021,Kusko,0.02765043442275969,0.037914691943127965,0.7292802079002868,1.0269649341302045,Q2
80,2021_kk_108,108,0.705894044568579,7.5322717920029e-4,796.460522263404,987.352688443176,21-06-19,170,2021,Kusko,0.02765043442275969,0.037914691943127965,0.7292802079002868,1.0269649341302045,Q2
81,2021_kk_110_r1,110,0.708872040905169,0.00181964308508596,596.297948079218,728.89383487841,21-06-19,170,2021,Kusko,0.02765043442275969,0.037914691943127965,0.7292802079002868,1.0269649341302045,Q2
83,2021_kk_111,111,0.70585722738319,0.00111974336104681,579.220078983232,736.63533194222,21-06-20,171,2021,Kusko,0.030691488654893493,0.03317535545023697,0.9251291580260752,1.0269649341302045,Q2
84,2021_kk_112,112,0.709261628549874,8.4798102078076e-4,262.862255353173,550.080067392972,21-06-19,170,2021,Kusko,0.02765043442275969,0.037914691943127965,0.7292802079002868,1.0269649341302045,Q2
85,2021_kk_113,113,0.707838370159375,0.00106566270926628,641.206809212949,941.418789865149,21-06-20,171,2021,Kusko,0.030691488654893493,0.03317535545023697,0.9251291580260752,1.0269649341302045,Q2
86,2021_kk_114,114,0.705343406845976,0.00103114546372263,617.465859052519,794.632983233337,21-06-20,171,2021,Kusko,0.030691488654893493,0.03317535545023697,0.9251291580260752,1.0269649341302045,Q2
87,2021_kk_115,115,0.705644332065533,0.00108486275474523,735.945861280368,919.300721376815,21-06-20,171,2021,Kusko,0.030691488654893493,0.03317535545023697,0.9251291580260752,1.0269649341302045,Q2
88,2021_kk_116,116,0.707081014159534,8.9755274611989e-4,757.614653475196,895.934870035587,21-06-19,170,2021,Kusko,0.02765043442275969,0.037914691943127965,0.7292802079002868,1.0269649341302045,Q2
90,2021_kk_118,118,0.707137798560789,7.2266226232605e-4,679.732294706067,798.041594128569,21-06-20,171,2021,Kusko,0.030691488654893493,0.03317535545023697,0.9251291580260752,1.0269649341302045,Q2
92,2021_kk_120,120,0.707679982192858,0.00109365523971986,1512.61653757358,1654.76036001999,21-06-20,171,2021,Kusko,0.030691488654893493,0.03317535545023697,0.9251291580260752,1.0269649341302045,Q2
93,2021_kk_121,121,0.70584873608791,7.6599387278079e-4,502.838622743436,636.643527778215,21-06-21,172,2021,Kusko,0.0208507738363032,0.02843601895734597,0.7332522132433292,1.0142882803616613,Q2
94,2021_kk_122,122,0.706635114915091,0.00107541560096436,635.483655794663,768.263397790331,21-06-21,172,2021,Kusko,0.0208507738363032,0.02843601895734597,0.7332522132433292,1.0142882803616613,Q2
95,2021_kk_124,124,0.705473007188795,8.9168569193551e-4,561.819451357593,703.973197932586,21-06-21,172,2021,Kusko,0.0208507738363032,0.02843601895734597,0.7332522132433292,1.0142882803616613,Q2
96,2021_kk_125,125,0.709422490344296,0.00118645552773426,391.620746567266,788.713105707153,21-06-21,172,2021,Kusko,0.0208507738363032,0.02843601895734597,0.7332522132433292,1.0142882803616613,Q2
97,2021_kk_128,128,0.70548189654372,9.9049593418373e-4,586.441463506771,845.31938738952,21-06-20,171,2021,Kusko,0.030691488654893493,0.03317535545023697,0.9251291580260752,1.0269649341302045,Q2
98,2021_kk_129,129,0.708715407047887,0.00110096169825293,775.554914135652,988.748706742526,21-06-21,172,2021,Kusko,0.0208507738363032,0.02843601895734597,0.7332522132433292,1.0142882803616613,Q2
99,2021_kk_131,131,0.705581567520922,9.3291270183761e-4,761.038085213345,1018.83775224737,21-06-22,173,2021,Kusko,0.020241424018253917,0.009478672985781991,2.135470233925788,1.0142882803616613,Q2
100,2021_kk_134_r1,134,0.706872607241354,0.00103897693723543,577.935912707546,710.024683771965,21-06-22,173,2021,Kusko,0.020241424018253917,0.009478672985781991,2.135470233925788,1.0142882803616613,Q2
101,2021_kk_136_R1,136,0.707077217025293,0.00161997268433059,331.588030322938,609.296512299277,21-06-21,172,2021,Kusko,0.0208507738363032,0.02843601895734597,0.7332522132433292,1.0142882803616613,Q2
102,2021_kk_138,138,0.709118773292524,0.0019032544701907,507.664341688737,647.92528476711,21-06-23,174,2021,Kusko,0.04852968254962594,0.05687203791469194,0.8533135848309228,1.0142882803616613,Q2
103,2021_kk_139,139,0.708294542678863,0.0016544919330528,622.640301635838,851.061971022169,21-06-23,174,2021,Kusko,0.04852968254962594,0.05687203791469194,0.8533135848309228,1.0142882803616613,Q2
104,2021_kk_141,141,0.709295641878838,0.00106314612969429,328.975437998789,492.568113126763,21-06-23,174,2021,Kusko,0.04852968254962594,0.05687203791469194,0.8533135848309228,1.0142882803616613,Q2
105,2021_kk_142,142,0.708074759020706,0.00214976523932123,667.866691210325,874.138785400402,21-06-23,174,2021,Kusko,0.04852968254962594,0.05687203791469194,0.8533135848309228,1.0142882803616613,Q2
106,2021_kk_144_R1,144,0.710398493090303,0.00145426541364724,515.871516843527,752.6400741138,21-06-23,174,2021,Kusko,0.04852968254962594,0.05687203791469194,0.8533135848309228,1.0142882803616613,Q2
108,2021_kk_147_R1,147,0.707270521364742,0.00138310871152306,981.888089340037,1105.34921374658,21-06-23,174,2021,Kusko,0.04852968254962594,0.05687203791469194,0.8533135848309228,1.0142882803616613,Q2
111,2021_kk_152_R1,152,0.705932360689404,0.0012902963882311,463.96822479733,698.058725635219,21-06-23,174,2021,Kusko,0.04852968254962594,0.05687203791469194,0.8533135848309228,1.0142882803616613,Q2
112,2021_kk_152,152,0.705927864343123,0.0011694010433165,628.732962368711,826.058490820993,21-06-23,174,2021,Kusko,0.04852968254962594,0.05687203791469194,0.8533135848309228,1.0142882803616613,Q2
113,2021_kk_153,153,0.70577147262863,0.0010088839259567901,578.326301180597,719.69095429895,21-06-23,174,2021,Kusko,0.04852968254962594,0.05687203791469194,0.8533135848309228,1.0142882803616613,Q2
114,2021_kk_155,155,0.709064601288336,0.00146947467800548,838.76270349192,1057.73584549602,21-06-24,175,2021,Kusko,0.027826975024250602,0.018957345971563982,1.4678729325292192,1.0142882803616613,Q2
115,2021_kk_156_r1,156,0.705772053181474,0.00109360352684264,1068.42833125313,1186.0030392196,21-06-24,175,2021,Kusko,0.027826975024250602,0.018957345971563982,1.4678729325292192,1.0142882803616613,Q2
116,2021_kk_157,157,0.709391736952878,0.00196161656720027,395.617513403403,574.574298048451,21-06-23,174,2021,Kusko,0.04852968254962594,0.05687203791469194,0.8533135848309228,1.0142882803616613,Q2
117,2021_kk_158,158,0.708229768684331,0.00130112788541112,648.934860164289,798.142213133233,21-06-23,174,2021,Kusko,0.04852968254962594,0.05687203791469194,0.8533135848309228,1.0142882803616613,Q2
118,2021_kk_160,160,0.709242052617544,0.00198800658657223,629.848710450576,905.737264205407,21-06-23,174,2021,Kusko,0.04852968254962594,0.05687203791469194,0.8533135848309228,1.0142882803616613,Q2
119,2021_kk_161,161,0.707062598377116,0.00118077501119909,597.884121258668,767.520245602759,21-06-24,175,2021,Kusko,0.027826975024250602,0.018957345971563982,1.4678729325292192,1.0142882803616613,Q2
120,2021_kk_163,163,0.709576319047713,0.00194014009363319,914.911473965622,1039.34081038287,21-06-25,176,2021,Kusko,0.03637685533731593,0.037914691943127965,0.9594395595217077,1.0142882803616613,Q3
121,2021_kk_164,164,0.705162508315324,0.00120429542907861,249.21677886358,475.118487694275,21-06-24,175,2021,Kusko,0.027826975024250602,0.018957345971563982,1.4678729325292192,1.0142882803616613,Q2
122,2021_kk_166,166,0.707910500065787,0.00144869978239639,677.580843491025,971.881021303564,21-06-25,176,2021,Kusko,0.03637685533731593,0.037914691943127965,0.9594395595217077,1.0142882803616613,Q3
123,2021_kk_169,169,0.70802569339225,0.0011363829931037,664.955329711688,954.32388353568,21-06-25,176,2021,Kusko,0.03637685533731593,0.037914691943127965,0.9594395595217077,1.0142882803616613,Q3
124,2021_kk_171,171,0.709561389676749,0.00168600666274341,788.068873371704,1105.78914860982,21-06-25,176,2021,Kusko,0.03637685533731593,0.037914691943127965,0.9594395595217077,1.0142882803616613,Q3
125,2021_kk_173,173,0.704947716343178,0.00124540184725784,445.980401500542,596.72374018091,21-06-25,176,2021,Kusko,0.03637685533731593,0.037914691943127965,0.9594395595217077,1.0142882803616613,Q3
126,2021_kk_175,175,0.709007270554957,0.00139202002628038,440.583815058297,756.407379487251,21-06-25,176,2021,Kusko,0.03637685533731593,0.037914691943127965,0.9594395595217077,1.0142882803616613,Q3
127,2021_kk_176,176,0.70736069242239,0.00108747754916014,953.379329316447,1255.25629265372,21-06-25,176,2021,Kusko,0.03637685533731593,0.037914691943127965,0.9594395595217077,1.0142882803616613,Q3
128,2021_kk_180_r1,180,0.707316133352868,0.00100193212787667,569.677179956227,783.741802322728,21-06-25,176,2021,Kusko,0.03637685533731593,0.037914691943127965,0.9594395595217077,1.0142882803616613,Q3
129,2021_kk_182,182,0.70859604600429,0.00139905063897788,304.382148041927,490.086822487268,21-06-26,177,2021,Kusko,0.012492620413029076,0.018957345971563982,0.6589857267872837,1.101981146223075,Q3
130,2021_kk_183,183,0.709186100895691,0.00155802578829644,609.863243224696,826.56375421756,21-06-27,178,2021,Kusko,0.038444088832193406,0.03317535545023697,1.1588146776561155,1.101981146223075,Q3
131,2021_kk_184,184,0.705898790258288,0.00103896938731909,219.01844733704,496.501969411587,21-06-27,178,2021,Kusko,0.038444088832193406,0.03317535545023697,1.1588146776561155,1.101981146223075,Q3
132,2021_kk_186,186,0.708928814463925,0.00131504282744873,472.264842826629,595.859528304089,21-06-27,178,2021,Kusko,0.038444088832193406,0.03317535545023697,1.1588146776561155,1.101981146223075,Q3
134,2021_kk_188_r1,188,0.70526303228288,0.00180985609844569,476.20047419123,658.729744750772,21-06-27,178,2021,Kusko,0.038444088832193406,0.03317535545023697,1.1588146776561155,1.101981146223075,Q3
136,2021_kk_190,190,0.705424075188603,0.00176032796757504,893.198453138819,1059.07690053859,21-06-27,178,2021,Kusko,0.038444088832193406,0.03317535545023697,1.1588146776561155,1.101981146223075,Q3
137,2021_kk_194,194,0.707979149920765,0.0016563753430555,521.552045728523,751.628133584532,21-06-26,177,2021,Kusko,0.012492620413029076,0.018957345971563982,0.6589857267872837,1.101981146223075,Q3
138,2021_kk_195,195,0.705346462544573,0.00148711005181777,566.928947625368,762.835498235575,21-06-26,177,2021,Kusko,0.012492620413029076,0.018957345971563982,0.6589857267872837,1.101981146223075,Q3
139,2021_kk_197r1,197,0.708498230158461,0.00179264910637649,636.945409816744,820.861642745786,21-06-26,177,2021,Kusko,0.012492620413029076,0.018957345971563982,0.6589857267872837,1.101981146223075,Q3
140,2021_kk_201,201,0.70805461829293,5.2369626024717e-4,687.586860921651,869.46268633508,21-06-27,178,2021,Kusko,0.038444088832193406,0.03317535545023697,1.1588146776561155,1.101981146223075,Q3
141,2021_kk_202,202,0.707832642081564,0.00147695530304467,811.796567762933,1039.33351472282,21-06-27,178,2021,Kusko,0.038444088832193406,0.03317535545023697,1.1588146776561155,1.101981146223075,Q3
142,2021_kk_204_R1,204,0.707990620398268,8.9168698128202e-4,682.464788719997,970.901782460773,21-06-28,179,2021,Kusko,0.081098576095643235,0.09004739336492891,0.9006210292726696,1.101981146223075,Q3
143,2021_kk_205,205,0.708708016988382,0.00131191682383202,574.94830053677,791.805014975805,21-06-28,179,2021,Kusko,0.081098576095643235,0.09004739336492891,0.9006210292726696,1.101981146223075,Q3
144,2021_kk_206,206,0.706322657804721,7.651540205893e-4,885.077351635712,974.683149063812,21-06-28,179,2021,Kusko,0.081098576095643235,0.09004739336492891,0.9006210292726696,1.101981146223075,Q3
145,2021_kk_207,207,0.708017293032069,0.00125427560227299,732.295344614916,931.301145478135,21-06-28,179,2021,Kusko,0.081098576095643235,0.09004739336492891,0.9006210292726696,1.101981146223075,Q3
146,2021_kk_209,209,0.707791734216697,8.0551920396299e-4,691.18683179779,963.369483282485,21-06-28,179,2021,Kusko,0.081098576095643235,0.09004739336492891,0.9006210292726696,1.101981146223075,Q3
148,2021_kk_213,213,0.7083658070831,0.00151065158442247,617.978732988899,954.240848206303,21-06-28,179,2021,Kusko,0.081098576095643235,0.09004739336492891,0.9006210292726696,1.101981146223075,Q3
150,2021_kk_217,217,0.705611849174433,0.00104841094210997,576.782542692324,793.686579027715,21-06-28,179,2021,Kusko,0.081098576095643235,0.09004739336492891,0.9006210292726696,1.101981146223075,Q3
151,2021_kk_218,218,0.707774849454335,0.00114608467783191,419.092841008467,781.295504012646,21-06-28,179,2021,Kusko,0.081098576095643235,0.09004739336492891,0.9006210292726696,1.101981146223075,Q3
152,2021_kk_219,219,0.708612094328427,0.00118064236810775,995.541345215106,1118.9309468778,21-06-28,179,2021,Kusko,0.081098576095643235,0.09004739336492891,0.9006210292726696,1.101981146223075,Q3
153,2021_kk_220_R1,220,0.706379803746622,9.519253707987e-4,241.434561850888,597.573075788027,21-06-28,179,2021,Kusko,0.081098576095643235,0.09004739336492891,0.9006210292726696,1.101981146223075,Q3
154,2021_kk_222,222,0.708516290524964,0.00166976959211371,467.38883484923,756.541968847924,21-06-28,179,2021,Kusko,0.081098576095643235,0.09004739336492891,0.9006210292726696,1.101981146223075,Q3
155,2021_kk_225,225,0.70807546805071,0.00116801423155776,440.193431472122,706.420275540281,21-06-28,179,2021,Kusko,0.081098576095643235,0.09004739336492891,0.9006210292726696,1.101981146223075,Q3
156,2021_kk_226,226,0.706923774352632,9.8505914099929e-4,734.02303419946,899.554382001644,21-06-28,179,2021,Kusko,0.081098576095643235,0.09004739336492891,0.9006210292726696,1.101981146223075,Q3
157,2021_kk_227_a,227,0.70924292683601,0.00137597497102583,168.159418272839,394.479810670662,21-06-28,179,2021,Kusko,0.081098576095643235,0.09004739336492891,0.9006210292726696,1.101981146223075,Q3
159,2021_kk_228,228,0.705570075866613,0.00129137760543034,691.830636777643,872.494638705453,21-06-28,179,2021,Kusko,0.081098576095643235,0.09004739336492891,0.9006210292726696,1.101981146223075,Q3
160,2021_kk_229,229,0.707712375087727,9.6419354671947e-4,688.819025043723,854.421350124469,21-06-28,179,2021,Kusko,0.081098576095643235,0.09004739336492891,0.9006210292726696,1.101981146223075,Q3
161,2021_kk_230,230,0.708730074082477,0.00134608572548278,368.580162725273,560.129536648422,21-06-28,179,2021,Kusko,0.081098576095643235,0.09004739336492891,0.9006210292726696,1.101981146223075,Q3
162,2021_kk_231,231,0.705591025258622,0.00142288338977486,326.742120221801,659.03550795783,21-06-28,179,2021,Kusko,0.081098576095643235,0.09004739336492891,0.9006210292726696,1.101981146223075,Q3
163,2021_kk_232_a,232,0.707682024967781,0.00187886449762307,527.669748193077,747.11335400446,21-06-28,179,2021,Kusko,0.081098576095643235,0.09004739336492891,0.9006210292726696,1.101981146223075,Q3
164,2021_kk_235,235,0.708761643827581,0.00144367675910395,553.071703848474,848.323651789591,21-06-29,180,2021,Kusko,0.03542391574647251,0.03317535545023697,1.0677780317865284,1.101981146223075,Q3
165,2021_kk_237,237,0.70721536341658,0.00102512322013452,615.358599847644,871.752458130015,21-06-29,180,2021,Kusko,0.03542391574647251,0.03317535545023697,1.0677780317865284,1.101981146223075,Q3
166,2021_kk_238_R1,238,0.705583093257774,8.5088703552392e-4,660.906475771311,993.327435592084,21-06-29,180,2021,Kusko,0.03542391574647251,0.03317535545023697,1.0677780317865284,1.101981146223075,Q3
167,2021_kk_239,239,0.70603297708671,0.00126711993115529,729.323107983035,1037.43223482671,21-06-29,180,2021,Kusko,0.03542391574647251,0.03317535545023697,1.0677780317865284,1.101981146223075,Q3
168,2021_kk_243,243,0.707672724085171,0.00119929334168902,205.12362229434,599.640494739088,21-06-29,180,2021,Kusko,0.03542391574647251,0.03317535545023697,1.0677780317865284,1.101981146223075,Q3
169,2021_kk_244,244,0.705794007248645,9.8444191608202e-4,598.350612309962,831.715310362049,21-06-29,180,2021,Kusko,0.03542391574647251,0.03317535545023697,1.0677780317865284,1.101981146223075,Q3
170,2021_kk_245,245,0.70996110942926,0.00156698023290429,508.265260468335,748.323774899979,21-06-29,180,2021,Kusko,0.03542391574647251,0.03317535545023697,1.0677780317865284,1.101981146223075,Q3
173,2021_kk_247,247,0.70717876367083,0.00114796980623887,473.638044808538,633.425843547227,21-06-30,181,2021,Kusko,0.04144717734357648,0.014218009478672985,2.915118139831546,1.101981146223075,Q3
174,2021_kk_248_R1,248,0.705081855148185,9.8619874621546e-4,1047.13988874625,1237.64022160919,21-06-30,181,2021,Kusko,0.04144717734357648,0.014218009478672985,2.915118139831546,1.101981146223075,Q3
175,2021_kk_253_R1,253,0.706433498713539,7.8229274603966e-4,680.570782732628,789.064606918147,21-06-30,181,2021,Kusko,0.04144717734357648,0.014218009478672985,2.915118139831546,1.101981146223075,Q3
177,2021_kk_263_R2,263,0.707470054633331,7.8006107280607e-4,760.274844187465,876.055194009093,21-07-01,182,2021,Kusko,0.046517499349837024,0.04739336492890995,0.9815192362815612,0.868433907691412,Q3
178,2021_kk_270,270,0.705866028359996,0.00134855122020402,595.374510603424,844.510869795146,21-07-01,182,2021,Kusko,0.046517499349837024,0.04739336492890995,0.9815192362815612,0.868433907691412,Q3
179,2021_kk_272,272,0.70923573447859,0.00161244016253253,380.344961271919,530.507240275725,21-07-01,182,2021,Kusko,0.046517499349837024,0.04739336492890995,0.9815192362815612,0.868433907691412,Q3
180,2021_kk_274,274,0.708823574246906,0.0012294097432506,621.517146530119,801.433438005219,21-07-01,182,2021,Kusko,0.046517499349837024,0.04739336492890995,0.9815192362815612,0.868433907691412,Q3
181,2021_kk_275,275,0.7077482836813,0.00124228182286089,750.595586916577,893.361840911535,21-07-01,182,2021,Kusko,0.046517499349837024,0.04739336492890995,0.9815192362815612,0.868433907691412,Q3
182,2021_kk_276,276,0.705918237433638,0.00103709564104811,661.385280853026,898.897502114159,21-07-01,182,2021,Kusko,0.046517499349837024,0.04739336492890995,0.9815192362815612,0.868433907691412,Q3
183,2021_kk_277_R1,277,0.706011954456471,8.1334012001418e-4,761.501375503541,1085.21425480096,21-07-01,182,2021,Kusko,0.046517499349837024,0.04739336492890995,0.9815192362815612,0.868433907691412,Q3
184,2021_kk_279_R1,279,0.707718301800757,5.9861081883473e-4,418.281390756363,691.708615907595,21-07-01,182,2021,Kusko,0.046517499349837024,0.04739336492890995,0.9815192362815612,0.868433907691412,Q3
185,2021_kk_280,280,0.707715794752827,0.00133843259047744,447.757822222032,764.988431048485,21-07-01,182,2021,Kusko,0.046517499349837024,0.04739336492890995,0.9815192362815612,0.868433907691412,Q3
186,2021_kk_281,281,0.70701664189768,9.9541385864456e-4,357.172490736316,525.660282640629,21-07-01,182,2021,Kusko,0.046517499349837024,0.04739336492890995,0.9815192362815612,0.868433907691412,Q3
189,2021_kk_284,284,0.708018253058308,0.00108510758570714,695.372398215907,926.177728628589,21-07-03,184,2021,Kusko,0.018800624915763554,0.018957345971563982,0.9917329643065274,0.868433907691412,Q3
191,2021_kk_285,285,0.704921658166571,0.00172925342793278,543.909583836797,795.288690334563,21-07-02,183,2021,Kusko,0.00520130374285058,0.009478672985781991,0.5487375448707361,0.868433907691412,Q3
193,2021_kk_286,286,0.707819764893893,0.00156623319246807,657.96334783964,929.661364551616,21-07-02,183,2021,Kusko,0.00520130374285058,0.009478672985781991,0.5487375448707361,0.868433907691412,Q3
194,2021_kk_287,287,0.70512463597665,0.00158110183092561,672.890429375751,1024.41283202922,21-07-03,184,2021,Kusko,0.018800624915763554,0.018957345971563982,0.9917329643065274,0.868433907691412,Q3
195,2021_kk_288,288,0.705862911016183,0.00121822024547936,782.173697026297,998.290292998817,21-07-03,184,2021,Kusko,0.018800624915763554,0.018957345971563982,0.9917329643065274,0.868433907691412,Q3
197,2021_kk_290_R1,290,0.70598569909262,0.00111544343017451,763.66841860178,965.969525525734,21-07-03,184,2021,Kusko,0.018800624915763554,0.018957345971563982,0.9917329643065274,0.868433907691412,Q3
199,2021_kk_291,291,0.70711092251966,9.954757325066e-4,526.124222307922,745.529428476519,21-07-04,185,2021,Kusko,0.01560391122855174,0.023696682464454975,0.6584850538448834,0.868433907691412,Q3
200,2021_kk_292,292,0.705524347743116,7.6892758739626e-4,676.097029800814,826.106300226539,21-07-04,185,2021,Kusko,0.01560391122855174,0.023696682464454975,0.6584850538448834,0.868433907691412,Q3
201,2021_kk_293,293,0.705054650642852,0.00147197751274747,133.587384834339,418.195356998064,21-07-04,185,2021,Kusko,0.01560391122855174,0.023696682464454975,0.6584850538448834,0.868433907691412,Q3
202,2021_kk_294,294,0.707078343959213,9.8695938153809e-4,646.93600925536,795.190879651273,21-07-04,185,2021,Kusko,0.01560391122855174,0.023696682464454975,0.6584850538448834,0.868433907691412,Q3
203,2021_kk_296_R1,296,0.707480617154916,7.5258650783852e-4,816.300773179179,1041.54865837765,21-07-05,186,2021,Kusko,0.012655873012257231,0.014218009478672985,0.8901297351954254,0.868433907691412,Q3
206,2021_kk_298,298,0.709436260003559,0.00109358429630209,718.555035074735,1042.09604271401,21-07-05,186,2021,Kusko,0.012655873012257231,0.014218009478672985,0.8901297351954254,0.868433907691412,Q3
207,2021_kk_299,299,0.706068284262347,0.00105051238254989,591.196170213142,763.837568934207,21-07-05,186,2021,Kusko,0.012655873012257231,0.014218009478672985,0.8901297351954254,0.868433907691412,Q3
208,2021_kk_301,301,0.705960386221976,6.9568076167512e-4,711.200484806674,835.349507727762,21-07-04,185,2021,Kusko,0.01560391122855174,0.023696682464454975,0.6584850538448834,0.868433907691412,Q3
209,2021_kk_302,302,0.71002223154706,0.00127258177843795,620.768685214947,793.684341654321,21-07-06,187,2021,Kusko,0.012504010129254294,0.018957345971563982,0.6595865343181639,0.9480542568115248,Q4
210,2021_kk_303,303,0.708158284631223,9.3112249858738e-4,330.223434451686,541.733208748277,21-07-06,187,2021,Kusko,0.012504010129254294,0.018957345971563982,0.6595865343181639,0.9480542568115248,Q4
211,2021_kk_304,304,0.709375627861433,0.00116488499011066,552.101654602785,764.764386662122,21-07-07,188,2021,Kusko,0.016936508026902507,0.018957345971563982,0.8934007984191072,0.9480542568115248,Q4
212,2021_kk_305,305,0.704933513262971,0.00127721924696906,886.048348846506,1066.05172552396,21-07-07,188,2021,Kusko,0.016936508026902507,0.018957345971563982,0.8934007984191072,0.9480542568115248,Q4
213,2021_kk_306,306,0.70674672091346,7.0729838458603e-4,740.038369215829,928.88866959525,21-07-06,187,2021,Kusko,0.012504010129254294,0.018957345971563982,0.6595865343181639,0.9480542568115248,Q4
214,2021_kk_307,307,0.705635011342966,8.470867256516e-4,312.41326126103303,582.10358724248,21-07-07,188,2021,Kusko,0.016936508026902507,0.018957345971563982,0.8934007984191072,0.9480542568115248,Q4
215,2021_kk_309,309,0.708997148033442,0.00105583134958999,666.406812855741,815.968050342486,21-07-06,187,2021,Kusko,0.012504010129254294,0.018957345971563982,0.6595865343181639,0.9480542568115248,Q4
216,2021_kk_310,310,0.70504216329964,0.0014217601278657,366.973568787501,555.52021198301,21-07-08,189,2021,Kusko,0.020435049194082663,0.03317535545023697,0.6159707685644916,0.9480542568115248,Q4
217,2021_kk_311,311,0.705698083980826,0.00128747149446183,782.877466560226,910.394648553272,21-07-08,189,2021,Kusko,0.020435049194082663,0.03317535545023697,0.6159707685644916,0.9480542568115248,Q4
218,2021_kk_313,313,0.706094005946684,0.00102581031290172,562.637205882999,755.047312892052,21-07-08,189,2021,Kusko,0.020435049194082663,0.03317535545023697,0.6159707685644916,0.9480542568115248,Q4
219,2021_kk_314,314,0.70920589974282,0.00164589185625311,880.221476469547,1182.09719302903,21-07-08,189,2021,Kusko,0.020435049194082663,0.03317535545023697,0.6159707685644916,0.9480542568115248,Q4
220,2021_kk_315_R1,315,0.706018571426091,0.00139200762341127,566.663754428354,809.329771027713,21-07-07,188,2021,Kusko,0.016936508026902507,0.018957345971563982,0.8934007984191072,0.9480542568115248,Q4
222,2021_kk_320,320,0.708829793346918,0.00187662239329344,593.740397273219,932.164002167296,21-07-09,190,2021,Kusko,0.01943844902437589,0.014218009478672985,1.3671709147144377,0.9480542568115248,Q4
223,2021_kk_322,322,0.705969568997599,8.6517573943472e-4,766.36659537753,955.49870649965,21-07-08,189,2021,Kusko,0.020435049194082663,0.03317535545023697,0.6159707685644916,0.9480542568115248,Q4
224,2021_kk_324,324,0.70701483448197,0.00111428327449363,605.313753676597,795.16372494207,21-07-08,189,2021,Kusko,0.020435049194082663,0.03317535545023697,0.6159707685644916,0.9480542568115248,Q4
225,2021_kk_326_R1,326,0.705973013881411,0.0010496779305183,452.616152201391,806.959111309652,21-07-08,189,2021,Kusko,0.020435049194082663,0.03317535545023697,0.6159707685644916,0.9480542568115248,Q4
227,2021_kk_327_R1,327,0.706873963412334,0.00104414096845008,749.1197953717,955.462493920196,21-07-10,191,2021,Kusko,0.020548946356334863,0.009478672985781991,2.167913840593328,0.9480542568115248,Q4
229,2021_kk_328,328,0.705010537959808,0.00198088177947926,921.037428857074,1050.4556352878,21-07-10,191,2021,Kusko,0.020548946356334863,0.009478672985781991,2.167913840593328,0.9480542568115248,Q4
230,2021_kk_332,332,0.707046680949038,9.8427853483981e-4,732.566493796847,880.046591982806,21-07-09,190,2021,Kusko,0.01943844902437589,0.014218009478672985,1.3671709147144377,0.9480542568115248,Q4
231,2021_kk_333,333,0.70770932095395,0.0012593586508908,686.075841581291,880.512140612744,21-07-09,190,2021,Kusko,0.01943844902437589,0.014218009478672985,1.3671709147144377,0.9480542568115248,Q4
232,2021_kk_338,338,0.709361614187073,0.00210467676927806,684.531837211229,1032.42723525168,21-07-11,192,2021,Kusko,0.03050355833717736,0.037914691943127965,0.8045313511430527,0.8892125604139847,Q4
234,2021_kk_340,340,0.705614200341249,0.00107912922009663,418.730446238898,570.956014470374,21-07-11,192,2021,Kusko,0.03050355833717736,0.037914691943127965,0.8045313511430527,0.8892125604139847,Q4
235,2021_kk_342_R1,342,0.707104186589401,0.00112152661771387,894.655201396759,1118.03476224471,21-07-11,192,2021,Kusko,0.03050355833717736,0.037914691943127965,0.8045313511430527,0.8892125604139847,Q4
237,2021_kk_343,343,0.709747075147915,0.00149781607798105,287.135052467506,656.647735076803,21-07-11,192,2021,Kusko,0.03050355833717736,0.037914691943127965,0.8045313511430527,0.8892125604139847,Q4
238,2021_kk_344,344,0.709661023605616,0.0019366042921039,535.907675320551,813.597071577929,21-07-11,192,2021,Kusko,0.03050355833717736,0.037914691943127965,0.8045313511430527,0.8892125604139847,Q4
239,2021_kk_347,347,0.70958756882486,0.00109664048638853,513.899595781318,765.069243610101,21-07-12,193,2021,Kusko,0.015173000298030906,0.018957345971563982,0.8003757657211302,0.8892125604139847,Q4
241,2021_kk_349,349,0.709027016577349,0.00101244078224654,574.04922988267106,977.246341857407,21-07-12,193,2021,Kusko,0.015173000298030906,0.018957345971563982,0.8003757657211302,0.8892125604139847,Q4
242,2021_kk_350_R1,350,0.707775534923791,0.00161491833212526,746.344529181465,976.977982370025,21-07-12,193,2021,Kusko,0.015173000298030906,0.018957345971563982,0.8003757657211302,0.8892125604139847,Q4
245,2021_kk_352,352,0.706002364527349,0.00265755524579619,440.906435367791,565.683633920824,21-07-11,192,2021,Kusko,0.03050355833717736,0.037914691943127965,0.8045313511430527,0.8892125604139847,Q4
246,2021_kk_353,353,0.708145462797207,0.001676780987519,347.383267388708,593.68903467761,21-07-11,192,2021,Kusko,0.03050355833717736,0.037914691943127965,0.8045313511430527,0.8892125604139847,Q4
247,2021_kk_354,354,0.705621028664685,0.00101940907726092,867.682072864379,944.10385193145,21-07-11,192,2021,Kusko,0.03050355833717736,0.037914691943127965,0.8045313511430527,0.8892125604139847,Q4
248,2021_kk_356,356,0.705425726545803,0.00124121191783328,301.612577386985,529.222466413647,21-07-13,194,2021,Kusko,0.009442074750707586,0.009478672985781991,0.9961388861996503,0.8892125604139847,Q4
249,2021_kk_357,357,0.707994504296313,0.00173086687178979,397.931442596487,644.419356328374,21-07-12,193,2021,Kusko,0.015173000298030906,0.018957345971563982,0.8003757657211302,0.8892125604139847,Q4
250,2021_kk_359,359,0.705998366868253,0.00127773033008062,610.774902299726,832.746494798778,21-07-13,194,2021,Kusko,0.009442074750707586,0.009478672985781991,0.9961388861996503,0.8892125604139847,Q4
251,2021_kk_360,360,0.709344296429782,0.00276410283476949,718.369797758749,893.142952732547,21-07-14,195,2021,Kusko,0.013155122240129385,0.009478672985781991,1.38786539633365,0.8892125604139847,Q4
254,2021_kk_363_R1,363,0.706242718873059,0.00135611256605235,699.079325636119,856.5477169325,21-07-14,195,2021,Kusko,0.013155122240129385,0.009478672985781991,1.38786539633365,0.8892125604139847,Q4
256,2021_kk_366,366,0.706019270780119,9.4364313519849e-4,593.823493618752,735.283224675656,21-07-15,196,2021,Kusko,0.009966001697067716,0.009478672985781991,1.051413179040644,0.8892125604139847,Q4
259,2021_kk_369,369,0.707759524476446,0.00200838176280085,523.424291961105,776.605671416295,21-07-15,196,2021,Kusko,0.009966001697067716,0.009478672985781991,1.051413179040644,0.8892125604139847,Q4
260,2021_kk_371_R1,371,0.70598836086412,0.00120123726818909,631.514345797742,958.835416721858,21-07-16,197,2021,Kusko,0.01199337118515692,0.014218009478672985,0.8435337733560367,0.8892125604139847,Q4
262,2021_kk_372,372,0.706471099193207,0.00126124491295791,1000.44426167146,1098.76587075841,21-07-16,197,2021,Kusko,0.01199337118515692,0.014218009478672985,0.8435337733560367,0.8892125604139847,Q4
263,2021_kk_374_R1,374,0.707119714267219,0.00124090999621035,645.440886342474,736.359106639248,21-07-16,197,2021,Kusko,0.01199337118515692,0.014218009478672985,0.8435337733560367,0.8892125604139847,Q4
265,2021_kk_375,375,0.705630286648075,0.00220357107111106,292.71423339989,457.148082787163,21-07-17,198,2021,Kusko,0.006695254854391969,0.009478672985781991,0.7063493871383527,0.8892125604139847,Q4
266,2021_kk_376,376,0.705000398017508,0.00195150796451415,663.449115830277,901.191222878674,21-07-17,198,2021,Kusko,0.006695254854391969,0.009478672985781991,0.7063493871383527,0.8892125604139847,Q4
267,2021_kk_377,377,0.704731662265316,0.00180453144681977,664.918886858404,919.931955434538,21-07-23,204,2021,Kusko,NA,NA,NA,0.8892125604139847,Q4
268,2021_kk_379,379,0.707051781393363,0.00110925128048366,214.164105305178,470.294448195747,21-07-27,208,2021,Kusko,NA,NA,NA,0.8892125604139847,Q4
