OtoNum,Fish_id,natal_iso,natal_isose,natal_start,natal_end,Date,DOY,Year,Watershed,Project,sampleYear,sampleDate,sexID,length,totalAge,Genetic_Number,Lower,Middle,Upper,dailyCPUEprop,OtoPropDaily,COratio,Strat,Quartile
1,2015_yk_001,0.710479486268472,9.657111538373e-4,325.59323268754,531.213518127355,2015-05-28,148,2015,Yukon,Lower Yukon Test Fish,2015,5/28/15,2,824,1.4,1,1e-4,0.328,0.6719,0.004251062765691423,0.009302325581395349,0.456989247311828,0.8678955453149003,Q1
2,2015_yk_002,0.72389415836701,0.00114912364173843,718.032114496373,795.563158443763,2015-05-28,148,2015,Yukon,Lower Yukon Test Fish,2015,5/28/15,1,904,1.4,2,2e-4,0.0562,0.9436,0.004251062765691423,0.009302325581395349,0.456989247311828,0.8678955453149003,Q1
6,2015_yk_006,0.707341973268616,7.2750325340274e-4,787.397766009972,870.151395147042,2015-05-30,150,2015,Yukon,Lower Yukon Test Fish,2015,5/30/15,1,915,1.4,6,0,0.9389,0.0611,0.005251312828207053,0.004651162790697674,1.1290322580645162,0.8678955453149003,Q1
10,2015_yk_010,0.712405958041054,0.00110555726069344,252.014525596374,374.072201223509,2015-06-01,152,2015,Yukon,Lower Yukon Test Fish,2015,6/1/15,2,825,1.4,10,0,0.0308,0.9692,0.012503125781445364,0.018604651162790697,0.6720430107526884,0.8678955453149003,Q1
11,2015_yk_011,0.7227242081472,0.00128582019954529,534.814886584886,777.730136291167,2015-06-01,152,2015,Yukon,Lower Yukon Test Fish,2015,6/1/15,1,905,1.4,11,0,0.94,0.06,0.012503125781445364,0.018604651162790697,0.6720430107526884,0.8678955453149003,Q1
12,2015_yk_012,0.710505565170433,9.1489975796532e-4,725.83448653284,870.28482562975,2015-06-01,152,2015,Yukon,Lower Yukon Test Fish,2015,6/1/15,2,818,1.4,12,0,0,1,0.012503125781445364,0.018604651162790697,0.6720430107526884,0.8678955453149003,Q1
13,2015_yk_013,0.710266142280739,7.7570286575655e-4,588.617014449707,730.907021592178,2015-06-01,152,2015,Yukon,Lower Yukon Test Fish,2015,6/1/15,2,805,NA,13,0,1e-4,0.9999,0.012503125781445364,0.018604651162790697,0.6720430107526884,0.8678955453149003,Q1
16,2015_yk_016,0.727811479528522,8.7994369941047e-4,676.454335307824,839.245527124855,2015-06-02,153,2015,Yukon,Lower Yukon Test Fish,2015,6/2/15,1,948,1.4,16,0,0.1788,0.8212,0.010502625656414105,0.009302325581395349,1.1290322580645162,0.6518817204301076,Q1
17,2015_yk_017,0.720265857337399,0.00113837153521367,714.385431977353,872.472776089604,2015-06-02,153,2015,Yukon,Lower Yukon Test Fish,2015,6/2/15,1,847,1.4,17,0.3733,0.3634,0.2634,0.010502625656414105,0.009302325581395349,1.1290322580645162,0.6518817204301076,Q1
25,2015_yk_025,0.722309658190421,0.00117375026712743,727.035807109234,894.515345398233,2015-06-04,155,2015,Yukon,Lower Yukon Test Fish,2015,6/4/15,1,714,1.3,25,0.0553,0.9444,3e-4,0.00825206301575394,0.009302325581395349,0.8870967741935486,0.6518817204301076,Q1
27,2015_yk_027,0.72698076565492,0.00107060063690201,470.041590175553,624.373478166426,2015-06-04,155,2015,Yukon,Lower Yukon Test Fish,2015,6/4/15,1,716,1.3,27,0,0.0904,0.9096,0.00825206301575394,0.009302325581395349,0.8870967741935486,0.6518817204301076,Q1
32,2015_yk_032,0.715750220197781,0.0013470472533083,645.74894910566,752.623682047585,2015-06-05,156,2015,Yukon,Lower Yukon Test Fish,2015,6/5/15,2,903,1.4,32,0.2717,0.6427,0.0855,0.02200550137534384,0.023255813953488372,0.9462365591397851,0.6518817204301076,Q1
33,2015_yk_033,0.717014633305181,0.00118278308932107,610.196522852623,794.717910552244,2015-06-05,156,2015,Yukon,Lower Yukon Test Fish,2015,6/5/15,1,791,1.3,33,0.9554,0.0446,0,0.02200550137534384,0.023255813953488372,0.9462365591397851,0.6518817204301076,Q1
34,2015_yk_034,0.714951484202059,0.00113080011883913,669.515060826517,776.017647295578,2015-06-05,156,2015,Yukon,Lower Yukon Test Fish,2015,6/5/15,1,876,1.4,34,0,3e-4,0.9997,0.02200550137534384,0.023255813953488372,0.9462365591397851,0.6518817204301076,Q1
35,2015_yk_035,0.729648599433416,7.1837719661614e-4,433.493354847606,604.385051219466,2015-06-05,156,2015,Yukon,Lower Yukon Test Fish,2015,6/5/15,1,897,NA,35,0,1,0,0.02200550137534384,0.023255813953488372,0.9462365591397851,0.6518817204301076,Q1
40,2015_yk_040,0.721164773659446,0.00108274809677715,503.072662215008,587.071855761681,2015-06-05,156,2015,Yukon,Lower Yukon Test Fish,2015,6/5/15,2,835,1.4,40,0,1,0,0.02200550137534384,0.023255813953488372,0.9462365591397851,0.6518817204301076,Q1
48,2015_yk_048,0.713753684424821,9.7318259445702e-4,564.802238083299,744.458364881912,2015-06-06,157,2015,Yukon,Lower Yukon Test Fish,2015,6/6/15,2,857,1.4,48,0,0.9946,0.0054,0.02575643910977745,0.06976744186046512,0.36917562724014347,0.6518817204301076,Q1
51,2015_yk_051a,0.724805318934436,9.0715409778449e-4,452.025750012887,529.369226260286,2015-06-06,157,2015,Yukon,Lower Yukon Test Fish,2015,6/6/15,2,924,1.4,51,0.0037,0.1621,0.8342,0.02575643910977745,0.06976744186046512,0.36917562724014347,0.6518817204301076,Q1
52,2015_yk_052b,0.712258759428554,0.00128046208152104,570.471117668453,671.162617566328,2015-06-06,157,2015,Yukon,Lower Yukon Test Fish,2015,6/6/15,2,851,1.4,52,0.9999,1e-4,0,0.02575643910977745,0.06976744186046512,0.36917562724014347,0.6518817204301076,Q1
52,2015_yk_052,0.71147033015127,0.00341482522772103,369.283060499061,498.288917439119,2015-06-06,157,2015,Yukon,Lower Yukon Test Fish,2015,6/6/15,2,851,1.4,52,0.9999,1e-4,0,0.02575643910977745,0.06976744186046512,0.36917562724014347,0.6518817204301076,Q1
56,2015_yk_056a,0.70917808321133,8.0941789475642e-4,516.963703961361,772.079520385853,2015-06-06,157,2015,Yukon,Lower Yukon Test Fish,2015,6/6/15,2,789,1.3,56,0,3e-4,0.9997,0.02575643910977745,0.06976744186046512,0.36917562724014347,0.6518817204301076,Q1
56,2015_yk_056,0.708741267992016,0.00160884988152583,577.845021621282,652.71534157398,2015-06-06,157,2015,Yukon,Lower Yukon Test Fish,2015,6/6/15,2,789,1.3,56,0,3e-4,0.9997,0.02575643910977745,0.06976744186046512,0.36917562724014347,0.6518817204301076,Q1
62,2015_yk_062,0.714528712778163,0.00209864171108998,430.123909844111,641.62946513371,2015-06-06,157,2015,Yukon,NA,NA,NA,NA,NA,NA,NA,NA,NA,NA,0.02575643910977745,0.06976744186046512,0.36917562724014347,0.6518817204301076,Q1
62,2015_yk_062a,0.715026156217734,9.6036072513841e-4,272.214872357682,466.967797288469,2015-06-06,157,2015,Yukon,NA,NA,NA,NA,NA,NA,NA,NA,NA,NA,0.02575643910977745,0.06976744186046512,0.36917562724014347,0.6518817204301076,Q1
65,2015_yk_065,0.713330287259111,0.00157493266262879,772.211500005307,922.927409574261,2015-06-06,157,2015,Yukon,NA,NA,NA,NA,NA,NA,NA,NA,NA,NA,0.02575643910977745,0.06976744186046512,0.36917562724014347,0.6518817204301076,Q1
65,2015_yk_065a,0.713038833586993,7.2182928062632e-4,639.557526788539,752.270691923481,2015-06-06,157,2015,Yukon,NA,NA,NA,NA,NA,NA,NA,NA,NA,NA,0.02575643910977745,0.06976744186046512,0.36917562724014347,0.6518817204301076,Q1
66,2015_yk_066,0.724478625380608,7.8298561726273e-4,465.866454865475,561.507714339464,2015-06-06,157,2015,Yukon,NA,NA,NA,NA,NA,NA,NA,NA,NA,NA,0.02575643910977745,0.06976744186046512,0.36917562724014347,0.6518817204301076,Q1
68,2015_yk_068,0.711759122687128,0.00215412662537315,608.843016692744,684.060887086783,2015-06-06,157,2015,Yukon,NA,NA,NA,NA,NA,NA,NA,NA,NA,NA,0.02575643910977745,0.06976744186046512,0.36917562724014347,0.6518817204301076,Q1
68,2015_yk_068a,0.712715129856829,0.00185224863612578,218.923802909707,429.905182759484,2015-06-06,157,2015,Yukon,NA,NA,NA,NA,NA,NA,NA,NA,NA,NA,0.02575643910977745,0.06976744186046512,0.36917562724014347,0.6518817204301076,Q1
68,2015_yk_068b,0.713714249615309,0.00151550618952472,681.52781939371,814.926141285106,2015-06-06,157,2015,Yukon,NA,NA,NA,NA,NA,NA,NA,NA,NA,NA,0.02575643910977745,0.06976744186046512,0.36917562724014347,0.6518817204301076,Q1
69,2015_yk_069,0.714170299353442,0.00118831046257809,662.945505464869,852.409398628852,2015-06-06,157,2015,Yukon,NA,NA,NA,NA,NA,NA,NA,NA,NA,NA,0.02575643910977745,0.06976744186046512,0.36917562724014347,0.6518817204301076,Q1
77,2015_yk_077,0.707897589824785,4.0129222533745e-4,742.066976170006,878.766810181233,2015-06-07,158,2015,Yukon,NA,NA,NA,NA,NA,NA,NA,NA,NA,NA,0.013503375843960993,0.023255813953488372,0.5806451612903227,0.5084485407066053,Q1
80,2015_yk_080,0.724144995180831,8.0229064033119e-4,828.75930668676,1014.98259616561,2015-06-07,158,2015,Yukon,NA,NA,NA,NA,NA,NA,NA,NA,NA,NA,0.013503375843960993,0.023255813953488372,0.5806451612903227,0.5084485407066053,Q1
82,2015_yk_082,0.710721652915668,8.3073776075747e-4,457.860144889866,681.92578417943,2015-06-07,158,2015,Yukon,Lower Yukon Test Fish,2015,6/7/15,2,824,1.4,82,0,0.2819,0.7181,0.013503375843960993,0.023255813953488372,0.5806451612903227,0.5084485407066053,Q1
84,2015_yk_084,0.716557601842655,7.9858462479951e-4,784.562586585246,923.053556043358,2015-06-07,158,2015,Yukon,Lower Yukon Test Fish,2015,6/7/15,1,925,1.4,84,0,0.3868,0.6132,0.013503375843960993,0.023255813953488372,0.5806451612903227,0.5084485407066053,Q1
91,2015_yk_091,0.709995116620487,7.5734432181592e-4,488.620782280018,690.050736617953,2015-06-08,159,2015,Yukon,Lower Yukon Test Fish,2015,6/8/15,1,721,1.3,91,3e-4,0.6357,0.364,0.02025506376594149,0.04186046511627907,0.4838709677419356,0.5084485407066053,Q2
92,2015_yk_092,0.709197089750324,0.00182397901289684,367.182647496164,559.621630769425,2015-06-08,159,2015,Yukon,Lower Yukon Test Fish,2015,6/8/15,2,813,1.4,92,0,0.9637,0.0363,0.02025506376594149,0.04186046511627907,0.4838709677419356,0.5084485407066053,Q2
97,2015_yk_097,0.707136204541107,4.548993699247e-4,640.597106508195,735.957629472135,2015-06-08,159,2015,Yukon,Lower Yukon Test Fish,2015,6/8/15,1,877,1.4,97,1,0,0,0.02025506376594149,0.04186046511627907,0.4838709677419356,0.5084485407066053,Q2
98,2015_yk_098,0.715510331208338,0.00129037001777229,409.529332546062,634.782510984171,2015-06-08,159,2015,Yukon,Lower Yukon Test Fish,2015,6/8/15,1,940,1.4,98,0,1e-4,0.9999,0.02025506376594149,0.04186046511627907,0.4838709677419356,0.5084485407066053,Q2
99,2015_yk_099,0.72473512833075,7.7719169092822e-4,358.073798785979,518.107975287808,2015-06-08,159,2015,Yukon,Lower Yukon Test Fish,2015,6/8/15,2,829,1.4,99,0,1,0,0.02025506376594149,0.04186046511627907,0.4838709677419356,0.5084485407066053,Q2
100,2015_yk_100,0.716082427555168,8.7545631059631e-4,409.023295665708,536.081084570342,2015-06-08,159,2015,Yukon,Lower Yukon Test Fish,2015,6/8/15,2,828,1.4,100,0.8405,0.1595,0,0.02025506376594149,0.04186046511627907,0.4838709677419356,0.5084485407066053,Q2
101,2015_yk_101,0.71077664701926,9.2358778411652e-4,428.811803021269,656.519625330264,2015-06-07,158,2015,Yukon,Lower Yukon Test Fish,2015,6/7/15,2,854,1.4,101,0,0.0018,0.9982,0.013503375843960993,0.023255813953488372,0.5806451612903227,0.5084485407066053,Q1
102,2015_yk_102a,0.711087593282867,0.00103435617346007,296.27696960578203,485.175393381569,2015-06-08,159,2015,Yukon,NA,NA,NA,NA,NA,NA,NA,NA,NA,NA,0.02025506376594149,0.04186046511627907,0.4838709677419356,0.5084485407066053,Q2
102,2015_yk_102b,0.711366397361594,9.7267981108651e-4,317.109521585573,418.377077350927,2015-06-08,159,2015,Yukon,NA,NA,NA,NA,NA,NA,NA,NA,NA,NA,0.02025506376594149,0.04186046511627907,0.4838709677419356,0.5084485407066053,Q2
109,2015_yk_109,0.719823748426893,0.0013386913961583,546.91679920941306,727.325523384402,2015-06-08,159,2015,Yukon,Lower Yukon Test Fish,2015,6/8/15,2,842,1.4,109,0,2e-4,0.9998,0.02025506376594149,0.04186046511627907,0.4838709677419356,0.5084485407066053,Q2
111,2015_yk_111,0.71677910544808,0.00148365256778522,442.053260485926,626.66746633935,2015-06-09,160,2015,Yukon,Lower Yukon Test Fish,2015,6/9/15,1,894,1.4,111,0.0015,0.2494,0.7491,0.008752188047011753,0.009302325581395349,0.9408602150537635,0.5084485407066053,Q2
113,2015_yk_113,0.723317994545258,0.00101787366422349,609.540846425074,734.519076765051,2015-06-11,162,2015,Yukon,Lower Yukon Test Fish,2015,6/11/15,2,924,1.4,113,0.0064,0.9936,0,0.027006751687921986,0.06976744186046512,0.3870967741935485,0.5084485407066053,Q2
114,2015_yk_114,0.722596189982477,0.0010663470753327,596.416111552003,727.99886894416,2015-06-11,162,2015,Yukon,Lower Yukon Test Fish,2015,6/11/15,2,896,1.4,114,6e-4,0.9994,0,0.027006751687921986,0.06976744186046512,0.3870967741935485,0.5084485407066053,Q2
116,2015_yk_116,0.71684326373056,0.00111992933522484,665.351564670157,744.074828748783,2015-06-11,162,2015,Yukon,Lower Yukon Test Fish,2015,6/11/15,1,837,1.4,116,1e-4,0.0305,0.9693,0.027006751687921986,0.06976744186046512,0.3870967741935485,0.5084485407066053,Q2
117,2015_yk_117,0.716516788963068,8.6657994987322e-4,496.737652909385,643.317321495113,2015-06-11,162,2015,Yukon,Lower Yukon Test Fish,2015,6/11/15,1,849,1.4,117,0,0,1,0.027006751687921986,0.06976744186046512,0.3870967741935485,0.5084485407066053,Q2
119,2015_yk_119,0.719145701457494,8.4352693653016e-4,492.444350538361,535.110901072543,2015-06-11,162,2015,Yukon,Lower Yukon Test Fish,2015,6/11/15,2,798,1.4,119,0,7e-4,0.9993,0.027006751687921986,0.06976744186046512,0.3870967741935485,0.5084485407066053,Q2
124,2015_yk_124,0.705023979496134,6.3270005545107e-4,482.435580657627,582.411296519811,2015-06-11,162,2015,Yukon,Lower Yukon Test Fish,2015,6/11/15,1,743,1.4,124,0.9974,0.0026,0,0.027006751687921986,0.06976744186046512,0.3870967741935485,0.5084485407066053,Q2
128,2015_yk_128,0.722562868070951,6.0080491884653e-4,589.916402035906,741.758825433286,2015-06-11,162,2015,Yukon,Lower Yukon Test Fish,2015,6/11/15,1,745,1.4,128,0,1,0,0.027006751687921986,0.06976744186046512,0.3870967741935485,0.5084485407066053,Q2
129,2015_yk_129,0.712050184937521,8.8066646038171e-4,515.63295834896,660.860501985712,2015-06-11,162,2015,Yukon,Lower Yukon Test Fish,2015,6/11/15,1,951,1.4,129,0.0152,0.8316,0.1532,0.027006751687921986,0.06976744186046512,0.3870967741935485,0.5084485407066053,Q2
137,2015_yk_137,0.713547613683935,8.4875846864157e-4,538.101617269185,600.23087006714,2015-06-13,164,2015,Yukon,Lower Yukon Test Fish,2015,6/13/15,1,778,2.4,137,0,0,1,0.02350587646911728,0.023255813953488372,1.0107526881720432,0.8822091886608018,Q2
139,2015_yk_139,0.721423112522696,0.00100601509154167,375.9016777036,438.408331252255,2015-06-13,164,2015,Yukon,Lower Yukon Test Fish,2015,6/13/15,2,788,1.4,139,0,0.0028,0.9972,0.02350587646911728,0.023255813953488372,1.0107526881720432,0.8822091886608018,Q2
144,2015_yk_144,0.722727992595616,7.5871967250058e-4,488.568507073977,659.984406715521,2015-06-14,165,2015,Yukon,Lower Yukon Test Fish,2015,6/14/15,2,885,1.4,144,0,1,0,0.0207551887971993,0.023255813953488372,0.8924731182795699,0.8822091886608018,Q2
148,2015_yk_148,0.714839172346859,0.00113781348854193,458.000088813128,618.838553875932,2015-06-14,165,2015,Yukon,Lower Yukon Test Fish,2015,6/14/15,1,760,1.4,148,0,0,1,0.0207551887971993,0.023255813953488372,0.8924731182795699,0.8822091886608018,Q2
149,2015_yk_149,0.718553096244677,8.3527905167377e-4,781.099516511773,889.21888434593,2015-06-14,165,2015,Yukon,Lower Yukon Test Fish,2015,6/14/15,2,810,1.4,149,0,0,1,0.0207551887971993,0.023255813953488372,0.8924731182795699,0.8822091886608018,Q2
151,2015_yk_151,0.725532620161563,8.7312803287533e-4,472.36463645968,603.150168509691,2015-06-14,165,2015,Yukon,Lower Yukon Test Fish,2015,6/14/15,1,785,1.4,151,0,0.0032,0.9967,0.0207551887971993,0.023255813953488372,0.8924731182795699,0.8822091886608018,Q2
152,2015_yk_152,0.710843445151515,0.00135265907276825,588.383475247238,732.355085068022,2015-06-14,165,2015,Yukon,Lower Yukon Test Fish,2015,6/14/15,2,801,1.3,152,0,1e-4,0.9999,0.0207551887971993,0.023255813953488372,0.8924731182795699,0.8822091886608018,Q2
159,2015_yk_159,0.712219961409163,9.9348130144976e-4,545.83746168023,699.524398198696,2015-06-15,166,2015,Yukon,Lower Yukon Test Fish,2015,6/15/15,1,785,1.3,159,0.0256,0.9159,0.0586,0.018754688672168045,0.018604651162790697,1.0080645161290325,0.8822091886608018,Q3
161,2015_yk_161,0.70727825373055,7.2607850961239e-4,403.913864266343,482.580065997115,2015-06-15,166,2015,Yukon,NA,NA,NA,NA,NA,NA,NA,NA,NA,NA,0.018754688672168045,0.018604651162790697,1.0080645161290325,0.8822091886608018,Q3
165,2015_yk_165,0.712636319982632,6.5807229651689e-4,486.055552099614,691.69969886261,2015-06-15,166,2015,Yukon,Lower Yukon Test Fish,2015,6/15/15,2,622,1.3,165,0.9906,0.0094,0,0.018754688672168045,0.018604651162790697,1.0080645161290325,0.8822091886608018,Q3
166,2015_yk_166,0.715171168384837,0.00194352157002242,549.315123228359,624.937200095617,2015-06-15,166,2015,Yukon,Lower Yukon Test Fish,2015,6/15/15,1,603,NA,166,0.9388,0.0014,0.0598,0.018754688672168045,0.018604651162790697,1.0080645161290325,0.8822091886608018,Q3
171,2015_yk_171,0.709742122848254,9.7445189065911e-4,303.179067999706,580.1985660969,2015-06-16,167,2015,Yukon,Lower Yukon Test Fish,2015,6/16/15,2,834,1.4,171,0.8867,0.01,0.1033,0.011502875718929734,0.013953488372093023,0.8243727598566309,0.8822091886608018,Q3
174,2015_yk_174,0.719233522835031,0.00108176146869293,418.20151105607,609.065780582756,2015-06-16,167,2015,Yukon,Lower Yukon Test Fish,2015,6/16/15,2,846,1.4,174,3e-4,0.9997,0,0.011502875718929734,0.013953488372093023,0.8243727598566309,0.8822091886608018,Q3
175,2015_yk_175,0.722263422741401,0.00110114588969714,599.642334858385,762.337752990329,2015-06-16,167,2015,Yukon,Lower Yukon Test Fish,2015,6/16/15,1,802,1.4,175,0.0085,0.9843,0.0072,0.011502875718929734,0.013953488372093023,0.8243727598566309,0.8822091886608018,Q3
178,2015_yk_178,0.721702524741718,7.3429699568442e-4,610.36894895629,736.058037446487,2015-06-17,168,2015,Yukon,Lower Yukon Test Fish,2015,6/17/15,2,865,1.4,178,0,0,1,0.0345086271567892,0.018604651162790697,1.8548387096774195,1.168770453482936,Q3
179,2015_yk_179,0.716665398033756,8.3632543740416e-4,771.283699471819,874.817062366389,2015-06-17,168,2015,Yukon,Lower Yukon Test Fish,2015,6/17/15,1,816,1.4,179,0.0104,0.9895,0,0.0345086271567892,0.018604651162790697,1.8548387096774195,1.168770453482936,Q3
180,2015_yk_180,0.707457439735257,3.846538280854e-4,682.90401284675,856.889905568788,2015-06-17,168,2015,Yukon,Lower Yukon Test Fish,2015,6/17/15,1,727,1.4,180,0.0277,0.9638,0.0085,0.0345086271567892,0.018604651162790697,1.8548387096774195,1.168770453482936,Q3
193,2015_yk_193,0.707073487060177,6.1744876516524e-4,560.424352526144,754.385083753728,2015-06-17,168,2015,Yukon,Lower Yukon Test Fish,2015,6/17/15,1,733,1.3,193,0.9993,7e-4,0,0.0345086271567892,0.018604651162790697,1.8548387096774195,1.168770453482936,Q3
199,2015_yk_199,0.71292576411549,8.979198495763e-4,344.959152905683,591.52424997523,2015-06-18,169,2015,Yukon,Lower Yukon Test Fish,2015,6/18/15,1,527,1.2,199,0,0,1,0.03850962740685172,0.03255813953488372,1.1827956989247312,1.168770453482936,Q3
200,2015_yk_200,0.712075925770413,8.3199977615679e-4,565.802627218756,678.528132114251,2015-06-18,169,2015,Yukon,Lower Yukon Test Fish,2015,6/18/15,1,590,1.2,200,0.2048,0.7952,0,0.03850962740685172,0.03255813953488372,1.1827956989247312,1.168770453482936,Q3
205,2015_yk_205,0.716245959593961,0.001044977292641,504.459146992621,676.694986709202,2015-06-09,160,2015,Yukon,Lower Yukon Test Fish,2015,6/9/15,1,831,1.4,205,0,0,1,0.008752188047011753,0.009302325581395349,0.9408602150537635,0.5084485407066053,Q2
214,2015_yk_214,0.722649844626339,8.119919952271e-4,644.315051624797,766.542066392693,2015-06-10,161,2015,Yukon,Lower Yukon Test Fish,2015,6/10/15,1,942,1.4,214,0,1,0,0.013253313328332085,0.018604651162790697,0.7123655913978496,0.5084485407066053,Q2
215,2015_yk_215,0.715772419133155,0.00143369777798131,623.278521853267,767.408177457048,2015-06-10,161,2015,Yukon,Lower Yukon Test Fish,2015,6/10/15,1,925,1.4,215,0,0.396,0.604,0.013253313328332085,0.018604651162790697,0.7123655913978496,0.5084485407066053,Q2
219,2015_yk_219,0.725645851190953,0.00128270620706213,468.526845861541,606.563047554209,2015-06-10,161,2015,Yukon,Lower Yukon Test Fish,2015,6/10/15,1,792,1.3,219,0,0.0012,0.9988,0.013253313328332085,0.018604651162790697,0.7123655913978496,0.5084485407066053,Q2
220,2015_yk_220,0.714261552586245,0.00128943589839092,522.899866267532,577.256338958724,2015-06-10,161,2015,Yukon,Lower Yukon Test Fish,2015,6/10/15,2,877,1.4,220,0,0,1,0.013253313328332085,0.018604651162790697,0.7123655913978496,0.5084485407066053,Q2
221,2015_yk_221_2,0.721550494800734,7.1562669660011e-4,488.246442689139,638.477800974959,2015-06-11,162,2015,Yukon,Lower Yukon Test Fish,2015,6/11/15,1,865,1.4,221,0,0.0036,0.9964,0.027006751687921986,0.06976744186046512,0.3870967741935485,0.5084485407066053,Q2
222,2015_yk_222,0.720085133325265,0.00102858299359444,536.997502452373,592.028326081576,2015-06-11,162,2015,Yukon,Lower Yukon Test Fish,2015,6/11/15,2,809,1.4,222,0,1e-4,0.9999,0.027006751687921986,0.06976744186046512,0.3870967741935485,0.5084485407066053,Q2
223,2015_yk_223,0.712606813805832,0.00130087496614382,458.92871289439,565.50984636432,2015-06-11,162,2015,Yukon,Lower Yukon Test Fish,2015,6/11/15,1,656,1.3,223,0.0025,0.9975,0,0.027006751687921986,0.06976744186046512,0.3870967741935485,0.5084485407066053,Q2
225,2015_yk_225,0.708784490281937,7.9122867866223e-4,513.412581658515,679.661850829747,2015-06-11,162,2015,Yukon,Lower Yukon Test Fish,2015,6/11/15,1,719,1.3,225,0.0016,0.9984,0,0.027006751687921986,0.06976744186046512,0.3870967741935485,0.5084485407066053,Q2
226,2015_yk_226,0.709432538473609,0.00134885181027717,572.225441337459,684.219928131122,2015-06-11,162,2015,Yukon,Lower Yukon Test Fish,2015,6/11/15,2,805,1.4,226,0,0.9997,3e-4,0.027006751687921986,0.06976744186046512,0.3870967741935485,0.5084485407066053,Q2
233,2015_yk_233,0.713812935594919,0.00120570189540711,732.006307079865,889.369050656328,2015-06-11,162,2015,Yukon,Lower Yukon Test Fish,2015,6/11/15,1,848,1.4,233,0,0,1,0.027006751687921986,0.06976744186046512,0.3870967741935485,0.5084485407066053,Q2
234,2015_yk_234,0.706704149195986,8.9545666407475e-4,606.112022724615,777.162254685033,2015-06-11,162,2015,Yukon,Lower Yukon Test Fish,2015,6/11/15,1,826,1.4,234,0,0,1,0.027006751687921986,0.06976744186046512,0.3870967741935485,0.5084485407066053,Q2
239,2015_yk_239,0.715353742721886,6.8612410560276e-4,375.268198690732,487.207910751151,2015-06-12,163,2015,Yukon,Lower Yukon Test Fish,2015,6/12/15,1,795,1.4,239,1e-4,0.9999,0,0.015753938484621158,0.023255813953488372,0.6774193548387097,0.8822091886608018,Q2
240,2015_yk_240,0.715978540114379,0.00117416301199274,630.149933286745,737.839608060596,2015-06-12,163,2015,Yukon,Lower Yukon Test Fish,2015,6/12/15,1,876,1.4,240,0,1,0,0.015753938484621158,0.023255813953488372,0.6774193548387097,0.8822091886608018,Q2
242,2015_yk_242,0.706414072015242,0.00147271839488905,416.855748554879,691.712254162884,2015-06-12,163,2015,Yukon,Lower Yukon Test Fish,2015,6/12/15,1,707,1.3,242,0,0,1,0.015753938484621158,0.023255813953488372,0.6774193548387097,0.8822091886608018,Q2
243,2015_yk_243,0.720765045588841,0.0011967113311029,553.295228531554,630.737283714071,2015-06-12,163,2015,Yukon,Lower Yukon Test Fish,2015,6/12/15,1,823,1.4,243,0,1,0,0.015753938484621158,0.023255813953488372,0.6774193548387097,0.8822091886608018,Q2
244,2015_yk_244,0.719212989844719,0.00109376262012762,481.735629974121,609.264968050635,2015-06-12,163,2015,Yukon,Lower Yukon Test Fish,2015,6/12/15,2,846,1.4,244,0,1e-4,0.9999,0.015753938484621158,0.023255813953488372,0.6774193548387097,0.8822091886608018,Q2
258,2015_yk_258,0.70719528413519,6.7393906067752e-4,760.566585345947,922.448347385563,2015-06-13,164,2015,Yukon,Lower Yukon Test Fish,2015,6/13/15,1,684,1.3,258,0.9807,0.0193,0,0.02350587646911728,0.023255813953488372,1.0107526881720432,0.8822091886608018,Q2
259,2015_yk_259,0.724683956086648,0.00103178136700679,488.301355961305,638.276701785961,2015-06-13,164,2015,Yukon,Lower Yukon Test Fish,2015,6/13/15,1,855,1.4,259,0.0179,0.9821,0,0.02350587646911728,0.023255813953488372,1.0107526881720432,0.8822091886608018,Q2
261,2015_yk_261,0.708779995485969,0.00109908371864744,583.484081755339,781.267745386297,2015-06-13,164,2015,Yukon,Lower Yukon Test Fish,2015,6/13/15,1,801,NA,261,0.0247,0.9752,1e-4,0.02350587646911728,0.023255813953488372,1.0107526881720432,0.8822091886608018,Q2
272,2015_yk_272,0.712944131942657,0.0011861518988285,570.973180040946,710.123600329265,2015-06-23,174,2015,Yukon,Lower Yukon Test Fish,2015,6/23/15,1,667,1.3,272,0,0.0024,0.9976,0.01450362590647662,0.013953488372093023,1.039426523297491,1.2323146576117716,Q4
275,2015_yk_275a,0.707320455448153,5.9647937794065e-4,498.151210033084,603.555869507368,2015-06-25,176,2015,Yukon,Lower Yukon Test Fish,2015,6/25/15,2,851,1.4,275,0.9999,1e-4,0,0.08127031757939486,0.06511627906976744,1.2480798771121353,1.2323146576117716,Q4
302,2015_yk_302,0.712938118454499,0.00159300536442631,451.444764056342,587.897958703731,2015-06-18,169,2015,Yukon,Lower Yukon Test Fish,2015,6/18/15,2,814,1.4,302,0,0,1,0.03850962740685172,0.03255813953488372,1.1827956989247312,1.168770453482936,Q3
306,2015_yk_306,0.714925826880849,0.00135488528759892,517.923203876426,635.618470802556,2015-06-18,169,2015,Yukon,Lower Yukon Test Fish,2015,6/18/15,1,720,1.3,306,0,0,1,0.03850962740685172,0.03255813953488372,1.1827956989247312,1.168770453482936,Q3
311,2015_yk_311,0.709219384093476,0.00167632795484073,632.834649702811,751.980397874143,2015-06-18,169,2015,Yukon,Lower Yukon Test Fish,2015,6/18/15,1,780,1.4,311,0.1015,0.8985,0,0.03850962740685172,0.03255813953488372,1.1827956989247312,1.168770453482936,Q3
314,2015_yk_314,0.721757950209794,5.874472757733e-4,535.192252787658,630.581824560947,2015-06-18,169,2015,Yukon,Lower Yukon Test Fish,2015,6/18/15,1,839,1.3,314,0,1,0,0.03850962740685172,0.03255813953488372,1.1827956989247312,1.168770453482936,Q3
316,2015_yk_316,0.716207596771908,9.4690710350098e-4,685.800211428584,764.825273656379,2015-06-18,169,2015,Yukon,Lower Yukon Test Fish,2015,6/18/15,2,870,1.4,316,0,0,1,0.03850962740685172,0.03255813953488372,1.1827956989247312,1.168770453482936,Q3
325,2015_yk_325,0.711348670982854,7.1851438690063e-4,611.416084681004,703.532653244499,2015-06-19,170,2015,Yukon,Lower Yukon Test Fish,2015,6/19/15,1,757,1.3,325,0,5e-4,0.9995,0.0207551887971993,0.03255813953488372,0.6374807987711214,1.168770453482936,Q3
326,2015_yk_326,0.706515388015137,5.1877617144589e-4,738.106010520823,831.282390300895,2015-06-19,170,2015,Yukon,Lower Yukon Test Fish,2015,6/19/15,1,806,1.4,326,0.9998,2e-4,0,0.0207551887971993,0.03255813953488372,0.6374807987711214,1.168770453482936,Q3
327,2015_yk_327,0.718632312594402,6.3229726610475e-4,476.520774254921,606.006495929451,2015-06-19,170,2015,Yukon,NA,NA,NA,NA,NA,NA,NA,NA,NA,NA,0.0207551887971993,0.03255813953488372,0.6374807987711214,1.168770453482936,Q3
331,2015_yk_331,0.707879630091551,4.552494868995e-4,501.893452925459,695.767243665971,2015-06-19,170,2015,Yukon,Lower Yukon Test Fish,2015,6/19/15,2,877,1.4,331,0.993,0.007,0,0.0207551887971993,0.03255813953488372,0.6374807987711214,1.168770453482936,Q3
332,2015_yk_332,0.711672011644236,7.1888769154846e-4,513.406947760536,664.560186903769,2015-06-19,170,2015,Yukon,Lower Yukon Test Fish,2015,6/19/15,2,828,1.3,332,0.0034,0.9966,0,0.0207551887971993,0.03255813953488372,0.6374807987711214,1.168770453482936,Q3
333,2015_yk_333_1,0.710304683864174,0.00169965357448143,554.324438077764,662.076195706468,2015-06-19,170,2015,Yukon,Lower Yukon Test Fish,2015,6/19/15,2,835,NA,333,5e-4,0.9322,0.0674,0.0207551887971993,0.03255813953488372,0.6374807987711214,1.168770453482936,Q3
333,2015_yk_333_2,0.71053235544575,0.0017736420034175,476.216832013487,581.409951145156,2015-06-19,170,2015,Yukon,Lower Yukon Test Fish,2015,6/19/15,2,835,NA,333,5e-4,0.9322,0.0674,0.0207551887971993,0.03255813953488372,0.6374807987711214,1.168770453482936,Q3
338,2015_yk_338,0.709076893112788,0.0010451995633979,423.954642465808,472.798364700223,2015-06-20,171,2015,Yukon,Lower Yukon Test Fish,2015,6/20/15,2,901,1.5,338,0,0,1,0.017754438609652416,0.009302325581395349,1.9086021505376347,1.168770453482936,Q3
342,2015_yk_342,0.713907643152875,8.9293971165153e-4,493.610089243472,576.740768474988,2015-06-20,171,2015,Yukon,Lower Yukon Test Fish,2015,6/20/15,2,803,1.4,342,0,1,0,0.017754438609652416,0.009302325581395349,1.9086021505376347,1.168770453482936,Q3
348,2015_yk_348,0.715496245236602,0.00112470559161661,417.037111245812,568.458001298254,2015-06-21,172,2015,Yukon,Lower Yukon Test Fish,2015,6/21/15,2,827,1.4,348,0,0.0014,0.9985,0.013503375843960993,0.013953488372093023,0.9677419354838712,1.168770453482936,Q3
349,2015_yk_349,0.710844333140387,0.00113322537355884,486.188137454956,795.706123203091,2015-06-21,172,2015,Yukon,Lower Yukon Test Fish,2015,6/21/15,2,833,1.4,349,0,0.0032,0.9968,0.013503375843960993,0.013953488372093023,0.9677419354838712,1.168770453482936,Q3
357,2015_yk_357,0.711486128128333,0.00114766233234874,526.471911280829,693.38709337609,2015-06-21,172,2015,Yukon,Lower Yukon Test Fish,2015,6/21/15,1,603,1.2,357,0,0,1,0.013503375843960993,0.013953488372093023,0.9677419354838712,1.168770453482936,Q3
361,2015_yk_361,0.715010257897343,0.00124341585803017,596.275999082096,797.217756425051,2015-06-22,173,2015,Yukon,Lower Yukon Test Fish,2015,6/22/15,1,775,1.4,361,0,2e-4,0.9998,0.00725181295323831,0.009302325581395349,0.7795698924731184,1.2323146576117716,Q4
363,2015_yk_363,0.710167775261939,0.00103206454659231,522.065378231788,682.332652086889,2015-06-22,173,2015,Yukon,Lower Yukon Test Fish,2015,6/22/15,1,716,1.3,363,2e-4,7e-4,0.9991,0.00725181295323831,0.009302325581395349,0.7795698924731184,1.2323146576117716,Q4
366,2015_yk_366,0.721827457892087,0.00109898477191714,472.725737535968,616.906004525725,2015-06-23,174,2015,Yukon,Lower Yukon Test Fish,2015,6/23/15,-1,888,1.4,366,0.1185,0.0122,0.8693,0.01450362590647662,0.013953488372093023,1.039426523297491,1.2323146576117716,Q4
367,2015_yk_367,0.718751042969793,0.00107128150054364,494.958374461011,624.570627383468,2015-06-23,174,2015,Yukon,Lower Yukon Test Fish,2015,6/23/15,-1,830,1.4,367,0.9972,0.0028,0,0.01450362590647662,0.013953488372093023,1.039426523297491,1.2323146576117716,Q4
375,2015_yk_375,0.707717299223054,6.4421599074366e-4,691.993785530236,833.260750269036,2015-06-24,175,2015,Yukon,Lower Yukon Test Fish,2015,6/24/15,1,725,1.4,375,0.9999,1e-4,0,0.015753938484621158,0.027906976744186046,0.5645161290322581,1.2323146576117716,Q4
376,2015_yk_376,0.707710321004567,4.4241751064176e-4,380.209744593862,503.717556375917,2015-06-24,175,2015,Yukon,Lower Yukon Test Fish,2015,6/24/15,1,492,1.2,376,0.9978,0.0022,0,0.015753938484621158,0.027906976744186046,0.5645161290322581,1.2323146576117716,Q4
377,2015_yk_377,0.707070699347619,7.9941520671074e-4,385.618216225308,578.52370589956,2015-06-24,175,2015,Yukon,Lower Yukon Test Fish,2015,6/24/15,1,561,1.2,377,0.9998,2e-4,0,0.015753938484621158,0.027906976744186046,0.5645161290322581,1.2323146576117716,Q4
379,2015_yk_379a,0.707086321686754,6.5793560727161e-4,519.932268167718,649.271788448271,2015-06-24,175,2015,Yukon,Lower Yukon Test Fish,2015,6/24/15,1,523,1.2,379,0.9999,1e-4,0,0.015753938484621158,0.027906976744186046,0.5645161290322581,1.2323146576117716,Q4
379,2015_yk_379b,0.7072434170741,7.7515922320588e-4,430.341525906012,625.247442716963,2015-06-24,175,2015,Yukon,Lower Yukon Test Fish,2015,6/24/15,1,523,1.2,379,0.9999,1e-4,0,0.015753938484621158,0.027906976744186046,0.5645161290322581,1.2323146576117716,Q4
380,2015_yk_380,0.707118798424769,6.8183713116451e-4,698.560731578309,859.20828379178,2015-06-24,175,2015,Yukon,Lower Yukon Test Fish,2015,6/24/15,1,549,1.2,380,1,0,0,0.015753938484621158,0.027906976744186046,0.5645161290322581,1.2323146576117716,Q4
389,2015_yk_389,0.714076715366526,0.00138072556382211,734.289485910289,887.858590795508,2015-06-25,176,2015,Yukon,Lower Yukon Test Fish,2015,6/25/15,2,819,1.4,389,0,0,1,0.08127031757939486,0.06511627906976744,1.2480798771121353,1.2323146576117716,Q4
390,2015_yk_390,0.707661649151447,7.9882227686249e-4,472.905371943009,591.402138878,2015-06-25,176,2015,Yukon,Lower Yukon Test Fish,2015,6/25/15,1,765,1.4,390,0.0287,0.9712,0,0.08127031757939486,0.06511627906976744,1.2480798771121353,1.2323146576117716,Q4
394,2015_yk_394,0.707728238007804,6.1747966857254e-4,516.368188038757,687.450591318976,2015-06-25,176,2015,Yukon,Lower Yukon Test Fish,2015,6/25/15,2,832,1.4,394,1,0,0,0.08127031757939486,0.06511627906976744,1.2480798771121353,1.2323146576117716,Q4
395,2015_yk_395,0.707183688392573,8.0287362362764e-4,438.82627195894,602.934289328723,2015-06-25,176,2015,Yukon,Lower Yukon Test Fish,2015,6/25/15,1,721,1.4,395,1,0,0,0.08127031757939486,0.06511627906976744,1.2480798771121353,1.2323146576117716,Q4
396,2015_yk_396b,0.707600269411468,4.2078431092134e-4,415.816703944155,521.187282970146,2015-06-25,176,2015,Yukon,Lower Yukon Test Fish,2015,6/25/15,1,792,1.4,396,0.9975,0.0025,0,0.08127031757939486,0.06511627906976744,1.2480798771121353,1.2323146576117716,Q4
397,2015_yk_397,0.7077035312836,6.0012393146949e-4,519.786736538466,711.189653032913,2015-06-25,176,2015,Yukon,Lower Yukon Test Fish,2015,6/25/15,2,874,1.4,397,0.4873,0.5127,0,0.08127031757939486,0.06511627906976744,1.2480798771121353,1.2323146576117716,Q4
398,2015_yk_398_1,0.713816976847314,0.00129234165668134,498.994537119042,613.248730736298,2015-06-25,176,2015,Yukon,Lower Yukon Test Fish,2015,6/25/15,2,766,1.3,398,0.9996,4e-4,0,0.08127031757939486,0.06511627906976744,1.2480798771121353,1.2323146576117716,Q4
400,2015_yk_400,0.722274553158792,0.0010921745343214701,579.240687609488,719.411100148666,2015-06-25,176,2015,Yukon,Lower Yukon Test Fish,2015,6/25/15,2,786,1.4,400,0,1,0,0.08127031757939486,0.06511627906976744,1.2480798771121353,1.2323146576117716,Q4
402,2015_yk_402,0.707121739538735,6.294361514356e-4,652.51170018262,755.018959388762,2015-06-25,176,2015,Yukon,Lower Yukon Test Fish,2015,6/25/15,2,868,1.4,402,1,0,0,0.08127031757939486,0.06511627906976744,1.2480798771121353,1.2323146576117716,Q4
404,2015_yk_404,0.706830769511715,5.0290507522576e-4,607.101743391607,650.877536542218,2015-06-25,176,2015,Yukon,Lower Yukon Test Fish,2015,6/25/15,2,840,1.4,404,0.9736,0.0264,0,0.08127031757939486,0.06511627906976744,1.2480798771121353,1.2323146576117716,Q4
405,2015_yk_405,0.716445353179332,0.00124838496233308,522.527052235002,666.794081600719,2015-06-25,176,2015,Yukon,Lower Yukon Test Fish,2015,6/25/15,2,880,1.4,405,0.178,0.4102,0.4118,0.08127031757939486,0.06511627906976744,1.2480798771121353,1.2323146576117716,Q4
416,2015_yk_416,0.70677906571558,6.6321662985727e-4,518.882670063754,664.594369799609,2015-06-25,176,2015,Yukon,Lower Yukon Test Fish,2015,6/25/15,1,595,1.2,416,0.9667,0.0333,0,0.08127031757939486,0.06511627906976744,1.2480798771121353,1.2323146576117716,Q4
417,2015_yk_417,0.723106604325891,0.00157201024884597,822.635939946925,940.938126056849,2015-06-25,176,2015,Yukon,Lower Yukon Test Fish,2015,6/25/15,2,884,1.4,417,0,4e-4,0.9996,0.08127031757939486,0.06511627906976744,1.2480798771121353,1.2323146576117716,Q4
422,2015_yk_422,0.707837930462833,4.3160775884822e-4,491.078899706513,655.249428511014,2015-06-26,177,2015,Yukon,Lower Yukon Test Fish,2015,6/26/15,1,545,1.2,422,0.9873,0.0127,0,0.09902475618904727,0.06046511627906977,1.6377171215880895,1.2323146576117716,Q4
423,2015_yk_423,0.706957320929441,6.1150875550742e-4,426.273323804655,580.297658431017,2015-06-26,177,2015,Yukon,Lower Yukon Test Fish,2015,6/26/15,2,780,1.3,423,0.9997,3e-4,0,0.09902475618904727,0.06046511627906977,1.6377171215880895,1.2323146576117716,Q4
424,2015_yk_424,0.722296642849192,9.6527394760009e-4,464.382148588381,622.887725424006,2015-06-26,177,2015,Yukon,Lower Yukon Test Fish,2015,6/26/15,2,850,1.4,424,0,1,0,0.09902475618904727,0.06046511627906977,1.6377171215880895,1.2323146576117716,Q4
425,2015_yk_425,0.70775834861577,4.226754713986e-4,488.870045805307,672.21926757183,2015-06-26,177,2015,Yukon,Lower Yukon Test Fish,2015,6/26/15,2,528,1.2,425,0.9865,0.0135,0,0.09902475618904727,0.06046511627906977,1.6377171215880895,1.2323146576117716,Q4
426,2015_yk_426,0.713807874740162,9.8721329868084e-4,379.562809042335,515.685295880513,2015-06-26,177,2015,Yukon,Lower Yukon Test Fish,2015,6/26/15,2,903,1.4,426,0.9137,0.0863,0,0.09902475618904727,0.06046511627906977,1.6377171215880895,1.2323146576117716,Q4
427,2015_yk_427,0.718483227060368,8.4953403313317e-4,586.09837224819,664.083287839486,2015-06-26,177,2015,Yukon,Lower Yukon Test Fish,2015,6/26/15,1,655,1.3,427,1,0,0,0.09902475618904727,0.06046511627906977,1.6377171215880895,1.2323146576117716,Q4
430,2015_yk_430,0.711429208928945,8.9885748639157e-4,454.340631817205,629.981844696432,2015-06-26,177,2015,Yukon,Lower Yukon Test Fish,2015,6/26/15,1,773,1.4,430,0.9949,0.0051,0,0.09902475618904727,0.06046511627906977,1.6377171215880895,1.2323146576117716,Q4
431,2015_yk_431,0.707821354256552,4.673826766922e-4,499.182248372085,655.829063197578,2015-06-26,177,2015,Yukon,Lower Yukon Test Fish,2015,6/26/15,1,609,1.2,431,0.9999,1e-4,0,0.09902475618904727,0.06046511627906977,1.6377171215880895,1.2323146576117716,Q4
433,2015_yk_433,0.712557176911212,0.00114353340593901,494.467452914545,670.622928236957,2015-06-26,177,2015,Yukon,Lower Yukon Test Fish,2015,6/26/15,1,691,1.3,433,0.0014,0.9746,0.0239,0.09902475618904727,0.06046511627906977,1.6377171215880895,1.2323146576117716,Q4
436,2015_yk_436,0.70627540773582,0.00139437152751884,708.322845047137,940.299389611656,2015-06-26,177,2015,Yukon,Lower Yukon Test Fish,2015,6/26/15,1,569,1.2,436,0.9994,6e-4,0,0.09902475618904727,0.06046511627906977,1.6377171215880895,1.2323146576117716,Q4
437,2015_yk_437,0.707212559622513,0.00100688701897031,665.980985325147,854.222474090199,2015-06-26,177,2015,Yukon,Lower Yukon Test Fish,2015,6/26/15,2,875,1.5,437,0.9998,2e-4,0,0.09902475618904727,0.06046511627906977,1.6377171215880895,1.2323146576117716,Q4
438,2015_yk_438,0.70728363298357,0.00113349075998754,750.019163032436,852.428950931945,2015-06-26,177,2015,Yukon,Lower Yukon Test Fish,2015,6/26/15,2,822,1.4,438,0.9968,0.0032,0,0.09902475618904727,0.06046511627906977,1.6377171215880895,1.2323146576117716,Q4
444,2015_yk_444,0.70637587968433,6.6103650507931e-4,469.77986824672,526.743052737564,2015-06-26,177,2015,Yukon,NA,NA,NA,NA,NA,NA,NA,NA,NA,NA,0.09902475618904727,0.06046511627906977,1.6377171215880895,1.2323146576117716,Q4
450,2015_yk_450,0.707400886044464,6.272355734892e-4,590.742068722951,694.531644453686,2015-06-27,178,2015,Yukon,Lower Yukon Test Fish,2015,6/27/15,2,830,1.4,450,0.9947,0.0053,0,0.04576144036009003,0.046511627906976744,0.9838709677419356,1.1948924731182797,Q4
451,2015_yk_451,0.707835170508504,5.5283158210303e-4,582.904459439751,648.195006383765,2015-06-27,178,2015,Yukon,Lower Yukon Test Fish,2015,6/27/15,2,797,1.4,451,1,0,0,0.04576144036009003,0.046511627906976744,0.9838709677419356,1.1948924731182797,Q4
454,2015_yk_454,0.707559581681119,5.5318684875581e-4,458.589527797602,681.020891871181,2015-06-27,178,2015,Yukon,Lower Yukon Test Fish,2015,6/27/15,1,772,1.4,454,1,0,0,0.04576144036009003,0.046511627906976744,0.9838709677419356,1.1948924731182797,Q4
457,2015_yk_457_1,0.710763041695187,0.00123732797924624,443.602933418775,742.75876526416,2015-06-27,178,2015,Yukon,Lower Yukon Test Fish,2015,6/27/15,2,800,1.4,457,0,0,1,0.04576144036009003,0.046511627906976744,0.9838709677419356,1.1948924731182797,Q4
458,2015_yk_458,0.722387317000704,8.4291056907053e-4,505.266193705308,667.976528642973,2015-06-27,178,2015,Yukon,Lower Yukon Test Fish,2015,6/27/15,1,883,1.4,458,0,1,0,0.04576144036009003,0.046511627906976744,0.9838709677419356,1.1948924731182797,Q4
460,2015_yk_460,0.70631411875945,6.8030966040169e-4,837.023019737301,1023.12544412801,2015-06-27,178,2015,Yukon,Lower Yukon Test Fish,2015,6/27/15,1,804,1.4,460,1,0,0,0.04576144036009003,0.046511627906976744,0.9838709677419356,1.1948924731182797,Q4
461,2015_yk_461,0.706706509200825,7.4791678406219e-4,999.756498097066,1190.21819754639,2015-06-27,178,2015,Yukon,Lower Yukon Test Fish,2015,6/27/15,2,726,1.4,461,1,0,0,0.04576144036009003,0.046511627906976744,0.9838709677419356,1.1948924731182797,Q4
462,2015_yk_462,0.70714243506728,6.9384395397335e-4,661.348167490308,757.596997366846,2015-06-27,178,2015,Yukon,Lower Yukon Test Fish,2015,6/27/15,2,846,1.4,462,1,0,0,0.04576144036009003,0.046511627906976744,0.9838709677419356,1.1948924731182797,Q4
464,2015_yk_464,0.708039787173966,0.00107464648038144,574.178435014777,708.625809098326,2015-06-27,178,2015,Yukon,Lower Yukon Test Fish,2015,6/27/15,2,834,1.4,464,0,0,1,0.04576144036009003,0.046511627906976744,0.9838709677419356,1.1948924731182797,Q4
474,2015_yk_474,0.706354985329657,7.3338447320017e-4,629.724495170263,797.237997022138,2015-06-27,178,2015,Yukon,Lower Yukon Test Fish,2015,6/27/15,1,828,1.4,474,1,0,0,0.04576144036009003,0.046511627906976744,0.9838709677419356,1.1948924731182797,Q4
479,2015_yk_479,0.708393909951971,0.00106707149098568,595.586809222514,770.640533727191,2015-06-28,179,2015,Yukon,Lower Yukon Test Fish,2015,6/28/15,1,911,1.4,479,0.9905,0.0095,0,0.05951487871967993,0.06046511627906977,0.9842845326716296,1.1948924731182797,Q4
483,2015_yk_483,0.706242696037429,4.941147603043e-4,539.038250160436,715.53783615332,2015-06-28,179,2015,Yukon,Lower Yukon Test Fish,2015,6/28/15,2,897,1.4,483,1,0,0,0.05951487871967993,0.06046511627906977,0.9842845326716296,1.1948924731182797,Q4
486,2015_yk_486,0.704947390074305,5.9561524386596e-4,560.456812319962,735.622635506434,2015-06-28,179,2015,Yukon,Lower Yukon Test Fish,2015,6/28/15,2,841,1.3,486,0.9941,0.0059,0,0.05951487871967993,0.06046511627906977,0.9842845326716296,1.1948924731182797,Q4
487,2015_yk_487,0.707604136636925,5.9344014362459e-4,611.19944666175,765.557260951521,2015-06-28,179,2015,Yukon,Lower Yukon Test Fish,2015,6/28/15,2,843,1.4,487,1,0,0,0.05951487871967993,0.06046511627906977,0.9842845326716296,1.1948924731182797,Q4
489,2015_yk_489,0.707746911032283,0.00140398051464066,1009.47923831037,1325.35523419824,2015-06-28,179,2015,Yukon,Lower Yukon Test Fish,2015,6/28/15,2,799,1.4,489,1,0,0,0.05951487871967993,0.06046511627906977,0.9842845326716296,1.1948924731182797,Q4
489,2015_yk_489c,0.707871727475548,6.1950749426537e-4,601.556444217173,772.512789357109,2015-06-28,179,2015,Yukon,Lower Yukon Test Fish,2015,6/28/15,2,799,1.4,489,1,0,0,0.05951487871967993,0.06046511627906977,0.9842845326716296,1.1948924731182797,Q4
490,2015_yk_490,0.717863644314592,0.00130307204989531,567.21257285369,707.541810411986,2015-06-28,179,2015,Yukon,Lower Yukon Test Fish,2015,6/28/15,1,727,1.3,490,1,0,0,0.05951487871967993,0.06046511627906977,0.9842845326716296,1.1948924731182797,Q4
491,2015_yk_491,0.707087875157468,5.4268500975972e-4,720.460841077098,854.320136793034,2015-06-28,179,2015,Yukon,Lower Yukon Test Fish,2015,6/28/15,2,859,1.4,491,1,0,0,0.05951487871967993,0.06046511627906977,0.9842845326716296,1.1948924731182797,Q4
492,2015_yk_492,0.714816926932094,0.00113598764552379,568.116809498712,708.829102835548,2015-06-28,179,2015,Yukon,Lower Yukon Test Fish,2015,6/28/15,2,811,1.5,492,0,0.0045,0.9955,0.05951487871967993,0.06046511627906977,0.9842845326716296,1.1948924731182797,Q4
493,2015_yk_493a,0.708448094743339,0.00129758173629199,279.302292495851,466.549503801994,2015-06-28,179,2015,Yukon,Lower Yukon Test Fish,2015,6/28/15,1,844,1.4,493,0.9999,1e-4,0,0.05951487871967993,0.06046511627906977,0.9842845326716296,1.1948924731182797,Q4
494,2015_yk_494,0.706926669247706,5.3155188260839e-4,656.438045582844,864.855677373028,2015-06-28,179,2015,Yukon,Lower Yukon Test Fish,2015,6/28/15,1,542,1.2,494,0.9992,8e-4,0,0.05951487871967993,0.06046511627906977,0.9842845326716296,1.1948924731182797,Q4
497,2015_yk_497,0.706340295427959,5.8205887314508e-4,583.527783787387,742.578480816538,2015-06-28,179,2015,Yukon,Lower Yukon Test Fish,2015,6/28/15,1,566,1.2,497,0.9912,0.0088,0,0.05951487871967993,0.06046511627906977,0.9842845326716296,1.1948924731182797,Q4
508,2015_yk_508,0.707065867271931,5.4592146076825e-4,645.675775241086,799.896755668234,2015-06-28,179,2015,Yukon,Lower Yukon Test Fish,2015,6/28/15,2,836,1.4,508,1,0,0,0.05951487871967993,0.06046511627906977,0.9842845326716296,1.1948924731182797,Q4
514,2015_yk_514,0.706956543807641,7.20245477461e-4,840.928904806978,1008.66433310575,2015-06-29,180,2015,Yukon,Lower Yukon Test Fish,2015,6/29/15,2,854,1.4,514,0.9295,0.0705,0,0.02200550137534384,0.018604651162790697,1.1827956989247315,1.1948924731182797,Q4
521,2015_yk_521,0.707106941358212,7.2898998733609e-4,755.506703088436,836.974954416157,2015-06-29,180,2015,Yukon,Lower Yukon Test Fish,2015,6/29/15,2,902,1.4,521,0.994,0.006,0,0.02200550137534384,0.018604651162790697,1.1827956989247315,1.1948924731182797,Q4
523,2015_yk_523,0.717955980218591,0.00129738995925891,523.056610210536,657.040834174381,2015-06-29,180,2015,Yukon,Lower Yukon Test Fish,2015,6/29/15,2,879,1.4,523,6e-4,0.0073,0.9921,0.02200550137534384,0.018604651162790697,1.1827956989247315,1.1948924731182797,Q4
524,2015_yk_524,0.715161516736209,0.0012032487514401,627.997522507557,780.106600505107,2015-06-29,180,2015,Yukon,Lower Yukon Test Fish,2015,6/29/15,2,810,1.3,524,0,0.1861,0.8139,0.02200550137534384,0.018604651162790697,1.1827956989247315,1.1948924731182797,Q4
526,2015_yk_526,0.71052083909962,8.8444285265805e-4,552.633838057145,724.015913285121,2015-06-30,181,2015,Yukon,Lower Yukon Test Fish,2015,6/30/15,2,857,1.4,526,0,0,1,0.028257064266066518,0.018604651162790697,1.5188172043010753,1.1948924731182797,Q4
530,2015_yk_530_2,0.711972108199524,0.00112967908640408,713.131219329701,889.801391241137,2015-06-30,181,2015,Yukon,Lower Yukon Test Fish,2015,6/30/15,1,632,1.3,530,2e-4,2e-4,0.9996,0.028257064266066518,0.018604651162790697,1.5188172043010753,1.1948924731182797,Q4
534,2015_yk_534,0.711254126488408,0.00136121224390161,809.098517369804,1016.0075480322,2015-06-30,181,2015,Yukon,Lower Yukon Test Fish,2015,6/30/15,2,772,NA,534,0,1e-4,0.9999,0.028257064266066518,0.018604651162790697,1.5188172043010753,1.1948924731182797,Q4
535,2015_yk_535,0.707002178894349,6.0428999758938e-4,588.478752754834,717.966021769659,2015-06-30,181,2015,Yukon,Lower Yukon Test Fish,2015,6/30/15,2,823,1.4,535,0.979,0.021,0,0.028257064266066518,0.018604651162790697,1.5188172043010753,1.1948924731182797,Q4
537,2015_yk_537,0.706483709122978,5.6310349830209e-4,832.398841753558,1028.62321494714,2015-07-01,182,2015,Yukon,Lower Yukon Test Fish,2015,7/1/15,2,827,1.4,537,1,0,0,0.06676669167291824,0.04186046511627907,1.5949820788530469,1.1948924731182797,Q4
541,2015_yk_541,0.707651351419895,3.8495927393669e-4,396.715395181728,520.891836082286,2015-07-01,182,2015,Yukon,Lower Yukon Test Fish,2015,7/1/15,2,850,1.4,541,1,0,0,0.06676669167291824,0.04186046511627907,1.5949820788530469,1.1948924731182797,Q4
543,2015_yk_543,0.707125197899969,5.0979268202657e-4,515.149827304992,697.739878281872,2015-07-01,182,2015,Yukon,Lower Yukon Test Fish,2015,7/1/15,2,899,1.4,543,0.9998,2e-4,0,0.06676669167291824,0.04186046511627907,1.5949820788530469,1.1948924731182797,Q4
545,2015_yk_545,0.709655788751097,8.0312841068332e-4,409.898293647489,725.235809546764,2015-07-01,182,2015,Yukon,Lower Yukon Test Fish,2015,7/1/15,2,840,1.4,545,0,0,1,0.06676669167291824,0.04186046511627907,1.5949820788530469,1.1948924731182797,Q4
546,2015_yk_546,0.706927318218974,6.4670502627605e-4,655.678947272639,828.497154669269,2015-07-01,182,2015,Yukon,Lower Yukon Test Fish,2015,7/1/15,2,845,1.4,546,0.9992,8e-4,0,0.06676669167291824,0.04186046511627907,1.5949820788530469,1.1948924731182797,Q4
550,2015_yk_550,0.707062065350164,5.2274055293611e-4,462.232985534619,558.944381103771,2015-07-01,182,2015,Yukon,Lower Yukon Test Fish,2015,7/1/15,1,530,1.2,550,0.9999,1e-4,0,0.06676669167291824,0.04186046511627907,1.5949820788530469,1.1948924731182797,Q4
551,2015_yk_551,0.706242854199008,5.7725334930335e-4,583.457731889935,769.15554349145,2015-07-01,182,2015,Yukon,Lower Yukon Test Fish,2015,7/1/15,2,879,1.4,551,0.9996,4e-4,0,0.06676669167291824,0.04186046511627907,1.5949820788530469,1.1948924731182797,Q4
554,2015_yk_554,0.707734887346583,4.1545322085277e-4,603.32348928527006,844.10589180825,2015-07-01,182,2015,Yukon,Lower Yukon Test Fish,2015,7/1/15,1,589,1.2,554,0.998,0.002,0,0.06676669167291824,0.04186046511627907,1.5949820788530469,1.1948924731182797,Q4
555,2015_yk_555,0.707874262625584,3.7271870034876e-4,679.978388813166,847.574177999284,2015-07-01,182,2015,Yukon,Lower Yukon Test Fish,2015,7/1/15,1,755,1.3,555,1,0,0,0.06676669167291824,0.04186046511627907,1.5949820788530469,1.1948924731182797,Q4
558,2015_yk_558,0.707229849418789,8.468714213513e-4,637.949936811106,719.566860824498,2015-07-02,183,2015,Yukon,Lower Yukon Test Fish,2015,7/2/15,2,806,1.4,558,0,2e-4,0.9998,0.05326331582895724,0.04186046511627907,1.2724014336917564,1.275659824046921,Q4
559,2015_yk_559,0.706046789703579,4.3001614137809e-4,397.869131160079,557.344088860587,2015-07-02,183,2015,Yukon,Lower Yukon Test Fish,2015,7/2/15,2,826,1.4,559,1,0,0,0.05326331582895724,0.04186046511627907,1.2724014336917564,1.275659824046921,Q4
561,2015_yk_561,0.715865063155706,0.00115901206207327,453.995796116753,538.829028346258,2015-07-02,183,2015,Yukon,Lower Yukon Test Fish,2015,7/2/15,2,860,1.4,561,0,0,1,0.05326331582895724,0.04186046511627907,1.2724014336917564,1.275659824046921,Q4
566,2015_yk_566,0.707387985277229,4.3472087312087e-4,495.519091792795,628.999255740651,2015-07-02,183,2015,Yukon,Lower Yukon Test Fish,2015,7/2/15,2,750,1.4,566,1,0,0,0.05326331582895724,0.04186046511627907,1.2724014336917564,1.275659824046921,Q4
568,2015_yk_568,0.707093996097087,5.2850544645787e-4,519.815699707291,662.260034563274,2015-07-02,183,2015,Yukon,Lower Yukon Test Fish,2015,7/2/15,1,731,1.3,568,1,0,0,0.05326331582895724,0.04186046511627907,1.2724014336917564,1.275659824046921,Q4
571,2015_yk_571,0.707246179638692,6.8840198554075e-4,576.529048213525,771.622388009186,2015-07-02,183,2015,Yukon,Lower Yukon Test Fish,2015,7/2/15,1,764,1.3,571,1,0,0,0.05326331582895724,0.04186046511627907,1.2724014336917564,1.275659824046921,Q4
573,2015_yk_573,0.707713197623254,3.79104949549e-4,646.711284078966,797.168153297834,2015-07-02,183,2015,Yukon,Lower Yukon Test Fish,2015,7/2/15,1,763,1.3,573,0.997,0.003,0,0.05326331582895724,0.04186046511627907,1.2724014336917564,1.275659824046921,Q4
576,2015_yk_576,0.706230650147946,6.1568339768698e-4,617.550382004116,801.044163202793,2015-07-02,183,2015,Yukon,Lower Yukon Test Fish,2015,7/2/15,1,855,1.4,576,0.9999,1e-4,0,0.05326331582895724,0.04186046511627907,1.2724014336917564,1.275659824046921,Q4
578,2015_yk_578,0.707510791202331,5.4978112030985e-4,496.168018675811,573.929399254219,2015-07-02,183,2015,Yukon,Lower Yukon Test Fish,2015,7/2/15,2,877,1.4,578,0.9999,1e-4,0,0.05326331582895724,0.04186046511627907,1.2724014336917564,1.275659824046921,Q4
582,2015_yk_582,0.71149512644629,0.0013420222697563,605.254165674442,740.687746557088,2015-07-03,184,2015,Yukon,Lower Yukon Test Fish,2015,7/3/15,2,886,1.4,582,0.0428,0.039,0.9182,0.03850962740685172,0.037209302325581395,1.03494623655914,1.275659824046921,Q4
585,2015_yk_585,0.707326733406494,5.0687607747359e-4,477.1248715324,703.82651076777,2015-07-03,184,2015,Yukon,Lower Yukon Test Fish,2015,7/3/15,1,745,NA,585,1,0,0,0.03850962740685172,0.037209302325581395,1.03494623655914,1.275659824046921,Q4
587,2015_yk_587,0.70500710556062,6.5568893655017e-4,542.879353310173,647.20204899819,2015-07-03,184,2015,Yukon,Lower Yukon Test Fish,2015,7/3/15,2,794,1.4,587,1,0,0,0.03850962740685172,0.037209302325581395,1.03494623655914,1.275659824046921,Q4
588,2015_yk_588,0.707972951422739,4.3219532156206e-4,571.400652458797,682.236387312567,2015-07-03,184,2015,Yukon,Lower Yukon Test Fish,2015,7/3/15,1,638,1.2,588,0.9988,0.0012,0,0.03850962740685172,0.037209302325581395,1.03494623655914,1.275659824046921,Q4
592,2015_yk_592,0.706170598245176,5.6746643598687e-4,694.387436723912,785.556726898462,2015-07-03,184,2015,Yukon,Lower Yukon Test Fish,2015,7/3/15,2,738,NA,592,0.9984,0.0016,0,0.03850962740685172,0.037209302325581395,1.03494623655914,1.275659824046921,Q4
593,2015_yk_593,0.707844245576001,5.1539614270384e-4,492.668890976337,672.806017967767,2015-07-03,184,2015,Yukon,Lower Yukon Test Fish,2015,7/3/15,2,951,1.4,593,0.9996,4e-4,0,0.03850962740685172,0.037209302325581395,1.03494623655914,1.275659824046921,Q4
594,2015_yk_594,0.707168925832231,5.4908734135548e-4,596.186978789978,683.061831917053,2015-07-03,184,2015,Yukon,Lower Yukon Test Fish,2015,7/3/15,2,843,1.4,594,1,0,0,0.03850962740685172,0.037209302325581395,1.03494623655914,1.275659824046921,Q4
595,2015_yk_595,0.709939459253025,0.00131252086717492,583.88415080279,812.132150721923,2015-07-03,184,2015,Yukon,Lower Yukon Test Fish,2015,7/3/15,2,822,1.4,595,0,0.0381,0.9618,0.03850962740685172,0.037209302325581395,1.03494623655914,1.275659824046921,Q4
598,2015_yk_598,0.707921188098638,7.4533742133584e-4,564.850534630954,704.856778817623,2015-07-04,185,2015,Yukon,Lower Yukon Test Fish,2015,7/4/15,2,901,1.4,598,0.9958,0.0042,0,0.024006001500375095,0.018604651162790697,1.2903225806451613,1.275659824046921,Q4
599,2015_yk_599,0.707682572864192,5.1050888315969e-4,882.041281206403,1109.68661991054,2015-07-04,185,2015,Yukon,Lower Yukon Test Fish,2015,7/4/15,1,814,1.4,599,1,0,0,0.024006001500375095,0.018604651162790697,1.2903225806451613,1.275659824046921,Q4
600,2015_yk_600,0.706563966774471,0.00160283091612163,519.959633581299,640.946505196596,2015-07-04,185,2015,Yukon,Lower Yukon Test Fish,2015,7/4/15,2,790,1.4,600,1,0,0,0.024006001500375095,0.018604651162790697,1.2903225806451613,1.275659824046921,Q4
602,2015_yk_602,0.707074185999814,7.3219623554909e-4,403.221973855567,634.020413594562,2015-07-04,185,2015,Yukon,Lower Yukon Test Fish,2015,7/4/15,1,857,1.4,602,0.8354,0.164,7e-4,0.024006001500375095,0.018604651162790697,1.2903225806451613,1.275659824046921,Q4
608,2015_yk_608,0.7140641117574,9.620139389042e-4,464.991069387895,589.56898386928,2015-07-06,187,2015,Yukon,Lower Yukon Test Fish,2015,7/6/15,1,565,1.2,608,0.9999,1e-4,0,0.004251062765691423,0.004651162790697674,0.913978494623656,1.275659824046921,Q4
611,2015_yk_611,0.710033122976589,9.5245923575741e-4,479.631970245748,583.057915441213,2015-07-08,189,2015,Yukon,Lower Yukon Test Fish,2015,7/8/15,2,867,1.4,611,0,0,1,0.011502875718929734,0.009302325581395349,1.2365591397849465,1.6263440860215057,Q4
613,2015_yk_613,0.707880642424494,5.1116677307471e-4,388.975433399852,507.088148247264,2015-07-08,189,2015,Yukon,Lower Yukon Test Fish,2015,7/8/15,2,834,1.4,613,1,0,0,0.011502875718929734,0.009302325581395349,1.2365591397849465,1.6263440860215057,Q4
615,2015_yk_615,0.706357728402068,6.1893469966764e-4,688.247778428885,821.51919615221,2015-07-09,190,2015,Yukon,Lower Yukon Test Fish,2015,7/9/15,2,842,NA,615,1,0,0,0.00825206301575394,0.009302325581395349,0.8870967741935486,1.6263440860215057,Q4
616,2015_yk_616,0.705635631796352,7.3495584226739e-4,635.886215810362,775.250647732991,2015-07-09,190,2015,Yukon,Lower Yukon Test Fish,2015,7/9/15,2,810,1.4,616,1,0,0,0.00825206301575394,0.009302325581395349,0.8870967741935486,1.6263440860215057,Q4
