"Fish_id","Predicted","Actual","Confidence","Correct","Kusko","Nush","Yukon"
"2011_nk_119","Nush","Nush",0.59,TRUE,0.326,0.59,0.084
"2011_nk_12","Nush","Nush",0.86,TRUE,0.112,0.86,0.028
"2011_nk_122","Nush","Nush",0.988,TRUE,0.01,0.988,0.002
"2011_nk_134","Nush","Nush",0.688,TRUE,0.234,0.688,0.078
"2011_nk_143","Nush","Nush",0.78,TRUE,0.178,0.78,0.042
"2011_nk_149","Nush","Nush",0.536,TRUE,0.39,0.536,0.074
"2011_nk_150","Nush","Nush",0.95,TRUE,0.048,0.95,0.002
"2011_nk_159","Nush","Nush",0.98,TRUE,0.018,0.98,0.002
"2011_nk_169","Nush","Nush",0.784,TRUE,0.174,0.784,0.042
"2011_nk_171","Nush","Nush",0.866,TRUE,0.128,0.866,0.006
"2011_nk_173","Kusko","Nush",0.474,FALSE,0.474,0.372,0.154
"2011_nk_174","Nush","Nush",0.926,TRUE,0.054,0.926,0.02
"2011_nk_178","Nush","Nush",0.964,TRUE,0.036,0.964,0
"2011_nk_182","Kusko","Nush",0.62,FALSE,0.62,0.32,0.06
"2011_nk_186","Nush","Nush",0.782,TRUE,0.21,0.782,0.008
"2011_nk_201","Nush","Nush",0.57,TRUE,0.354,0.57,0.076
"2011_nk_206","Nush","Nush",0.802,TRUE,0.12,0.802,0.078
"2011_nk_212","Nush","Nush",0.918,TRUE,0.064,0.918,0.018
"2011_nk_226","Nush","Nush",0.83,TRUE,0.152,0.83,0.018
"2011_nk_230","Kusko","Nush",0.48,FALSE,0.48,0.412,0.108
"2011_nk_236","Nush","Nush",0.848,TRUE,0.122,0.848,0.03
"2011_nk_237","Nush","Nush",0.946,TRUE,0.05,0.946,0.004
"2011_nk_23b","Nush","Nush",0.846,TRUE,0.146,0.846,0.008
"2011_nk_24","Nush","Nush",0.862,TRUE,0.126,0.862,0.012
"2011_nk_26","Nush","Nush",0.644,TRUE,0.32,0.644,0.036
"2011_nk_27","Nush","Nush",0.454,TRUE,0.362,0.454,0.184
"2011_nk_31","Nush","Nush",0.814,TRUE,0.152,0.814,0.034
"2011_nk_33","Nush","Nush",0.592,TRUE,0.35,0.592,0.058
"2011_nk_39","Nush","Nush",0.676,TRUE,0.294,0.676,0.03
"2011_nk_42","Nush","Nush",0.754,TRUE,0.196,0.754,0.05
"2011_nk_51","Nush","Nush",0.652,TRUE,0.284,0.652,0.064
"2011_nk_68","Nush","Nush",0.706,TRUE,0.18,0.706,0.114
"2011_nk_94","Nush","Nush",0.632,TRUE,0.308,0.632,0.06
"2014_nk_100","Nush","Nush",0.496,TRUE,0.416,0.496,0.088
"2014_nk_101_redo","Nush","Nush",0.462,TRUE,0.386,0.462,0.152
"2014_nk_109","Nush","Nush",0.544,TRUE,0.358,0.544,0.098
"2014_nk_129","Kusko","Nush",0.472,FALSE,0.472,0.398,0.13
"2014_nk_141","Nush","Nush",0.654,TRUE,0.266,0.654,0.08
"2014_nk_148","Nush","Nush",0.66,TRUE,0.306,0.66,0.034
"2014_nk_150","Nush","Nush",0.574,TRUE,0.35,0.574,0.076
"2014_nk_154","Nush","Nush",0.858,TRUE,0.122,0.858,0.02
"2014_nk_157","Kusko","Nush",0.548,FALSE,0.548,0.244,0.208
"2014_nk_158","Nush","Nush",0.51,TRUE,0.336,0.51,0.154
"2014_nk_161","Nush","Nush",0.82,TRUE,0.174,0.82,0.006
"2014_nk_162","Kusko","Nush",0.552,FALSE,0.552,0.334,0.114
"2014_nk_168","Nush","Nush",0.482,TRUE,0.39,0.482,0.128
"2014_nk_169","Kusko","Nush",0.49,FALSE,0.49,0.372,0.138
"2014_nk_17","Nush","Nush",0.666,TRUE,0.26,0.666,0.074
"2014_nk_172","Nush","Nush",0.55,TRUE,0.32,0.55,0.13
"2014_nk_176","Kusko","Nush",0.488,FALSE,0.488,0.394,0.118
"2014_nk_181","Kusko","Nush",0.5,FALSE,0.5,0.39,0.11
"2014_nk_183","Nush","Nush",0.664,TRUE,0.282,0.664,0.054
"2014_nk_191","Nush","Nush",0.444,TRUE,0.394,0.444,0.162
"2014_nk_200","Nush","Nush",0.614,TRUE,0.302,0.614,0.084
"2014_nk_201","Nush","Nush",0.482,TRUE,0.342,0.482,0.176
"2014_nk_207","Nush","Nush",0.804,TRUE,0.172,0.804,0.024
"2014_nk_208","Nush","Nush",0.778,TRUE,0.16,0.778,0.062
"2014_nk_223","Kusko","Nush",0.506,FALSE,0.506,0.342,0.152
"2014_nk_232","Nush","Nush",0.88,TRUE,0.112,0.88,0.008
"2014_nk_236","Nush","Nush",0.58,TRUE,0.316,0.58,0.104
"2014_nk_239","Kusko","Nush",0.394,FALSE,0.394,0.354,0.252
"2014_nk_250","Kusko","Nush",0.486,FALSE,0.486,0.376,0.138
"2014_nk_258","Kusko","Nush",0.504,FALSE,0.504,0.298,0.198
"2014_nk_26","Nush","Nush",0.402,TRUE,0.374,0.402,0.224
"2014_nk_274","Nush","Nush",0.468,TRUE,0.38,0.468,0.152
"2014_nk_275","Nush","Nush",0.538,TRUE,0.32,0.538,0.142
"2014_nk_28","Nush","Nush",0.766,TRUE,0.144,0.766,0.09
"2014_nk_281","Kusko","Nush",0.526,FALSE,0.526,0.294,0.18
"2014_nk_29B","Kusko","Nush",0.634,FALSE,0.634,0.222,0.144
"2014_nk_37","Kusko","Nush",0.544,FALSE,0.544,0.288,0.168
"2014_nk_51","Nush","Nush",0.51,TRUE,0.412,0.51,0.078
"2014_nk_73","Kusko","Nush",0.48,FALSE,0.48,0.374,0.146
"2014_nk_93","Nush","Nush",0.776,TRUE,0.19,0.776,0.034
"2014_nk_94_redo","Nush","Nush",0.572,TRUE,0.34,0.572,0.088
"2015_nk_012","Nush","Nush",0.766,TRUE,0.204,0.766,0.03
"2015_nk_013_2","Nush","Nush",0.62,TRUE,0.31,0.62,0.07
"2015_nk_018","Nush","Nush",0.634,TRUE,0.26,0.634,0.106
"2015_nk_019","Nush","Nush",0.508,TRUE,0.41,0.508,0.082
"2015_nk_022","Nush","Nush",0.524,TRUE,0.378,0.524,0.098
"2015_nk_031_redo","Nush","Nush",0.658,TRUE,0.286,0.658,0.056
"2015_nk_033","Nush","Nush",0.946,TRUE,0.048,0.946,0.006
"2015_nk_035_1","Nush","Nush",0.904,TRUE,0.084,0.904,0.012
"2015_nk_039","Nush","Nush",0.966,TRUE,0.026,0.966,0.008
"2015_nk_040","Nush","Nush",0.794,TRUE,0.164,0.794,0.042
"2015_nk_046","Nush","Nush",0.602,TRUE,0.284,0.602,0.114
"2015_nk_057","Nush","Nush",0.602,TRUE,0.172,0.602,0.226
"2015_nk_064","Nush","Nush",0.522,TRUE,0.372,0.522,0.106
"2015_nk_065","Nush","Nush",0.588,TRUE,0.234,0.588,0.178
"2015_nk_079","Kusko","Nush",0.614,FALSE,0.614,0.208,0.178
"2015_nk_088","Kusko","Nush",0.452,FALSE,0.452,0.418,0.13
"2015_nk_101","Nush","Nush",0.632,TRUE,0.254,0.632,0.114
"2015_nk_102","Nush","Nush",0.584,TRUE,0.302,0.584,0.114
"2015_nk_106","Nush","Nush",0.458,TRUE,0.4,0.458,0.142
"2015_nk_116_1","Nush","Nush",0.55,TRUE,0.33,0.55,0.12
"2015_nk_116_2","Nush","Nush",0.884,TRUE,0.1,0.884,0.016
"2015_nk_121","Nush","Nush",0.894,TRUE,0.1,0.894,0.006
"2015_nk_133","Nush","Nush",0.81,TRUE,0.174,0.81,0.016
"2015_nk_138","Nush","Nush",0.978,TRUE,0.02,0.978,0.002
"2015_nk_147_redo","Nush","Nush",0.772,TRUE,0.18,0.772,0.048
"2015_nk_151_redo_1","Kusko","Nush",0.602,FALSE,0.602,0.306,0.092
"2015_nk_152_redo_1","Kusko","Nush",0.488,FALSE,0.488,0.418,0.094
"2015_nk_159","Nush","Nush",0.918,TRUE,0.068,0.918,0.014
"2015_nk_163","Nush","Nush",0.648,TRUE,0.306,0.648,0.046
"2015_nk_181","Nush","Nush",0.498,TRUE,0.372,0.498,0.13
"2015_nk_182","Nush","Nush",0.924,TRUE,0.068,0.924,0.008
"2015_nk_191","Nush","Nush",0.656,TRUE,0.3,0.656,0.044
"2015_nk_193","Nush","Nush",0.644,TRUE,0.262,0.644,0.094
"2015_nk_202","Nush","Nush",0.818,TRUE,0.166,0.818,0.016
"2015_nk_210","Nush","Nush",0.68,TRUE,0.222,0.68,0.098
"2015_nk_211","Nush","Nush",0.768,TRUE,0.204,0.768,0.028
"2015_nk_215","Nush","Nush",0.892,TRUE,0.104,0.892,0.004
"2015_nk_216","Nush","Nush",0.83,TRUE,0.098,0.83,0.072
"2015_nk_223","Nush","Nush",0.634,TRUE,0.322,0.634,0.044
"2015_nk_226","Kusko","Nush",0.506,FALSE,0.506,0.404,0.09
"2015_nk_229","Nush","Nush",0.746,TRUE,0.164,0.746,0.09
"2015_nk_232_redo","Nush","Nush",0.544,TRUE,0.43,0.544,0.026
"2015_nk_236","Nush","Nush",0.83,TRUE,0.156,0.83,0.014
"2015_nk_241","Nush","Nush",0.886,TRUE,0.096,0.886,0.018
"2015_nk_258","Nush","Nush",0.606,TRUE,0.33,0.606,0.064
"2015_nk_261","Kusko","Nush",0.41,FALSE,0.41,0.328,0.262
"2015_nk_266_redo","Nush","Nush",0.716,TRUE,0.23,0.716,0.054
"2015_nk_273","Nush","Nush",0.866,TRUE,0.126,0.866,0.008
"2015_nk_274","Nush","Nush",0.574,TRUE,0.358,0.574,0.068
"2015_nk_276_redo","Nush","Nush",0.656,TRUE,0.302,0.656,0.042
"2015_nk_43_redo","Nush","Nush",0.512,TRUE,0.318,0.512,0.17
"2015_nk_56_redo","Nush","Nush",0.694,TRUE,0.226,0.694,0.08
"2015_nk_87_redo","Nush","Nush",0.66,TRUE,0.224,0.66,0.116
"2015_yk_002","Yukon","Yukon",1,TRUE,0,0,1
"2015_yk_006","Yukon","Yukon",0.924,TRUE,0.056,0.02,0.924
"2015_yk_025","Yukon","Yukon",1,TRUE,0,0,1
"2015_yk_062","Yukon","Yukon",0.996,TRUE,0.004,0,0.996
"2015_yk_066","Yukon","Yukon",1,TRUE,0,0,1
"2015_yk_082","Kusko","Yukon",0.52,FALSE,0.52,0.026,0.454
"2015_yk_114","Yukon","Yukon",1,TRUE,0,0,1
"2015_yk_149","Yukon","Yukon",1,TRUE,0,0,1
"2015_yk_180","Yukon","Yukon",0.41,TRUE,0.318,0.272,0.41
"2015_yk_193","Yukon","Yukon",0.524,TRUE,0.326,0.15,0.524
"2015_yk_233","Yukon","Yukon",1,TRUE,0,0,1
"2015_yk_242","Yukon","Yukon",0.588,TRUE,0.264,0.148,0.588
"2015_yk_244","Yukon","Yukon",1,TRUE,0,0,1
"2015_yk_258","Yukon","Yukon",0.434,TRUE,0.31,0.256,0.434
"2015_yk_275a","Nush","Yukon",0.45,FALSE,0.218,0.45,0.332
"2015_yk_325","Yukon","Yukon",0.588,TRUE,0.33,0.082,0.588
"2015_yk_332","Yukon","Yukon",0.972,TRUE,0.026,0.002,0.972
"2015_yk_338","Yukon","Yukon",0.88,TRUE,0.118,0.002,0.88
"2015_yk_342","Yukon","Yukon",1,TRUE,0,0,1
"2015_yk_361","Yukon","Yukon",1,TRUE,0,0,1
"2015_yk_363","Yukon","Yukon",0.922,TRUE,0.072,0.006,0.922
"2015_yk_377","Nush","Yukon",0.466,FALSE,0.244,0.466,0.29
"2015_yk_380","Kusko","Yukon",0.41,FALSE,0.41,0.228,0.362
"2015_yk_395","Nush","Yukon",0.458,FALSE,0.312,0.458,0.23
"2015_yk_398_1","Yukon","Yukon",1,TRUE,0,0,1
"2015_yk_417","Yukon","Yukon",1,TRUE,0,0,1
"2015_yk_422","Yukon","Yukon",0.924,TRUE,0.072,0.004,0.924
"2015_yk_423","Kusko","Yukon",0.54,FALSE,0.54,0.19,0.27
"2015_yk_425","Nush","Yukon",0.37,FALSE,0.28,0.37,0.35
"2015_yk_431","Yukon","Yukon",0.85,TRUE,0.134,0.016,0.85
"2015_yk_474","Kusko","Yukon",0.382,FALSE,0.382,0.298,0.32
"2015_yk_508","Nush","Yukon",0.608,FALSE,0.22,0.608,0.172
"2015_yk_521","Nush","Yukon",0.354,FALSE,0.308,0.354,0.338
"2015_yk_524","Yukon","Yukon",1,TRUE,0,0,1
"2015_yk_546","Kusko","Yukon",0.366,FALSE,0.366,0.276,0.358
"2015_yk_554","Kusko","Yukon",0.418,FALSE,0.418,0.3,0.282
"2015_yk_561","Yukon","Yukon",1,TRUE,0,0,1
"2015_yk_568","Yukon","Yukon",0.534,TRUE,0.308,0.158,0.534
"2015_yk_587","Nush","Yukon",0.684,FALSE,0.206,0.684,0.11
"2015_yk_599","Nush","Yukon",0.392,FALSE,0.282,0.392,0.326
"2015_yk_616","Nush","Yukon",0.698,FALSE,0.192,0.698,0.11
"2016_yk_009","Yukon","Yukon",1,TRUE,0,0,1
"2016_yk_015_redo","Yukon","Yukon",1,TRUE,0,0,1
"2016_yk_026","Yukon","Yukon",1,TRUE,0,0,1
"2016_yk_031_redo","Yukon","Yukon",1,TRUE,0,0,1
"2016_yk_050","Yukon","Yukon",0.666,TRUE,0.252,0.082,0.666
"2016_yk_054_redo","Kusko","Yukon",0.466,FALSE,0.466,0.078,0.456
"2016_yk_069","Yukon","Yukon",1,TRUE,0,0,1
"2016_yk_073","Yukon","Yukon",0.554,TRUE,0.22,0.226,0.554
"2016_yk_082_redo","Yukon","Yukon",1,TRUE,0,0,1
"2016_yk_085_redo","Yukon","Yukon",1,TRUE,0,0,1
"2016_yk_099","Yukon","Yukon",1,TRUE,0,0,1
"2016_yk_103b","Yukon","Yukon",1,TRUE,0,0,1
"2016_yk_105","Yukon","Yukon",1,TRUE,0,0,1
"2016_yk_111","Yukon","Yukon",1,TRUE,0,0,1
"2016_yk_114","Yukon","Yukon",1,TRUE,0,0,1
"2016_yk_128","Yukon","Yukon",1,TRUE,0,0,1
"2016_yk_135","Yukon","Yukon",0.998,TRUE,0.002,0,0.998
"2016_yk_140","Yukon","Yukon",1,TRUE,0,0,1
"2016_yk_147","Yukon","Yukon",0.982,TRUE,0.012,0.006,0.982
"2016_yk_159","Yukon","Yukon",0.48,TRUE,0.336,0.184,0.48
"2016_yk_160","Yukon","Yukon",1,TRUE,0,0,1
"2016_yk_168","Yukon","Yukon",1,TRUE,0,0,1
"2016_yk_170","Yukon","Yukon",1,TRUE,0,0,1
"2016_yk_177_redo","Yukon","Yukon",0.916,TRUE,0.062,0.022,0.916
"2016_yk_187","Yukon","Yukon",1,TRUE,0,0,1
"2016_yk_189a","Yukon","Yukon",1,TRUE,0,0,1
"2016_yk_197","Yukon","Yukon",0.74,TRUE,0.204,0.056,0.74
"2016_yk_199","Yukon","Yukon",0.97,TRUE,0.026,0.004,0.97
"2016_yk_200","Yukon","Yukon",1,TRUE,0,0,1
"2016_yk_208","Yukon","Yukon",0.984,TRUE,0.014,0.002,0.984
"2016_yk_213","Yukon","Yukon",0.832,TRUE,0.146,0.022,0.832
"2016_yk_215","Yukon","Yukon",0.57,TRUE,0.326,0.104,0.57
"2016_yk_217","Yukon","Yukon",0.846,TRUE,0.136,0.018,0.846
"2016_yk_218","Nush","Yukon",0.528,FALSE,0.364,0.528,0.108
"2016_yk_226","Yukon","Yukon",0.828,TRUE,0.156,0.016,0.828
"2016_yk_231_a","Yukon","Yukon",0.852,TRUE,0.134,0.014,0.852
"2017_kk_003","Nush","Kusko",0.528,FALSE,0.364,0.528,0.108
"2017_kk_005","Kusko","Kusko",0.506,TRUE,0.506,0.244,0.25
"2017_kk_011","Kusko","Kusko",0.452,TRUE,0.452,0.272,0.276
"2017_kk_017","Kusko","Kusko",0.522,TRUE,0.522,0.274,0.204
"2017_kk_021","Kusko","Kusko",0.638,TRUE,0.638,0.11,0.252
"2017_kk_026","Kusko","Kusko",0.616,TRUE,0.616,0.228,0.156
"2017_kk_045","Kusko","Kusko",0.534,TRUE,0.534,0.226,0.24
"2017_kk_054","Kusko","Kusko",0.756,TRUE,0.756,0.058,0.186
"2017_kk_055","Nush","Kusko",0.492,FALSE,0.432,0.492,0.076
"2017_kk_058","Nush","Kusko",0.512,FALSE,0.35,0.512,0.138
"2017_kk_068","Kusko","Kusko",0.646,TRUE,0.646,0.232,0.122
"2017_kk_072","Yukon","Kusko",1,FALSE,0,0,1
"2017_kk_074redo","Kusko","Kusko",0.654,TRUE,0.654,0.074,0.272
"2017_kk_078","Kusko","Kusko",0.692,TRUE,0.692,0.152,0.156
"2017_kk_094","Kusko","Kusko",0.628,TRUE,0.628,0.164,0.208
"2017_kk_098redo","Kusko","Kusko",0.56,TRUE,0.56,0.218,0.222
"2017_kk_106","Nush","Kusko",0.616,FALSE,0.322,0.616,0.062
"2017_kk_112","Kusko","Kusko",0.606,TRUE,0.606,0.17,0.224
"2017_kk_126","Kusko","Kusko",0.56,TRUE,0.56,0.242,0.198
"2017_kk_134redo","Kusko","Kusko",0.52,TRUE,0.52,0.222,0.258
"2017_kk_135","Kusko","Kusko",0.554,TRUE,0.554,0.306,0.14
"2017_kk_136","Kusko","Kusko",0.484,TRUE,0.484,0.438,0.078
"2017_kk_139","Kusko","Kusko",0.53,TRUE,0.53,0.392,0.078
"2017_kk_184","Nush","Kusko",0.56,FALSE,0.394,0.56,0.046
"2017_kk_191","Nush","Kusko",0.67,FALSE,0.28,0.67,0.05
"2017_kk_201","Kusko","Kusko",0.69,TRUE,0.69,0.156,0.154
"2017_kk_203","Kusko","Kusko",0.444,TRUE,0.444,0.272,0.284
"2017_kk_206","Kusko","Kusko",0.666,TRUE,0.666,0.084,0.25
"2017_kk_208","Kusko","Kusko",0.766,TRUE,0.766,0.08,0.154
"2017_kk_238","Nush","Kusko",0.46,FALSE,0.376,0.46,0.164
"2017_kk_243redo","Kusko","Kusko",0.41,TRUE,0.41,0.342,0.248
"2017_kk_252","Nush","Kusko",0.452,FALSE,0.428,0.452,0.12
"2017_kk_254","Nush","Kusko",0.434,FALSE,0.38,0.434,0.186
"2017_kk_258redo","Kusko","Kusko",0.496,TRUE,0.496,0.418,0.086
"2017_kk_268","Kusko","Kusko",0.466,TRUE,0.466,0.328,0.206
"2017_kk_270redo","Nush","Kusko",0.62,FALSE,0.274,0.62,0.106
"2017_yk_018","Yukon","Yukon",1,TRUE,0,0,1
"2017_yk_019","Yukon","Yukon",1,TRUE,0,0,1
"2017_yk_034","Yukon","Yukon",1,TRUE,0,0,1
"2017_yk_035","Yukon","Yukon",1,TRUE,0,0,1
"2017_yk_044","Yukon","Yukon",1,TRUE,0,0,1
"2017_yk_049","Yukon","Yukon",1,TRUE,0,0,1
"2017_yk_087","Yukon","Yukon",0.804,TRUE,0.184,0.012,0.804
"2017_yk_088","Yukon","Yukon",0.812,TRUE,0.178,0.01,0.812
"2017_yk_093","Yukon","Yukon",0.99,TRUE,0.01,0,0.99
"2017_yk_094","Yukon","Yukon",1,TRUE,0,0,1
"2017_yk_115","Yukon","Yukon",0.998,TRUE,0.002,0,0.998
"2017_yk_116","Yukon","Yukon",0.962,TRUE,0.032,0.006,0.962
"2017_yk_129","Kusko","Yukon",0.446,FALSE,0.446,0.242,0.312
"2017_yk_149","Yukon","Yukon",1,TRUE,0,0,1
"2017_yk_161","Yukon","Yukon",0.986,TRUE,0.014,0,0.986
"2017_yk_169","Kusko","Yukon",0.68,FALSE,0.68,0.17,0.15
"2017_yk_181","Yukon","Yukon",0.99,TRUE,0.008,0.002,0.99
"2017_yk_184","Yukon","Yukon",1,TRUE,0,0,1
"2017_yk_192","Yukon","Yukon",0.898,TRUE,0.086,0.016,0.898
"2017_yk_201","Kusko","Yukon",0.542,FALSE,0.542,0.306,0.152
"2017_yk_213","Yukon","Yukon",1,TRUE,0,0,1
"2017_yk_239","Yukon","Yukon",1,TRUE,0,0,1
"2017_yk_245","Kusko","Yukon",0.514,FALSE,0.514,0.17,0.316
"2017_yk_261","Yukon","Yukon",0.554,TRUE,0.414,0.032,0.554
"2017_yk_273","Yukon","Yukon",0.764,TRUE,0.222,0.014,0.764
"2017_yk_306","Yukon","Yukon",1,TRUE,0,0,1
"2017_yk_322","Yukon","Yukon",0.976,TRUE,0.022,0.002,0.976
"2017_yk_340","Yukon","Yukon",0.504,TRUE,0.384,0.112,0.504
"2017_yk_342","Yukon","Yukon",0.45,TRUE,0.41,0.14,0.45
"2017_yk_349","Yukon","Yukon",1,TRUE,0,0,1
"2017_yk_355","Yukon","Yukon",1,TRUE,0,0,1
"2017_yk_357","Yukon","Yukon",1,TRUE,0,0,1
"2017_yk_360","Yukon","Yukon",0.996,TRUE,0.004,0,0.996
"2017_yk_362","Yukon","Yukon",1,TRUE,0,0,1
"2017_yk_366","Yukon","Yukon",0.364,TRUE,0.286,0.35,0.364
"2017_yk_367","Yukon","Yukon",1,TRUE,0,0,1
"2019_kk_035","Kusko","Kusko",0.554,TRUE,0.554,0.31,0.136
"2019_kk_051","Kusko","Kusko",0.558,TRUE,0.558,0.096,0.346
"2019_kk_064","Kusko","Kusko",0.61,TRUE,0.61,0.164,0.226
"2019_kk_071","Nush","Kusko",0.442,FALSE,0.438,0.442,0.12
"2019_kk_094","Kusko","Kusko",0.614,TRUE,0.614,0.136,0.25
"2019_kk_098a","Kusko","Kusko",0.52,TRUE,0.52,0.43,0.05
"2019_kk_101a","Kusko","Kusko",0.902,TRUE,0.902,0.06,0.038
"2019_kk_114","Kusko","Kusko",0.566,TRUE,0.566,0.204,0.23
"2019_kk_135","Nush","Kusko",0.544,FALSE,0.412,0.544,0.044
"2019_kk_143","Kusko","Kusko",0.534,TRUE,0.534,0.284,0.182
"2019_kk_161_sld29","Kusko","Kusko",0.504,TRUE,0.504,0.404,0.092
"2019_kk_161","Nush","Kusko",0.932,FALSE,0.066,0.932,0.002
"2019_kk_176","Kusko","Kusko",0.752,TRUE,0.752,0.092,0.156
"2019_kk_186","Kusko","Kusko",0.578,TRUE,0.578,0.21,0.212
"2019_kk_188","Nush","Kusko",0.608,FALSE,0.324,0.608,0.068
"2019_kk_196","Kusko","Kusko",0.834,TRUE,0.834,0.02,0.146
"2019_kk_222","Nush","Kusko",0.906,FALSE,0.082,0.906,0.012
"2019_kk_232","Kusko","Kusko",0.486,TRUE,0.486,0.424,0.09
"2019_kk_296","Nush","Kusko",0.626,FALSE,0.242,0.626,0.132
"2019_kk_344","Nush","Kusko",0.946,FALSE,0.05,0.946,0.004
"2019_kk_352","Nush","Kusko",0.668,FALSE,0.262,0.668,0.07
"2019_kk_362","Kusko","Kusko",0.61,TRUE,0.61,0.358,0.032
"2019_kk_380","Kusko","Kusko",0.504,TRUE,0.504,0.284,0.212
"2019_kk_382","Nush","Kusko",0.858,FALSE,0.132,0.858,0.01
"2019_kk_384","Nush","Kusko",0.734,FALSE,0.214,0.734,0.052
"2019_kk_396","Kusko","Kusko",0.5,TRUE,0.5,0.436,0.064
"2019_kk_432","Nush","Kusko",0.632,FALSE,0.29,0.632,0.078
"2019_kk_478","Nush","Kusko",0.572,FALSE,0.274,0.572,0.154
"2019_kk_479","Nush","Kusko",0.782,FALSE,0.2,0.782,0.018
"2019_kk_489","Kusko","Kusko",0.39,TRUE,0.39,0.264,0.346
"2019_kk_491","Nush","Kusko",0.75,FALSE,0.242,0.75,0.008
"2019_kk_496","Nush","Kusko",0.59,FALSE,0.356,0.59,0.054
"2019_kk_500","Kusko","Kusko",0.614,TRUE,0.614,0.242,0.144
"2019_yk_013","Yukon","Yukon",0.948,TRUE,0.05,0.002,0.948
"2019_yk_047","Yukon","Yukon",0.676,TRUE,0.288,0.036,0.676
"2019_yk_061a","Yukon","Yukon",0.934,TRUE,0.066,0,0.934
"2019_yk_081","Yukon","Yukon",0.932,TRUE,0.062,0.006,0.932
"2019_yk_082","Yukon","Yukon",0.968,TRUE,0.03,0.002,0.968
"2019_yk_088","Yukon","Yukon",0.916,TRUE,0.076,0.008,0.916
"2019_yk_133","Yukon","Yukon",0.926,TRUE,0.07,0.004,0.926
"2019_yk_140","Yukon","Yukon",0.874,TRUE,0.116,0.01,0.874
"2019_yk_168","Kusko","Yukon",0.452,FALSE,0.452,0.202,0.346
"2019_yk_172","Yukon","Yukon",1,TRUE,0,0,1
"2019_yk_181","Yukon","Yukon",0.818,TRUE,0.158,0.024,0.818
"2019_yk_199","Yukon","Yukon",0.998,TRUE,0.002,0,0.998
"2019_yk_200","Yukon","Yukon",1,TRUE,0,0,1
"2019_yk_206","Yukon","Yukon",0.966,TRUE,0.03,0.004,0.966
"2019_yk_216","Kusko","Yukon",0.45,FALSE,0.45,0.19,0.36
"2019_yk_222","Yukon","Yukon",0.78,TRUE,0.202,0.018,0.78
"2019_yk_251","Yukon","Yukon",0.912,TRUE,0.088,0,0.912
"2019_yk_261","Yukon","Yukon",0.746,TRUE,0.194,0.06,0.746
"2019_yk_262","Yukon","Yukon",1,TRUE,0,0,1
"2019_yk_287","Yukon","Yukon",0.736,TRUE,0.208,0.056,0.736
"2019_yk_296","Yukon","Yukon",0.922,TRUE,0.076,0.002,0.922
"2019_yk_300","Yukon","Yukon",0.734,TRUE,0.202,0.064,0.734
"2019_yk_302","Yukon","Yukon",0.972,TRUE,0.026,0.002,0.972
"2019_yk_344","Yukon","Yukon",0.956,TRUE,0.042,0.002,0.956
"2019_yk_345","Yukon","Yukon",1,TRUE,0,0,1
"2019_yk_358","Yukon","Yukon",1,TRUE,0,0,1
"2019_yk_384","Yukon","Yukon",0.926,TRUE,0.068,0.006,0.926
"2019_yk_385","Yukon","Yukon",0.884,TRUE,0.114,0.002,0.884
"2019_yk_407","Kusko","Yukon",0.462,FALSE,0.462,0.378,0.16
"2019_yk_419","Yukon","Yukon",1,TRUE,0,0,1
"2019_yk_435","Yukon","Yukon",1,TRUE,0,0,1
"2019_yk_448","Yukon","Yukon",0.85,TRUE,0.132,0.018,0.85
"2019_yk_466","Kusko","Yukon",0.526,FALSE,0.526,0.2,0.274
"2019_yk_477","Kusko","Yukon",0.468,FALSE,0.468,0.216,0.316
"2019_yk_482","Kusko","Yukon",0.476,FALSE,0.476,0.162,0.362
"2020_kk_014_redo","Kusko","Kusko",0.604,TRUE,0.604,0.306,0.09
"2020_kk_017","Kusko","Kusko",0.572,TRUE,0.572,0.246,0.182
"2020_kk_032","Kusko","Kusko",0.564,TRUE,0.564,0.074,0.362
"2020_kk_041","Kusko","Kusko",0.498,TRUE,0.498,0.342,0.16
"2020_kk_044_redo","Kusko","Kusko",0.566,TRUE,0.566,0.132,0.302
"2020_kk_058_redo","Kusko","Kusko",0.642,TRUE,0.642,0.082,0.276
"2020_kk_061","Kusko","Kusko",0.554,TRUE,0.554,0.302,0.144
"2020_kk_066","Kusko","Kusko",0.558,TRUE,0.558,0.064,0.378
"2020_kk_071_redo","Kusko","Kusko",0.55,TRUE,0.55,0.204,0.246
"2020_kk_074","Kusko","Kusko",0.652,TRUE,0.652,0.164,0.184
"2020_kk_078_redo","Kusko","Kusko",0.488,TRUE,0.488,0.282,0.23
"2020_kk_084","Kusko","Kusko",0.592,TRUE,0.592,0.104,0.304
"2020_kk_121","Kusko","Kusko",0.582,TRUE,0.582,0.188,0.23
"2020_kk_126","Kusko","Kusko",0.49,TRUE,0.49,0.308,0.202
"2020_kk_133","Kusko","Kusko",0.544,TRUE,0.544,0.244,0.212
"2020_kk_155","Kusko","Kusko",0.558,TRUE,0.558,0.202,0.24
"2020_kk_157","Kusko","Kusko",0.47,TRUE,0.47,0.368,0.162
"2020_kk_196_redo","Kusko","Kusko",0.48,TRUE,0.48,0.336,0.184
"2020_kk_234","Kusko","Kusko",0.526,TRUE,0.526,0.154,0.32
"2020_kk_245","Kusko","Kusko",0.576,TRUE,0.576,0.192,0.232
"2020_kk_250_redo","Kusko","Kusko",0.594,TRUE,0.594,0.208,0.198
"2020_kk_253_sld20","Kusko","Kusko",0.58,TRUE,0.58,0.348,0.072
"2020_kk_290","Kusko","Kusko",0.44,TRUE,0.44,0.41,0.15
"2020_kk_298","Kusko","Kusko",0.474,TRUE,0.474,0.268,0.258
"2020_kk_305_redo","Kusko","Kusko",0.562,TRUE,0.562,0.232,0.206
"2020_kk_315_redo","Kusko","Kusko",0.558,TRUE,0.558,0.2,0.242
"2020_kk_319","Kusko","Kusko",0.69,TRUE,0.69,0.136,0.174
"2020_kk_322","Nush","Kusko",0.586,FALSE,0.356,0.586,0.058
"2020_kk_324","Kusko","Kusko",0.592,TRUE,0.592,0.156,0.252
"2020_kk_325","Kusko","Kusko",0.568,TRUE,0.568,0.244,0.188
"2020_kk_333","Kusko","Kusko",0.468,TRUE,0.468,0.322,0.21
"2021_kk_018_R1","Kusko","Kusko",0.704,TRUE,0.704,0.156,0.14
"2021_kk_022_R1","Yukon","Kusko",0.576,FALSE,0.402,0.022,0.576
"2021_kk_039","Kusko","Kusko",0.482,TRUE,0.482,0.44,0.078
"2021_kk_044_R1","Kusko","Kusko",0.526,TRUE,0.526,0.074,0.4
"2021_kk_057","Kusko","Kusko",0.504,TRUE,0.504,0.238,0.258
"2021_kk_083_R1","Kusko","Kusko",0.894,TRUE,0.894,0.04,0.066
"2021_kk_094","Kusko","Kusko",0.626,TRUE,0.626,0.076,0.298
"2021_kk_096","Kusko","Kusko",0.492,TRUE,0.492,0.278,0.23
"2021_kk_099","Kusko","Kusko",0.774,TRUE,0.774,0.048,0.178
"2021_kk_115","Nush","Kusko",0.548,FALSE,0.402,0.548,0.05
"2021_kk_122","Kusko","Kusko",0.416,TRUE,0.416,0.268,0.316
"2021_kk_124","Nush","Kusko",0.616,FALSE,0.32,0.616,0.064
"2021_kk_156_r1","Kusko","Kusko",0.502,TRUE,0.502,0.374,0.124
"2021_kk_161","Kusko","Kusko",0.454,TRUE,0.454,0.306,0.24
"2021_kk_201","Kusko","Kusko",0.478,TRUE,0.478,0.33,0.192
"2021_kk_206","Nush","Kusko",0.404,FALSE,0.328,0.404,0.268
"2021_kk_213","Kusko","Kusko",0.602,TRUE,0.602,0.296,0.102
"2021_kk_225","Kusko","Kusko",0.536,TRUE,0.536,0.276,0.188
"2021_kk_228","Kusko","Kusko",0.448,TRUE,0.448,0.404,0.148
"2021_kk_229","Kusko","Kusko",0.676,TRUE,0.676,0.14,0.184
"2021_kk_239","Kusko","Kusko",0.504,TRUE,0.504,0.33,0.166
"2021_kk_306","Nush","Kusko",0.444,FALSE,0.39,0.444,0.166
"2021_kk_313","Kusko","Kusko",0.546,TRUE,0.546,0.31,0.144
"2021_kk_315_R1","Nush","Kusko",0.492,FALSE,0.35,0.492,0.158
"2021_kk_327_R1","Kusko","Kusko",0.554,TRUE,0.554,0.27,0.176
"2021_kk_333","Kusko","Kusko",0.508,TRUE,0.508,0.268,0.224
"2021_kk_340","Nush","Kusko",0.51,FALSE,0.384,0.51,0.106
"2021_kk_344","Kusko","Kusko",0.684,TRUE,0.684,0.124,0.192
"2021_kk_372","Kusko","Kusko",0.466,TRUE,0.466,0.276,0.258
"2021_yk_001","Yukon","Yukon",0.992,TRUE,0.008,0,0.992
"2021_yk_011","Yukon","Yukon",0.988,TRUE,0.01,0.002,0.988
"2021_yk_036","Yukon","Yukon",1,TRUE,0,0,1
"2021_yk_039","Yukon","Yukon",1,TRUE,0,0,1
"2021_yk_051","Yukon","Yukon",1,TRUE,0,0,1
"2021_yk_061","Yukon","Yukon",1,TRUE,0,0,1
"2021_yk_070","Yukon","Yukon",1,TRUE,0,0,1
"2021_yk_076","Yukon","Yukon",1,TRUE,0,0,1
"2021_yk_080","Yukon","Yukon",1,TRUE,0,0,1
"2021_yk_095","Yukon","Yukon",0.932,TRUE,0.06,0.008,0.932
"2021_yk_102","Yukon","Yukon",0.99,TRUE,0.01,0,0.99
"2021_yk_105","Yukon","Yukon",1,TRUE,0,0,1
"2021_yk_112","Yukon","Yukon",1,TRUE,0,0,1
"2021_yk_115","Yukon","Yukon",0.998,TRUE,0.002,0,0.998
"2021_yk_120","Yukon","Yukon",1,TRUE,0,0,1
"2021_yk_140","Yukon","Yukon",0.992,TRUE,0.008,0,0.992
"2021_yk_144","Yukon","Yukon",1,TRUE,0,0,1
"2021_yk_156","Yukon","Yukon",0.912,TRUE,0.084,0.004,0.912
"2021_yk_162","Yukon","Yukon",0.736,TRUE,0.21,0.054,0.736
"2021_yk_173","Yukon","Yukon",1,TRUE,0,0,1
"2021_yk_184","Yukon","Yukon",0.942,TRUE,0.048,0.01,0.942
"2021_yk_186","Kusko","Yukon",0.498,FALSE,0.498,0.174,0.328
"2021_yk_203","Yukon","Yukon",0.988,TRUE,0.012,0,0.988
"2021_yk_208","Yukon","Yukon",0.986,TRUE,0.01,0.004,0.986
"2021_yk_216","Yukon","Yukon",0.998,TRUE,0.002,0,0.998
"2021_yk_372","Yukon","Yukon",0.998,TRUE,0.002,0,0.998
"2021_yk_373","Yukon","Yukon",0.822,TRUE,0.166,0.012,0.822
"2021_yk_395","Yukon","Yukon",1,TRUE,0,0,1
"2021_yk_414","Yukon","Yukon",0.984,TRUE,0.016,0,0.984
"2021_yk_450","Yukon","Yukon",0.648,TRUE,0.314,0.038,0.648
"2021_yk_469","Yukon","Yukon",0.978,TRUE,0.02,0.002,0.978
