"Fish_id","Watershed","Status","Original_Points","Filtered_Points"
"2011_nk_10","Nush","Success",1609,937
"2011_nk_100","Nush","Success",1544,909
"2011_nk_101","Nush","Success",1089,577
"2011_nk_103","Nush","Success",1832,1038
"2011_nk_105","Nush","Success",1700,1001
"2011_nk_106","Nush","Success",1148,664
"2011_nk_107","Nush","Success",1384,797
"2011_nk_108","Nush","Success",1297,589
"2011_nk_11","Nush","Success",1971,864
"2011_nk_110","Nush","Success",1308,817
"2011_nk_113","Nush","Success",1606,867
"2011_nk_114","Nush","Success",1175,669
"2011_nk_114b","Nush","Success",2052,1419
"2011_nk_115","Nush","Success",1592,996
"2011_nk_116","Nush","Success",1357,1047
"2011_nk_119","Nush","Success",1767,751
"2011_nk_12","Nush","Success",1101,666
"2011_nk_121","Nush","Success",1550,1036
"2011_nk_122","Nush","Success",1295,849
"2011_nk_123","Nush","Success",1347,903
"2011_nk_124","Nush","Success",2032,1451
"2011_nk_125","Nush","Success",2288,971
"2011_nk_126","Nush","Success",1278,886
"2011_nk_127","Nush","Success",1400,788
"2011_nk_128","Nush","Success",1522,1032
"2011_nk_129","Nush","Success",1638,849
"2011_nk_13","Nush","Success",1176,758
"2011_nk_134","Nush","Success",1699,838
"2011_nk_135","Nush","Success",1496,906
"2011_nk_136","Nush","Success",1475,641
"2011_nk_137","Nush","Success",1340,837
"2011_nk_140","Nush","Success",1563,922
"2011_nk_141","Nush","Success",960,615
"2011_nk_142","Nush","Success",1270,725
"2011_nk_143","Nush","Success",1276,784
"2011_nk_146","Nush","Success",1018,660
"2011_nk_148","Nush","Success",1453,714
"2011_nk_149","Nush","Success",1355,951
"2011_nk_15","Nush","Success",1561,626
"2011_nk_150","Nush","Success",1443,846
"2011_nk_151","Nush","Success",1175,622
"2011_nk_152","Nush","Success",1436,818
"2011_nk_153","Nush","Success",1478,884
"2011_nk_154","Nush","Success",1295,646
"2011_nk_156","Nush","Success",1247,779
"2011_nk_158","Nush","Success",1384,762
"2011_nk_159","Nush","Success",1614,873
"2011_nk_16","Nush","Success",1522,858
"2011_nk_161","Nush","Success",1336,757
"2011_nk_162","Nush","Success",1329,780
"2011_nk_163","Nush","Success",1836,836
"2011_nk_164","Nush","Success",1800,907
"2011_nk_165","Nush","Success",1482,1009
"2011_nk_169","Nush","Success",1172,813
"2011_nk_170","Nush","Success",1474,816
"2011_nk_171","Nush","Success",1417,934
"2011_nk_172","Nush","Success",1449,839
"2011_nk_173","Nush","Success",1636,733
"2011_nk_174","Nush","Success",1512,817
"2011_nk_175","Nush","Success",1086,695
"2011_nk_176","Nush","Success",1471,895
"2011_nk_177","Nush","Success",1147,804
"2011_nk_178","Nush","Success",1201,810
"2011_nk_179","Nush","Success",1298,788
"2011_nk_180","Nush","Success",2239,698
"2011_nk_181","Nush","Success",1608,862
"2011_nk_182","Nush","Success",1570,1047
"2011_nk_183","Nush","Success",1371,727
"2011_nk_185","Nush","Success",1668,1084
"2011_nk_186","Nush","Success",1287,928
"2011_nk_187","Nush","Success",1549,815
"2011_nk_188","Nush","Success",1499,914
"2011_nk_189","Nush","Success",1160,772
"2011_nk_19","Nush","Success",1332,810
"2011_nk_190","Nush","Success",1623,842
"2011_nk_192","Nush","Success",1179,807
"2011_nk_193","Nush","Success",1263,755
"2011_nk_198","Nush","Success",1278,908
"2011_nk_199","Nush","Success",1769,824
"2011_nk_20","Nush","Success",1804,681
"2011_nk_200","Nush","Success",1437,911
"2011_nk_201","Nush","Success",1336,697
"2011_nk_202","Nush","Success",1342,903
"2011_nk_203","Nush","Success",1210,836
"2011_nk_204","Nush","Success",1631,966
"2011_nk_205","Nush","Success",1186,713
"2011_nk_206","Nush","Success",1776,850
"2011_nk_207","Nush","Success",1337,653
"2011_nk_208","Nush","Success",1769,1170
"2011_nk_209","Nush","Success",1434,878
"2011_nk_21","Nush","Success",1398,1024
"2011_nk_210","Nush","Success",1600,849
"2011_nk_211","Nush","Success",2122,980
"2011_nk_212","Nush","Success",1487,1136
"2011_nk_216","Nush","Success",1801,1504
"2011_nk_217","Nush","Success",1944,904
"2011_nk_218","Nush","Success",1306,948
"2011_nk_221","Nush","Success",1484,904
"2011_nk_222","Nush","Success",1457,809
"2011_nk_223","Nush","Success",1450,928
"2011_nk_226","Nush","Success",1490,913
"2011_nk_227","Nush","Success",1265,896
"2011_nk_228","Nush","Success",2148,1326
"2011_nk_229","Nush","Success",1417,841
"2011_nk_230","Nush","Success",2075,976
"2011_nk_231","Nush","Success",1507,924
"2011_nk_232","Nush","Success",1449,944
"2011_nk_233","Nush","Success",1321,891
"2011_nk_234","Nush","Success",1396,963
"2011_nk_236","Nush","Success",1746,1384
"2011_nk_237","Nush","Success",1303,693
"2011_nk_237b","Nush","Success",1749,886
"2011_nk_239","Nush","Success",1650,993
"2011_nk_23b","Nush","Success",1431,780
"2011_nk_24","Nush","Success",1407,846
"2011_nk_241","Nush","Success",1626,829
"2011_nk_242","Nush","Success",1675,890
"2011_nk_243","Nush","Success",1457,860
"2011_nk_244","Nush","Success",1517,851
"2011_nk_245","Nush","Success",1871,709
"2011_nk_248","Nush","Success",1308,907
"2011_nk_249","Nush","Success",1105,689
"2011_nk_25","Nush","Success",1353,828
"2011_nk_251","Nush","Success",1708,838
"2011_nk_252","Nush","Success",1372,871
"2011_nk_254","Nush","Success",1264,908
"2011_nk_255","Nush","Success",1514,1015
"2011_nk_26","Nush","Success",1478,702
"2011_nk_27","Nush","Success",1303,623
"2011_nk_28","Nush","Success",1477,761
"2011_nk_31","Nush","Success",1118,827
"2011_nk_32","Nush","Success",1705,931
"2011_nk_33","Nush","Success",1519,918
"2011_nk_34","Nush","Success",1190,569
"2011_nk_36","Nush","Success",1361,853
"2011_nk_37","Nush","Success",1841,932
"2011_nk_39","Nush","Success",1385,905
"2011_nk_42","Nush","Success",1139,696
"2011_nk_43","Nush","Success",1614,993
"2011_nk_43a","Nush","Success",1211,915
"2011_nk_44","Nush","Success",1432,575
"2011_nk_46","Nush","Success",1252,837
"2011_nk_47","Nush","Success",1882,995
"2011_nk_48","Nush","Success",1664,861
"2011_nk_49","Nush","Success",1170,801
"2011_nk_50","Nush","Success",1512,951
"2011_nk_51","Nush","Success",1053,656
"2011_nk_52","Nush","Success",1552,896
"2011_nk_53","Nush","Success",1562,939
"2011_nk_54","Nush","Success",1645,941
"2011_nk_55","Nush","Success",1543,1263
"2011_nk_57b","Nush","Success",1726,880
"2011_nk_58","Nush","Success",1423,583
"2011_nk_59","Nush","Success",1385,1016
"2011_nk_60","Nush","Success",1401,925
"2011_nk_61","Nush","Success",1366,743
"2011_nk_62","Nush","Success",1238,813
"2011_nk_63","Nush","Success",1416,760
"2011_nk_64","Nush","Success",1525,797
"2011_nk_66","Nush","Success",1926,1278
"2011_nk_67","Nush","Success",1510,911
"2011_nk_68","Nush","Success",1986,1146
"2011_nk_70","Nush","Success",1432,925
"2011_nk_71","Nush","Success",1351,644
"2011_nk_74","Nush","Success",1307,842
"2011_nk_75","Nush","Success",1528,894
"2011_nk_77","Nush","Success",1196,668
"2011_nk_79","Nush","Success",1580,959
"2011_nk_80","Nush","Success",1305,867
"2011_nk_81","Nush","Success",1727,676
"2011_nk_83","Nush","Success",1381,878
"2011_nk_84","Nush","Success",1725,1054
"2011_nk_85","Nush","Success",1306,774
"2011_nk_86","Nush","Success",1866,856
"2011_nk_87","Nush","Success",1701,1018
"2011_nk_88","Nush","Success",1553,706
"2011_nk_90","Nush","Success",1881,1028
"2011_nk_92","Nush","Success",1237,729
"2011_nk_93","Nush","Success",1364,833
"2011_nk_94","Nush","Success",1532,809
"2011_nk_95","Nush","Success",1657,944
"2011_nk_98","Nush","Success",1610,846
"2011_nk_99","Nush","Success",1758,796
"2014_nk_10_redo","Nush","Success",1149,879
"2014_nk_100","Nush","Success",1029,924
"2014_nk_101_redo","Nush","Success",1176,931
"2014_nk_102_redo","Nush","Success",1048,907
"2014_nk_107","Nush","Success",990,732
"2014_nk_109","Nush","Success",1082,1029
"2014_nk_110","Nush","Success",1230,1030
"2014_nk_111","Nush","Success",1265,941
"2014_nk_112","Nush","Success",1516,898
"2014_nk_113","Nush","Success",1278,1091
"2014_nk_114","Nush","Success",1278,1033
"2014_nk_115","Nush","Success",1482,937
"2014_nk_116","Nush","Success",1268,1022
"2014_nk_117","Nush","Success",1098,903
"2014_nk_119","Nush","Success",1132,880
"2014_nk_12","Nush","Success",1165,980
"2014_nk_121","Nush","Success",796,678
"2014_nk_122","Nush","Success",1184,828
"2014_nk_123","Nush","Success",1135,1017
"2014_nk_124","Nush","Success",1195,1032
"2014_nk_125","Nush","Success",1108,934
"2014_nk_128_152034","Nush","Success",1005,823
"2014_nk_128_153325","Nush","Success",1306,1045
"2014_nk_129","Nush","Success",1048,679
"2014_nk_13","Nush","Success",1711,1171
"2014_nk_130","Nush","Success",1141,979
"2014_nk_132","Nush","Success",1294,1047
"2014_nk_133","Nush","Success",1322,1073
"2014_nk_134","Nush","Success",1244,1098
"2014_nk_135","Nush","Success",1215,842
"2014_nk_136","Nush","Success",1084,882
"2014_nk_137","Nush","Success",1070,938
"2014_nk_139","Nush","Success",1309,939
"2014_nk_140","Nush","Success",1299,1012
"2014_nk_141","Nush","Success",872,845
"2014_nk_144","Nush","Success",1093,857
"2014_nk_145","Nush","Success",1148,1077
"2014_nk_147","Nush","Success",1040,893
"2014_nk_148","Nush","Success",1060,901
"2014_nk_149","Nush","Success",1129,935
"2014_nk_15","Nush","Success",1262,1048
"2014_nk_150","Nush","Success",1465,1089
"2014_nk_151","Nush","Success",1391,1056
"2014_nk_152","Nush","Success",1387,1152
"2014_nk_153","Nush","Success",1094,873
"2014_nk_154","Nush","Success",1477,1155
"2014_nk_155","Nush","Success",1188,1029
"2014_nk_156","Nush","Success",1145,936
"2014_nk_157","Nush","Success",1226,898
"2014_nk_158","Nush","Success",1175,791
"2014_nk_159","Nush","Success",1318,874
"2014_nk_16_redo","Nush","Success",1242,941
"2014_nk_161","Nush","Success",1008,780
"2014_nk_162","Nush","Success",996,832
"2014_nk_164","Nush","Success",1138,1066
"2014_nk_166","Nush","Success",1281,1104
"2014_nk_167","Nush","Success",1436,1062
"2014_nk_168","Nush","Success",1457,1072
"2014_nk_169","Nush","Success",1076,897
"2014_nk_17","Nush","Success",1328,857
"2014_nk_170","Nush","Success",1179,977
"2014_nk_171","Nush","Success",1183,1011
"2014_nk_172","Nush","Success",1166,883
"2014_nk_174","Nush","Success",1023,901
"2014_nk_175","Nush","Success",1334,1057
"2014_nk_176","Nush","Success",1449,1051
"2014_nk_178","Nush","Success",1198,697
"2014_nk_179","Nush","Success",1276,988
"2014_nk_18_redo","Nush","Success",1041,878
"2014_nk_180","Nush","Success",1048,906
"2014_nk_181","Nush","Success",1384,1150
"2014_nk_182","Nush","Success",1071,778
"2014_nk_183","Nush","Success",986,813
"2014_nk_184","Nush","Success",1019,692
"2014_nk_185","Nush","Success",1060,899
"2014_nk_186","Nush","Success",1036,866
"2014_nk_187","Nush","Success",1034,771
"2014_nk_188","Nush","Success",1240,897
"2014_nk_189_redo","Nush","Success",1097,732
"2014_nk_19","Nush","Success",1205,917
"2014_nk_191","Nush","Success",1153,820
"2014_nk_192","Nush","Success",1236,944
"2014_nk_193","Nush","Success",1107,946
"2014_nk_194","Nush","Success",1157,984
"2014_nk_195","Nush","Success",1246,850
"2014_nk_196","Nush","Success",1174,955
"2014_nk_197","Nush","Success",1272,846
"2014_nk_198","Nush","Success",1227,915
"2014_nk_199","Nush","Success",1204,907
"2014_nk_200","Nush","Success",1105,937
"2014_nk_201","Nush","Success",1016,778
"2014_nk_202","Nush","Success",1216,1003
"2014_nk_203","Nush","Success",1321,887
"2014_nk_204","Nush","Success",1057,886
"2014_nk_205","Nush","Success",1275,975
"2014_nk_206","Nush","Success",1096,864
"2014_nk_207","Nush","Success",1231,890
"2014_nk_208","Nush","Success",1085,1009
"2014_nk_209","Nush","Success",1452,980
"2014_nk_21","Nush","Success",1180,989
"2014_nk_210","Nush","Success",1147,1019
"2014_nk_211","Nush","Success",1499,1181
"2014_nk_212","Nush","Success",1425,800
"2014_nk_213","Nush","Success",1020,869
"2014_nk_214","Nush","Success",1266,958
"2014_nk_215","Nush","Success",1100,818
"2014_nk_216","Nush","Success",1003,840
"2014_nk_217","Nush","Success",1303,1131
"2014_nk_218","Nush","Success",1783,1052
"2014_nk_219","Nush","Success",1092,784
"2014_nk_22_redo","Nush","Success",1195,931
"2014_nk_220","Nush","Success",1220,991
"2014_nk_221","Nush","Success",1542,1184
"2014_nk_222","Nush","Success",1237,830
"2014_nk_223","Nush","Success",1168,964
"2014_nk_224","Nush","Success",1102,774
"2014_nk_225","Nush","Success",1446,1092
"2014_nk_227","Nush","Success",1051,691
"2014_nk_228","Nush","Success",1200,890
"2014_nk_229","Nush","Success",1193,862
"2014_nk_23","Nush","Success",974,688
"2014_nk_231","Nush","Success",1325,877
"2014_nk_232","Nush","Success",1103,953
"2014_nk_233","Nush","Success",1216,1032
"2014_nk_234","Nush","Success",1493,1028
"2014_nk_235","Nush","Success",1000,616
"2014_nk_236","Nush","Success",1333,942
"2014_nk_237","Nush","Success",1529,934
"2014_nk_238","Nush","Success",1337,918
"2014_nk_239","Nush","Success",1090,850
"2014_nk_240","Nush","Success",1211,946
"2014_nk_242","Nush","Success",1068,775
"2014_nk_243","Nush","Success",1110,790
"2014_nk_244","Nush","Success",931,730
"2014_nk_245","Nush","Success",1183,801
"2014_nk_246","Nush","Success",1432,846
"2014_nk_247","Nush","Success",1345,1018
"2014_nk_248","Nush","Success",1078,856
"2014_nk_249","Nush","Success",1372,1012
"2014_nk_250","Nush","Success",1509,828
"2014_nk_251","Nush","Success",1348,1010
"2014_nk_252","Nush","Success",1459,1094
"2014_nk_254","Nush","Success",1096,873
"2014_nk_255","Nush","Success",988,735
"2014_nk_257","Nush","Success",1351,1016
"2014_nk_258","Nush","Success",1030,772
"2014_nk_26","Nush","Success",1007,716
"2014_nk_260","Nush","Success",1014,742
"2014_nk_261","Nush","Success",1218,1139
"2014_nk_262","Nush","Success",1452,948
"2014_nk_266","Nush","Success",1152,893
"2014_nk_267","Nush","Success",1405,841
"2014_nk_268","Nush","Success",1240,1053
"2014_nk_269","Nush","Success",1269,919
"2014_nk_27","Nush","Success",1080,666
"2014_nk_271","Nush","Success",1616,1049
"2014_nk_272","Nush","Success",1356,920
"2014_nk_273","Nush","Success",1425,968
"2014_nk_274","Nush","Success",1188,867
"2014_nk_275","Nush","Success",1493,1071
"2014_nk_276","Nush","Success",1101,936
"2014_nk_277","Nush","Success",1239,985
"2014_nk_278","Nush","Success",1287,986
"2014_nk_279","Nush","Success",1043,841
"2014_nk_28","Nush","Success",1076,771
"2014_nk_280","Nush","Success",1203,932
"2014_nk_281","Nush","Success",1246,928
"2014_nk_29B","Nush","Success",1258,972
"2014_nk_30","Nush","Success",1104,878
"2014_nk_31","Nush","Success",1043,706
"2014_nk_32","Nush","Success",1281,880
"2014_nk_35_redo","Nush","Success",1227,810
"2014_nk_37","Nush","Success",1182,963
"2014_nk_4_redo","Nush","Success",1130,798
"2014_nk_4","Nush","Success",1614,1029
"2014_nk_40","Nush","Success",1047,790
"2014_nk_41","Nush","Success",1180,897
"2014_nk_42_redo","Nush","Success",1245,850
"2014_nk_43","Nush","Success",1279,1136
"2014_nk_44","Nush","Success",1311,945
"2014_nk_46","Nush","Success",834,664
"2014_nk_46B","Nush","Success",1248,901
"2014_nk_48","Nush","Success",1464,1013
"2014_nk_49","Nush","Success",870,836
"2014_nk_5","Nush","Success",1113,836
"2014_nk_51","Nush","Success",1206,961
"2014_nk_52","Nush","Success",1034,932
"2014_nk_53","Nush","Success",1232,901
"2014_nk_55","Nush","Success",1141,992
"2014_nk_56_redo","Nush","Success",1499,1048
"2014_nk_57","Nush","Success",1206,905
"2014_nk_58","Nush","Success",1096,1001
"2014_nk_59","Nush","Success",1472,876
"2014_nk_6","Nush","Success",1023,838
"2014_nk_62","Nush","Success",1272,1018
"2014_nk_65","Nush","Success",928,762
"2014_nk_68","Nush","Success",1206,816
"2014_nk_69","Nush","Success",1148,1035
"2014_nk_7","Nush","Success",1528,977
"2014_nk_70_redo","Nush","Success",1277,926
"2014_nk_72","Nush","Success",1024,879
"2014_nk_73","Nush","Success",1411,822
"2014_nk_74","Nush","Success",1217,869
"2014_nk_75","Nush","Success",1242,942
"2014_nk_77","Nush","Success",1261,912
"2014_nk_78","Nush","Success",1113,902
"2014_nk_8","Nush","Success",961,794
"2014_nk_80","Nush","Success",1306,1131
"2014_nk_81","Nush","Success",1108,792
"2014_nk_82_redo","Nush","Success",978,801
"2014_nk_84","Nush","Success",1321,809
"2014_nk_85","Nush","Success",1387,981
"2014_nk_86","Nush","Success",1126,809
"2014_nk_88_redo","Nush","Success",1403,1060
"2014_nk_89","Nush","Success",1277,1084
"2014_nk_90","Nush","Success",1168,1096
"2014_nk_91","Nush","Success",1080,869
"2014_nk_92","Nush","Success",1138,965
"2014_nk_93","Nush","Success",1108,935
"2014_nk_94_redo","Nush","Success",1535,953
"2014_nk_95","Nush","Success",1113,911
"2014_nk_96","Nush","Success",1092,936
"2014_nk_98","Nush","Success",1198,891
"2014_nk_99","Nush","Success",1125,749
"2015_nk_001","Nush","Success",1213,912
"2015_nk_002","Nush","Success",1014,691
"2015_nk_004","Nush","Success",1075,733
"2015_nk_005","Nush","Success",1096,780
"2015_nk_009","Nush","Success",1152,1054
"2015_nk_011","Nush","Success",1153,859
"2015_nk_012","Nush","Success",991,830
"2015_nk_013_2","Nush","Success",897,882
"2015_nk_014","Nush","Success",998,841
"2015_nk_017","Nush","Success",1159,983
"2015_nk_018","Nush","Success",1227,1037
"2015_nk_019","Nush","Success",1208,940
"2015_nk_022","Nush","Success",1002,873
"2015_nk_023","Nush","Success",983,914
"2015_nk_026","Nush","Success",821,818
"2015_nk_028","Nush","Success",943,792
"2015_nk_030_redo","Nush","Success",932,808
"2015_nk_031_redo","Nush","Success",967,764
"2015_nk_033","Nush","Success",1246,919
"2015_nk_035_1","Nush","Success",1133,762
"2015_nk_036_redo","Nush","Success",1518,1091
"2015_nk_038","Nush","Success",1186,972
"2015_nk_039","Nush","Success",1345,928
"2015_nk_040","Nush","Success",1371,1018
"2015_nk_042","Nush","Success",1153,849
"2015_nk_044_redo","Nush","Success",1706,785
"2015_nk_045_redo","Nush","Success",1112,838
"2015_nk_046","Nush","Success",938,814
"2015_nk_048","Nush","Success",984,828
"2015_nk_057","Nush","Success",1572,910
"2015_nk_058","Nush","Success",1305,898
"2015_nk_060","Nush","Success",1201,920
"2015_nk_062_redo","Nush","Success",987,945
"2015_nk_064","Nush","Success",1110,860
"2015_nk_065","Nush","Success",1325,1021
"2015_nk_067","Nush","Success",1019,856
"2015_nk_070","Nush","Success",1099,939
"2015_nk_072","Nush","Success",1436,974
"2015_nk_074","Nush","Success",1196,863
"2015_nk_075","Nush","Success",844,813
"2015_nk_077_2","Nush","Success",973,765
"2015_nk_079","Nush","Success",1161,1095
"2015_nk_082","Nush","Success",1232,998
"2015_nk_088","Nush","Success",1151,797
"2015_nk_090","Nush","Success",1394,968
"2015_nk_091","Nush","Success",1098,787
"2015_nk_092","Nush","Success",1331,857
"2015_nk_093","Nush","Success",1535,1146
"2015_nk_094","Nush","Success",1302,1076
"2015_nk_095","Nush","Success",1096,917
"2015_nk_097","Nush","Success",1462,1092
"2015_nk_098","Nush","Success",1502,1017
"2015_nk_100","Nush","Success",1157,965
"2015_nk_101","Nush","Success",1374,928
"2015_nk_102","Nush","Success",1184,1031
"2015_nk_103","Nush","Success",1205,874
"2015_nk_104","Nush","Success",1329,857
"2015_nk_105","Nush","Success",1261,1011
"2015_nk_106","Nush","Success",1205,901
"2015_nk_107","Nush","Success",1272,834
"2015_nk_109","Nush","Success",1300,1030
"2015_nk_110_redo","Nush","Success",1290,852
"2015_nk_111_redo","Nush","Success",1392,884
"2015_nk_113","Nush","Success",1428,1170
"2015_nk_114_redo","Nush","Success",1120,872
"2015_nk_115","Nush","Success",1386,1013
"2015_nk_116_1","Nush","Success",1187,1025
"2015_nk_116_2","Nush","Success",1585,1348
"2015_nk_117","Nush","Success",1115,880
"2015_nk_118","Nush","Success",1376,1041
"2015_nk_119","Nush","Success",1160,922
"2015_nk_120","Nush","Success",1165,975
"2015_nk_121","Nush","Success",1130,968
"2015_nk_122_redoB","Nush","Success",1240,973
"2015_nk_124_redo","Nush","Success",1140,724
"2015_nk_126_redo","Nush","Success",1050,708
"2015_nk_128","Nush","Success",1272,1089
"2015_nk_129","Nush","Success",1113,851
"2015_nk_130_redo","Nush","Success",1085,833
"2015_nk_131","Nush","Success",961,815
"2015_nk_132","Nush","Success",1619,1218
"2015_nk_133","Nush","Success",1142,912
"2015_nk_134_1","Nush","Success",1175,864
"2015_nk_135","Nush","Success",1099,893
"2015_nk_136","Nush","Success",1095,816
"2015_nk_137_redo","Nush","Success",1242,912
"2015_nk_138","Nush","Success",1103,853
"2015_nk_139","Nush","Success",1262,992
"2015_nk_140_redo","Nush","Success",1172,887
"2015_nk_141","Nush","Success",1234,900
"2015_nk_142","Nush","Success",1319,1007
"2015_nk_143","Nush","Success",1210,723
"2015_nk_144","Nush","Success",1229,992
"2015_nk_145_redo","Nush","Success",1096,871
"2015_nk_146","Nush","Success",1232,961
"2015_nk_147_redo","Nush","Success",1074,830
"2015_nk_148","Nush","Success",1170,834
"2015_nk_150","Nush","Success",1195,1026
"2015_nk_151_redo_1","Nush","Success",1203,965
"2015_nk_152_redo_1","Nush","Success",1289,886
"2015_nk_153","Nush","Success",911,716
"2015_nk_155_1","Nush","Success",892,814
"2015_nk_156_smlLB","Nush","Success",1014,662
"2015_nk_159","Nush","Success",1482,1156
"2015_nk_161_redo","Nush","Success",691,578
"2015_nk_162","Nush","Success",991,840
"2015_nk_163","Nush","Success",1095,783
"2015_nk_164","Nush","Success",1092,796
"2015_nk_165","Nush","Success",1096,742
"2015_nk_166_redo","Nush","Success",1084,963
"2015_nk_167_redo","Nush","Success",1098,912
"2015_nk_168","Nush","Success",1014,821
"2015_nk_169","Nush","Success",1421,1249
"2015_nk_170","Nush","Success",1167,837
"2015_nk_173","Nush","Success",1087,696
"2015_nk_175","Nush","Success",1005,747
"2015_nk_176","Nush","Success",1253,977
"2015_nk_177_redo","Nush","Success",828,681
"2015_nk_178","Nush","Success",1204,952
"2015_nk_179","Nush","Success",1095,757
"2015_nk_180","Nush","Success",1237,1031
"2015_nk_181","Nush","Success",1142,960
"2015_nk_182","Nush","Success",1120,865
"2015_nk_183","Nush","Success",932,652
"2015_nk_184","Nush","Success",992,869
"2015_nk_185_redo","Nush","Success",1001,728
"2015_nk_186","Nush","Success",1294,1003
"2015_nk_188","Nush","Success",1604,1016
"2015_nk_190","Nush","Success",1239,845
"2015_nk_191","Nush","Success",1247,1019
"2015_nk_193","Nush","Success",1111,917
"2015_nk_194","Nush","Success",1232,893
"2015_nk_195","Nush","Success",1104,901
"2015_nk_196","Nush","Success",1384,1065
"2015_nk_200","Nush","Success",1094,850
"2015_nk_202","Nush","Success",1166,862
"2015_nk_203_redo","Nush","Success",1118,734
"2015_nk_204_redo","Nush","Success",1052,732
"2015_nk_205","Nush","Success",1154,1037
"2015_nk_207","Nush","Success",1185,1017
"2015_nk_208","Nush","Success",1032,909
"2015_nk_209","Nush","Success",1072,831
"2015_nk_210","Nush","Success",1280,958
"2015_nk_211","Nush","Success",1164,956
"2015_nk_213","Nush","Success",1121,904
"2015_nk_214","Nush","Success",1296,1109
"2015_nk_215","Nush","Success",1145,838
"2015_nk_216","Nush","Success",1158,944
"2015_nk_217","Nush","Success",967,848
"2015_nk_218","Nush","Success",1041,853
"2015_nk_220","Nush","Success",1169,955
"2015_nk_221","Nush","Success",966,909
"2015_nk_222","Nush","Success",1235,943
"2015_nk_223","Nush","Success",1063,851
"2015_nk_224_redo","Nush","Success",1144,1022
"2015_nk_225","Nush","Success",1149,996
"2015_nk_226","Nush","Success",1053,935
"2015_nk_227","Nush","Success",1047,963
"2015_nk_228","Nush","Success",1109,922
"2015_nk_229","Nush","Success",1241,945
"2015_nk_230","Nush","Success",1234,1043
"2015_nk_231_redo","Nush","Success",993,910
"2015_nk_232_redo","Nush","Success",1040,834
"2015_nk_233_redo","Nush","Success",1099,895
"2015_nk_234","Nush","Success",1151,992
"2015_nk_235","Nush","Success",1141,966
"2015_nk_236","Nush","Success",1226,983
"2015_nk_237","Nush","Success",1234,974
"2015_nk_238","Nush","Success",1233,937
"2015_nk_239","Nush","Success",1518,1100
"2015_nk_241","Nush","Success",1653,1256
"2015_nk_242","Nush","Success",1436,1102
"2015_nk_243","Nush","Success",1287,912
"2015_nk_244","Nush","Success",943,692
"2015_nk_245","Nush","Success",1144,808
"2015_nk_248","Nush","Success",1171,872
"2015_nk_252","Nush","Success",1105,608
"2015_nk_253","Nush","Success",1088,799
"2015_nk_254_redo","Nush","Success",1217,839
"2015_nk_255","Nush","Success",1230,872
"2015_nk_256","Nush","Success",1224,889
"2015_nk_257","Nush","Success",1245,1023
"2015_nk_258","Nush","Success",1236,856
"2015_nk_259","Nush","Success",1139,831
"2015_nk_260_redo","Nush","Success",1077,836
"2015_nk_261","Nush","Success",1286,1002
"2015_nk_262","Nush","Success",1063,796
"2015_nk_263","Nush","Success",1045,726
"2015_nk_264_redo","Nush","Success",1138,958
"2015_nk_266_redo","Nush","Success",1080,888
"2015_nk_269","Nush","Success",1476,1110
"2015_nk_270_1","Nush","Success",1109,680
"2015_nk_272_redo","Nush","Success",1150,725
"2015_nk_273","Nush","Success",1024,670
"2015_nk_274","Nush","Success",890,788
"2015_nk_275_redo","Nush","Success",1392,889
"2015_nk_276_redo","Nush","Success",788,600
"2015_nk_278","Nush","Success",997,946
"2015_nk_279","Nush","Success",1149,850
"2015_nk_281","Nush","Success",866,736
"2015_nk_282_redo","Nush","Success",1013,883
"2015_nk_283_redo","Nush","Success",983,816
"2015_nk_284","Nush","Success",912,822
"2015_nk_286","Nush","Success",757,676
"2015_nk_287","Nush","Success",1083,865
"2015_nk_288","Nush","Success",1076,1007
"2015_nk_289","Nush","Success",1079,771
"2015_nk_290_redo","Nush","Success",1090,869
"2015_nk_291_redo","Nush","Success",994,768
"2015_nk_292","Nush","Success",1286,848
"2015_nk_293","Nush","Success",1205,964
"2015_nk_294","Nush","Success",1199,1025
"2015_nk_297","Nush","Success",902,699
"2015_nk_3_redo","Nush","Success",959,930
"2015_nk_41_redo","Nush","Success",875,808
"2015_nk_43_redo","Nush","Success",1079,820
"2015_nk_56_redo","Nush","Success",1064,821
"2015_nk_59_redo","Nush","Success",1269,803
"2015_nk_68_redo","Nush","Success",1054,773
"2015_nk_69_redo","Nush","Success",1149,867
"2015_nk_7_redo","Nush","Success",932,861
"2015_nk_78_2","Nush","Success",959,825
"2015_nk_80_redo","Nush","Success",1144,803
"2015_nk_86_redo","Nush","Success",801,631
"2015_nk_87_redo","Nush","Success",1028,807
"2015_nk_89_redo","Nush","Success",968,771
"2015_yk_002","Yukon","Success",1401,876
"2015_yk_006","Yukon","Success",1481,894
"2015_yk_011","Yukon","Success",1350,967
"2015_yk_012","Yukon","Success",1658,1040
"2015_yk_013","Yukon","Success",1255,730
"2015_yk_016","Yukon","Success",1472,958
"2015_yk_017","Yukon","Success",1121,731
"2015_yk_025","Yukon","Success",1305,965
"2015_yk_027","Yukon","Success",1347,1047
"2015_yk_032","Yukon","Success",1426,929
"2015_yk_033","Yukon","Success",1544,1122
"2015_yk_034","Yukon","Success",1419,795
"2015_yk_035","Yukon","Success",1191,855
"2015_yk_040","Yukon","Success",1373,835
"2015_yk_048","Yukon","Success",1452,942
"2015_yk_051a","Yukon","Success",1505,884
"2015_yk_052","Yukon","Success",1024,946
"2015_yk_052b","Yukon","Success",1580,1015
"2015_yk_056","Yukon","Success",1574,964
"2015_yk_056a","Yukon","Success",1328,915
"2015_yk_062","Yukon","Success",1616,972
"2015_yk_065","Yukon","Success",1353,932
"2015_yk_065a","Yukon","Success",1364,849
"2015_yk_066","Yukon","Success",1178,1008
"2015_yk_068","Yukon","Success",1302,934
"2015_yk_068a","Yukon","Success",1105,978
"2015_yk_068b","Yukon","Success",1472,1018
"2015_yk_069","Yukon","Success",1228,928
"2015_yk_082","Yukon","Success",1498,1027
"2015_yk_084","Yukon","Success",1613,1043
"2015_yk_091","Yukon","Success",1702,815
"2015_yk_092","Yukon","Success",1378,934
"2015_yk_097","Yukon","Success",1581,1100
"2015_yk_098","Yukon","Success",1492,1094
"2015_yk_099","Yukon","Success",1386,858
"2015_yk_100","Yukon","Success",1217,815
"2015_yk_101","Yukon","Success",1446,831
"2015_yk_102a","Yukon","Success",1487,986
"2015_yk_109","Yukon","Success",1690,1107
"2015_yk_111","Yukon","Success",1511,955
"2015_yk_113","Yukon","Success",1390,820
"2015_yk_114","Yukon","Success",1481,1027
"2015_yk_116","Yukon","Success",1576,952
"2015_yk_117","Yukon","Success",1327,908
"2015_yk_119","Yukon","Success",1277,846
"2015_yk_124","Yukon","Success",1264,776
"2015_yk_128","Yukon","Success",1301,779
"2015_yk_129","Yukon","Success",1329,910
"2015_yk_137","Yukon","Success",1486,1015
"2015_yk_139","Yukon","Success",1313,955
"2015_yk_144","Yukon","Success",1599,906
"2015_yk_148","Yukon","Success",1410,918
"2015_yk_149","Yukon","Success",1591,1126
"2015_yk_151","Yukon","Success",1580,1030
"2015_yk_152","Yukon","Success",1565,996
"2015_yk_159","Yukon","Success",1598,1004
"2015_yk_161","Yukon","Success",1498,895
"2015_yk_165","Yukon","Success",1356,1246
"2015_yk_166","Yukon","Success",1407,903
"2015_yk_171","Yukon","Success",1238,1007
"2015_yk_174","Yukon","Success",1410,735
"2015_yk_175","Yukon","Success",1395,921
"2015_yk_178","Yukon","Success",1302,781
"2015_yk_179","Yukon","Success",1399,931
"2015_yk_180","Yukon","Success",1550,959
"2015_yk_193","Yukon","Success",1393,805
"2015_yk_199","Yukon","Success",1368,1091
"2015_yk_200","Yukon","Success",1369,864
"2015_yk_205","Yukon","Success",1468,922
"2015_yk_214","Yukon","Success",1385,770
"2015_yk_215","Yukon","Success",1561,1019
"2015_yk_219","Yukon","Success",1333,891
"2015_yk_221_2","Yukon","Success",1331,944
"2015_yk_222","Yukon","Success",1342,908
"2015_yk_223","Yukon","Success",1480,1031
"2015_yk_225","Yukon","Success",1205,783
"2015_yk_226","Yukon","Success",1569,1171
"2015_yk_233","Yukon","Success",1493,1047
"2015_yk_234","Yukon","Success",1537,963
"2015_yk_239","Yukon","Success",1300,942
"2015_yk_240","Yukon","Success",1649,794
"2015_yk_242","Yukon","Success",1578,1162
"2015_yk_243","Yukon","Success",1452,740
"2015_yk_244","Yukon","Success",1394,965
"2015_yk_258","Yukon","Success",1630,951
"2015_yk_259","Yukon","Success",1328,931
"2015_yk_275a","Yukon","Success",1247,824
"2015_yk_302","Yukon","Success",1346,979
"2015_yk_306","Yukon","Success",1693,1157
"2015_yk_311","Yukon","Success",1424,872
"2015_yk_314","Yukon","Success",1570,912
"2015_yk_316","Yukon","Success",1386,976
"2015_yk_325","Yukon","Success",1433,846
"2015_yk_326","Yukon","Success",1226,979
"2015_yk_327","Yukon","Success",1299,924
"2015_yk_331","Yukon","Success",1409,863
"2015_yk_332","Yukon","Success",1376,1033
"2015_yk_333_1","Yukon","Success",1369,981
"2015_yk_333_2","Yukon","Success",1141,793
"2015_yk_338","Yukon","Missing_Landmarks",1418,0
"2015_yk_342","Yukon","Success",1375,760
"2015_yk_348","Yukon","Success",1196,979
"2015_yk_349","Yukon","Success",1530,1123
"2015_yk_357","Yukon","Success",1515,1024
"2015_yk_361","Yukon","Success",1283,952
"2015_yk_363","Yukon","Success",1717,1117
"2015_yk_366","Yukon","Success",1487,1035
"2015_yk_367","Yukon","Success",1351,822
"2015_yk_375","Yukon","Success",1502,803
"2015_yk_377","Yukon","Success",1210,841
"2015_yk_379b","Yukon","Success",1287,947
"2015_yk_380","Yukon","Success",1524,850
"2015_yk_389","Yukon","Success",1578,1181
"2015_yk_390","Yukon","Success",1238,868
"2015_yk_394","Yukon","Success",1507,1170
"2015_yk_395","Yukon","Success",1305,908
"2015_yk_396b","Yukon","Success",1027,793
"2015_yk_397","Yukon","Success",1323,866
"2015_yk_398_1","Yukon","Success",1399,823
"2015_yk_400","Yukon","Success",1228,859
"2015_yk_402","Yukon","Success",1335,928
"2015_yk_404","Yukon","Success",1223,949
"2015_yk_405","Yukon","Success",1195,888
"2015_yk_416","Yukon","Success",1062,815
"2015_yk_417","Yukon","Success",1182,864
"2015_yk_422","Yukon","Success",1477,1027
"2015_yk_423","Yukon","Success",1372,917
"2015_yk_424","Yukon","Success",1326,806
"2015_yk_425","Yukon","Success",1493,851
"2015_yk_426","Yukon","Success",1265,868
"2015_yk_427","Yukon","Success",1598,867
"2015_yk_430","Yukon","Success",1567,919
"2015_yk_431","Yukon","Success",1420,1110
"2015_yk_433","Yukon","Success",1188,802
"2015_yk_436","Yukon","Success",1537,1102
"2015_yk_437","Yukon","Success",1202,891
"2015_yk_438","Yukon","Success",1539,976
"2015_yk_444","Yukon","Success",1456,961
"2015_yk_450","Yukon","Success",1373,868
"2015_yk_451","Yukon","Success",1166,815
"2015_yk_454","Yukon","Success",1736,947
"2015_yk_457_1","Yukon","Success",1679,1150
"2015_yk_458","Yukon","Success",1256,856
"2015_yk_460","Yukon","Success",1327,961
"2015_yk_461","Yukon","Success",1211,892
"2015_yk_462","Yukon","Success",1280,895
"2015_yk_464","Yukon","Success",1367,991
"2015_yk_474","Yukon","Success",1519,944
"2015_yk_479","Yukon","Success",1178,908
"2015_yk_483","Yukon","Success",1151,930
"2015_yk_486","Yukon","Success",1425,911
"2015_yk_487","Yukon","Success",1340,920
"2015_yk_490","Yukon","Success",1312,821
"2015_yk_491","Yukon","Success",1422,885
"2015_yk_492","Yukon","Success",1513,937
"2015_yk_494","Yukon","Success",1243,965
"2015_yk_497","Yukon","Success",1350,947
"2015_yk_508","Yukon","Success",1524,799
"2015_yk_514","Yukon","Success",1375,941
"2015_yk_521","Yukon","Success",1776,967
"2015_yk_523","Yukon","Success",1317,819
"2015_yk_524","Yukon","Success",1431,962
"2015_yk_526","Yukon","Success",1437,877
"2015_yk_530_2","Yukon","Success",1531,1176
"2015_yk_534","Yukon","Success",1575,1298
"2015_yk_535","Yukon","Success",1210,919
"2015_yk_537","Yukon","Success",1555,912
"2015_yk_541","Yukon","Success",1152,813
"2015_yk_543","Yukon","Success",1312,872
"2015_yk_545","Yukon","Success",1370,1115
"2015_yk_546","Yukon","Success",1614,975
"2015_yk_550","Yukon","Success",1081,682
"2015_yk_551","Yukon","Success",1401,939
"2015_yk_554","Yukon","Success",1391,893
"2015_yk_555","Yukon","Success",1220,810
"2015_yk_558","Yukon","Success",1774,1102
"2015_yk_559","Yukon","Success",1314,919
"2015_yk_561","Yukon","Success",1201,884
"2015_yk_566","Yukon","Success",1177,830
"2015_yk_568","Yukon","Success",1444,882
"2015_yk_571","Yukon","Success",1442,917
"2015_yk_573","Yukon","Success",1239,819
"2015_yk_576","Yukon","Success",1313,927
"2015_yk_578","Yukon","Success",1085,792
"2015_yk_582","Yukon","Success",1464,1121
"2015_yk_587","Yukon","Success",1143,865
"2015_yk_588","Yukon","Success",1271,854
"2015_yk_592","Yukon","Success",1601,988
"2015_yk_593","Yukon","Success",1384,786
"2015_yk_594","Yukon","Success",1377,1058
"2015_yk_595","Yukon","Success",1670,1169
"2015_yk_598","Yukon","Success",1385,902
"2015_yk_599","Yukon","Success",1456,980
"2015_yk_600","Yukon","Success",1282,990
"2015_yk_602","Yukon","Success",1234,936
"2015_yk_608","Yukon","Success",1087,871
"2015_yk_611","Yukon","Success",1350,787
"2015_yk_613","Yukon","Success",1129,914
"2015_yk_615","Yukon","Success",1373,910
"2015_yk_616","Yukon","Success",1437,921
"2016_yk_001","Yukon","Success",1598,827
"2016_yk_002","Yukon","Success",1771,917
"2016_yk_004","Yukon","Success",1532,841
"2016_yk_006","Yukon","Success",1906,1190
"2016_yk_008","Yukon","Success",1529,1089
"2016_yk_009","Yukon","Success",1389,846
"2016_yk_010_redo","Yukon","Success",1688,1170
"2016_yk_011","Yukon","Success",1381,859
"2016_yk_012","Yukon","Success",1175,930
"2016_yk_013","Yukon","Success",1284,836
"2016_yk_014_redo","Yukon","Success",1635,1071
"2016_yk_015_redo","Yukon","Success",1542,889
"2016_yk_016_redo","Yukon","Success",1502,837
"2016_yk_017_redo","Yukon","Success",1692,977
"2016_yk_018","Yukon","Success",1670,1172
"2016_yk_019","Yukon","Success",1225,902
"2016_yk_020","Yukon","Success",1531,843
"2016_yk_021_redo","Yukon","Success",1446,979
"2016_yk_022","Yukon","Success",1347,1054
"2016_yk_023","Yukon","Success",1731,932
"2016_yk_024","Yukon","Success",1163,785
"2016_yk_026","Yukon","Success",1480,828
"2016_yk_028_redo","Yukon","Success",1411,984
"2016_yk_029","Yukon","Success",1272,878
"2016_yk_030_redo","Yukon","Success",1388,847
"2016_yk_031_redo","Yukon","Success",1591,929
"2016_yk_032","Yukon","Success",1710,999
"2016_yk_033","Yukon","Success",1571,1038
"2016_yk_034","Yukon","Success",1682,1004
"2016_yk_035_redo","Yukon","Success",1659,874
"2016_yk_037","Yukon","Success",1463,961
"2016_yk_038","Yukon","Success",1043,791
"2016_yk_040","Yukon","Success",1366,889
"2016_yk_041","Yukon","Success",1526,896
"2016_yk_043","Yukon","Success",1482,871
"2016_yk_044_redo","Yukon","Success",1399,772
"2016_yk_045","Yukon","Success",1390,873
"2016_yk_046_redo","Yukon","Success",1812,902
"2016_yk_047","Yukon","Success",1142,703
"2016_yk_048","Yukon","Success",1467,1192
"2016_yk_050","Yukon","Success",1403,886
"2016_yk_052","Yukon","Success",1328,893
"2016_yk_053_redo","Yukon","Success",1615,901
"2016_yk_054_redo","Yukon","Success",1538,1060
"2016_yk_055","Yukon","Success",1212,798
"2016_yk_057_redo","Yukon","Success",1314,939
"2016_yk_058_redo","Yukon","Success",1427,1040
"2016_yk_059","Yukon","Success",1395,875
"2016_yk_060_redo","Yukon","Success",1513,1136
"2016_yk_065","Yukon","Success",1565,970
"2016_yk_067_redo","Yukon","Success",1276,944
"2016_yk_068","Yukon","Success",1310,1025
"2016_yk_069","Yukon","Success",1582,763
"2016_yk_070","Yukon","Success",1435,834
"2016_yk_071","Yukon","Success",1617,1147
"2016_yk_072","Yukon","Success",1528,1102
"2016_yk_073","Yukon","Success",1354,828
"2016_yk_074_redo","Yukon","Success",1205,753
"2016_yk_075","Yukon","Success",1065,779
"2016_yk_076","Yukon","Success",1396,937
"2016_yk_077","Yukon","Success",1196,857
"2016_yk_078_redo","Yukon","Success",1333,795
"2016_yk_079","Yukon","Success",1188,829
"2016_yk_080","Yukon","Success",1101,815
"2016_yk_082_redo","Yukon","Success",1430,1105
"2016_yk_083_redo","Yukon","Success",1218,902
"2016_yk_084","Yukon","Success",1492,952
"2016_yk_085_redo","Yukon","Success",1530,879
"2016_yk_086","Yukon","Success",1365,799
"2016_yk_087","Yukon","Success",1563,943
"2016_yk_088_redo","Yukon","Success",1314,872
"2016_yk_089_redo","Yukon","Success",1377,1020
"2016_yk_090","Yukon","Success",1567,921
"2016_yk_091","Yukon","Success",1415,1053
"2016_yk_092","Yukon","Success",1474,874
"2016_yk_093","Yukon","Success",1485,1062
"2016_yk_094","Yukon","Success",1461,867
"2016_yk_095_redo","Yukon","Success",1434,948
"2016_yk_096_redo","Yukon","Success",1476,887
"2016_yk_097","Yukon","Success",1354,861
"2016_yk_098_redo","Yukon","Success",1420,988
"2016_yk_099","Yukon","Success",1387,977
"2016_yk_100","Yukon","Success",1442,1002
"2016_yk_101","Yukon","Success",1633,940
"2016_yk_102a","Yukon","Success",1423,1024
"2016_yk_103b","Yukon","Success",1703,1159
"2016_yk_104_redo","Yukon","Success",1539,1019
"2016_yk_105","Yukon","Success",1444,876
"2016_yk_108","Yukon","Success",1339,925
"2016_yk_109","Yukon","Success",1417,933
"2016_yk_110_redo","Yukon","Success",1624,1056
"2016_yk_111","Yukon","Success",1212,871
"2016_yk_112","Yukon","Success",1444,903
"2016_yk_113_redo","Yukon","Success",1889,961
"2016_yk_114","Yukon","Success",1444,1113
"2016_yk_115","Yukon","Success",1153,843
"2016_yk_116_redo","Yukon","Success",1259,1135
"2016_yk_118_redo","Yukon","Success",1204,928
"2016_yk_119","Yukon","Success",1476,1054
"2016_yk_120","Yukon","Success",1773,1216
"2016_yk_121","Yukon","Success",1067,765
"2016_yk_122","Yukon","Success",1303,1084
"2016_yk_123","Yukon","Success",1235,965
"2016_yk_124","Yukon","Success",1565,1006
"2016_yk_125","Yukon","Success",1580,1178
"2016_yk_126","Yukon","Success",1355,961
"2016_yk_127","Yukon","Success",1566,847
"2016_yk_128","Yukon","Success",1456,985
"2016_yk_130","Yukon","Success",1631,976
"2016_yk_131","Yukon","Success",1479,1055
"2016_yk_133","Yukon","Success",1283,838
"2016_yk_135","Yukon","Success",1395,806
"2016_yk_136","Yukon","Success",1148,916
"2016_yk_139","Yukon","Success",1434,877
"2016_yk_140","Yukon","Success",1526,906
"2016_yk_143","Yukon","Success",1195,774
"2016_yk_144","Yukon","Success",1464,874
"2016_yk_146","Yukon","Success",1645,995
"2016_yk_147","Yukon","Success",1448,821
"2016_yk_148","Yukon","Success",1661,933
"2016_yk_149_redo","Yukon","Success",1134,755
"2016_yk_151","Yukon","Success",1446,1010
"2016_yk_152","Yukon","Success",1553,1022
"2016_yk_156","Yukon","Success",1309,1030
"2016_yk_157","Yukon","Success",1346,921
"2016_yk_159","Yukon","Success",1363,893
"2016_yk_160","Yukon","Success",1233,673
"2016_yk_161","Yukon","Success",1390,831
"2016_yk_162","Yukon","Success",1506,1189
"2016_yk_163","Yukon","Success",1272,792
"2016_yk_164","Yukon","Success",1258,822
"2016_yk_165","Yukon","Success",1405,919
"2016_yk_166_redo","Yukon","Success",1329,1001
"2016_yk_167","Yukon","Success",1245,887
"2016_yk_168","Yukon","Success",1378,937
"2016_yk_170","Yukon","Success",1251,813
"2016_yk_171","Yukon","Success",1462,803
"2016_yk_172","Yukon","Success",1500,955
"2016_yk_173","Yukon","Success",1281,691
"2016_yk_174","Yukon","Success",1249,921
"2016_yk_175","Yukon","Success",1244,883
"2016_yk_177_redo","Yukon","Success",1312,969
"2016_yk_179","Yukon","Success",1559,959
"2016_yk_181","Yukon","Success",1512,915
"2016_yk_183_redo","Yukon","Success",1320,1049
"2016_yk_184","Yukon","Success",1327,1002
"2016_yk_186","Yukon","Success",1262,935
"2016_yk_187","Yukon","Success",1210,789
"2016_yk_188_redo","Yukon","Success",1408,929
"2016_yk_189a","Yukon","Success",1462,928
"2016_yk_190_redo","Yukon","Success",1208,959
"2016_yk_192","Yukon","Success",1488,814
"2016_yk_194","Yukon","Success",1386,1017
"2016_yk_196","Yukon","Success",1491,1081
"2016_yk_197","Yukon","Success",1406,883
"2016_yk_198","Yukon","Success",1167,678
"2016_yk_199","Yukon","Success",1346,865
"2016_yk_200","Yukon","Success",1879,1019
"2016_yk_206_redo","Yukon","Success",1449,1117
"2016_yk_207","Yukon","Success",1592,921
"2016_yk_208","Yukon","Success",1585,700
"2016_yk_210","Yukon","Success",1623,1022
"2016_yk_211","Yukon","Success",1482,956
"2016_yk_212","Yukon","Success",1273,892
"2016_yk_213","Yukon","Success",1934,1067
"2016_yk_214_redo","Yukon","Success",1087,859
"2016_yk_215","Yukon","Success",1271,770
"2016_yk_216_redo","Yukon","Success",1584,904
"2016_yk_217","Yukon","Success",2053,1421
"2016_yk_218","Yukon","Success",1441,920
"2016_yk_219","Yukon","Success",1619,803
"2016_yk_220_redo","Yukon","Success",1248,812
"2016_yk_221_sml","Yukon","Success",924,634
"2016_yk_221","Yukon","Success",1167,730
"2016_yk_224","Yukon","Success",1510,897
"2016_yk_225","Yukon","Success",1714,790
"2016_yk_226","Yukon","Success",1738,936
"2016_yk_227_redo","Yukon","Success",1581,1000
"2016_yk_229_sml","Yukon","Success",939,751
"2016_yk_229","Yukon","Success",1773,1174
"2016_yk_231_a","Yukon","Success",1303,840
"2016_yk_233_redo","Yukon","Success",1303,846
"2016_yk_235_redo","Yukon","Success",1575,1048
"2016_yk_236_redo","Yukon","Success",1575,1368
"2016_yk_237","Yukon","Success",1766,1099
"2016_yk_239_redo","Yukon","Success",1583,943
"2016_yk_240","Yukon","Success",1387,821
"2016_yk_242","Yukon","Success",1398,940
"2016_yk_243","Yukon","Success",1394,940
"2016_yk_245_redo","Yukon","Success",1811,757
"2016_yk_246_redo","Yukon","Success",1499,879
"2016_yk_248","Yukon","Success",1654,885
"2016_yk_249_redo","Yukon","Success",1461,810
"2016_yk_250","Yukon","Success",1532,908
"2017_kk_003","Kusko","Success",1511,986
"2017_kk_004","Kusko","Success",1392,795
"2017_kk_005","Kusko","Success",1420,1027
"2017_kk_006","Kusko","Success",1338,958
"2017_kk_007","Kusko","Success",1456,833
"2017_kk_008","Kusko","Success",1451,931
"2017_kk_009","Kusko","Success",1253,798
"2017_kk_010","Kusko","Success",1407,911
"2017_kk_011","Kusko","Success",1764,933
"2017_kk_012","Kusko","Success",1336,900
"2017_kk_013","Kusko","Success",1588,864
"2017_kk_014","Kusko","Success",1447,855
"2017_kk_015","Kusko","Success",1251,800
"2017_kk_016","Kusko","Success",1476,1016
"2017_kk_017","Kusko","Success",1420,953
"2017_kk_019","Kusko","Success",1459,836
"2017_kk_020","Kusko","Success",1333,904
"2017_kk_021","Kusko","Success",1472,1027
"2017_kk_023","Kusko","Success",1408,839
"2017_kk_024","Kusko","Success",1671,925
"2017_kk_025","Kusko","Success",1453,1012
"2017_kk_026","Kusko","Success",1819,967
"2017_kk_028","Kusko","Success",1299,937
"2017_kk_029","Kusko","Success",1820,913
"2017_kk_030","Kusko","Success",1451,887
"2017_kk_033redo","Kusko","Success",1528,921
"2017_kk_034","Kusko","Success",1489,882
"2017_kk_035","Kusko","Success",1632,987
"2017_kk_036redo","Kusko","Success",1282,917
"2017_kk_037redoa","Kusko","Success",953,723
"2017_kk_039","Kusko","Success",1392,1086
"2017_kk_040","Kusko","Success",1361,923
"2017_kk_042redo","Kusko","Success",1426,825
"2017_kk_043","Kusko","Success",1513,921
"2017_kk_045","Kusko","Success",1258,873
"2017_kk_047","Kusko","Success",1539,953
"2017_kk_048","Kusko","Success",1397,858
"2017_kk_049redo","Kusko","Success",1461,1039
"2017_kk_050","Kusko","Success",1446,957
"2017_kk_051","Kusko","Success",1407,933
"2017_kk_053redo","Kusko","Success",1517,840
"2017_kk_054","Kusko","Success",1348,912
"2017_kk_055","Kusko","Success",1442,753
"2017_kk_058","Kusko","Success",1344,881
"2017_kk_059","Kusko","Success",1498,1017
"2017_kk_060redo","Kusko","Success",1584,853
"2017_kk_061","Kusko","Success",1293,796
"2017_kk_062redo","Kusko","Success",1575,891
"2017_kk_063","Kusko","Success",1401,903
"2017_kk_064","Kusko","Success",1260,903
"2017_kk_066","Kusko","Success",1368,834
"2017_kk_067redo","Kusko","Success",1549,929
"2017_kk_068","Kusko","Success",1638,925
"2017_kk_070","Kusko","Success",1419,897
"2017_kk_071","Kusko","Success",1460,831
"2017_kk_072","Kusko","Success",1489,997
"2017_kk_073","Kusko","Success",1306,914
"2017_kk_074redo","Kusko","Success",1269,908
"2017_kk_075","Kusko","Success",1146,862
"2017_kk_076","Kusko","Success",1387,1057
"2017_kk_077","Kusko","Success",1333,884
"2017_kk_078","Kusko","Success",1655,752
"2017_kk_081","Kusko","Success",1612,979
"2017_kk_083","Kusko","Success",1691,1048
"2017_kk_088redo","Kusko","Success",1552,963
"2017_kk_092","Kusko","Success",1226,862
"2017_kk_093","Kusko","Success",1370,939
"2017_kk_094","Kusko","Success",1551,1064
"2017_kk_095","Kusko","Success",1361,931
"2017_kk_097","Kusko","Success",1285,920
"2017_kk_098redo","Kusko","Success",1444,1068
"2017_kk_100","Kusko","Success",1036,862
"2017_kk_101","Kusko","Success",1144,758
"2017_kk_103","Kusko","Success",1505,723
"2017_kk_104redo","Kusko","Success",1491,820
"2017_kk_105","Kusko","Success",1438,996
"2017_kk_106","Kusko","Success",1294,993
"2017_kk_107","Kusko","Success",1232,700
"2017_kk_108","Kusko","Success",1260,1018
"2017_kk_110redo","Kusko","Success",1396,867
"2017_kk_111","Kusko","Success",1171,847
"2017_kk_112","Kusko","Success",1161,881
"2017_kk_113","Kusko","Success",1254,964
"2017_kk_114","Kusko","Success",1682,936
"2017_kk_115","Kusko","Success",1876,810
"2017_kk_116redo","Kusko","Success",1136,846
"2017_kk_118","Kusko","Success",1657,861
"2017_kk_119","Kusko","Success",1750,989
"2017_kk_120redo","Kusko","Success",1501,931
"2017_kk_121","Kusko","Success",1604,986
"2017_kk_125redo","Kusko","Success",1096,698
"2017_kk_126","Kusko","Success",1472,819
"2017_kk_127","Kusko","Success",1499,901
"2017_kk_129","Kusko","Success",1523,913
"2017_kk_130","Kusko","Success",1417,895
"2017_kk_133","Kusko","Success",1433,813
"2017_kk_134redo","Kusko","Success",1137,693
"2017_kk_135","Kusko","Success",1465,988
"2017_kk_136","Kusko","Success",1312,872
"2017_kk_137","Kusko","Success",1670,985
"2017_kk_139","Kusko","Success",1182,781
"2017_kk_142redo","Kusko","Success",1478,824
"2017_kk_143","Kusko","Success",1229,849
"2017_kk_146","Kusko","Success",966,790
"2017_kk_147","Kusko","Success",1348,1010
"2017_kk_149","Kusko","Success",1211,911
"2017_kk_150","Kusko","Success",1193,835
"2017_kk_152","Kusko","Success",1091,890
"2017_kk_153redo","Kusko","Success",1688,946
"2017_kk_156","Kusko","Success",1586,976
"2017_kk_159","Kusko","Success",1576,931
"2017_kk_161","Kusko","Success",1187,921
"2017_kk_162","Kusko","Success",1183,855
"2017_kk_163","Kusko","Success",1423,935
"2017_kk_164","Kusko","Success",1381,954
"2017_kk_167","Kusko","Success",1655,860
"2017_kk_169redo","Kusko","Success",1900,889
"2017_kk_170","Kusko","Success",1486,862
"2017_kk_171","Kusko","Success",1893,894
"2017_kk_177redo","Kusko","Success",1721,829
"2017_kk_178","Kusko","Success",1260,935
"2017_kk_179","Kusko","Success",1332,770
"2017_kk_180","Kusko","Success",1362,946
"2017_kk_182","Kusko","Success",1386,796
"2017_kk_183redo","Kusko","Success",1479,865
"2017_kk_184","Kusko","Success",1423,859
"2017_kk_185","Kusko","Success",1236,791
"2017_kk_186redo","Kusko","Success",1594,784
"2017_kk_187","Kusko","Success",1499,881
"2017_kk_188","Kusko","Success",1380,814
"2017_kk_189","Kusko","Success",1521,1048
"2017_kk_190","Kusko","Success",1179,688
"2017_kk_191","Kusko","Success",1353,922
"2017_kk_192","Kusko","Success",1382,901
"2017_kk_193","Kusko","Success",1095,730
"2017_kk_194","Kusko","Success",981,722
"2017_kk_195a","Kusko","Success",1261,860
"2017_kk_196","Kusko","Success",1572,1137
"2017_kk_197","Kusko","Success",1362,837
"2017_kk_198redo","Kusko","Success",1559,774
"2017_kk_199","Kusko","Success",1733,1006
"2017_kk_201","Kusko","Success",1237,890
"2017_kk_202","Kusko","Success",1279,961
"2017_kk_203","Kusko","Success",1273,906
"2017_kk_204","Kusko","Success",1276,882
"2017_kk_205","Kusko","Success",1160,896
"2017_kk_206","Kusko","Success",1247,944
"2017_kk_207","Kusko","Success",984,687
"2017_kk_208","Kusko","Success",1116,869
"2017_kk_209","Kusko","Success",1133,761
"2017_kk_210","Kusko","Success",1222,974
"2017_kk_212","Kusko","Success",1266,913
"2017_kk_213","Kusko","Success",1422,897
"2017_kk_214redo","Kusko","Success",1754,988
"2017_kk_217","Kusko","Success",1197,888
"2017_kk_218","Kusko","Success",1273,902
"2017_kk_219","Kusko","Success",1263,783
"2017_kk_223redo","Kusko","Success",1435,1023
"2017_kk_225redo","Kusko","Success",1553,906
"2017_kk_226redo","Kusko","Success",1724,904
"2017_kk_229","Kusko","Success",1152,774
"2017_kk_230","Kusko","Success",1514,922
"2017_kk_231","Kusko","Success",1215,878
"2017_kk_233","Kusko","Success",1216,876
"2017_kk_234","Kusko","Success",1184,908
"2017_kk_235","Kusko","Success",1469,1013
"2017_kk_236","Kusko","Success",1536,996
"2017_kk_237","Kusko","Success",1617,993
"2017_kk_238","Kusko","Success",1545,908
"2017_kk_240redo","Kusko","Success",1190,809
"2017_kk_241","Kusko","Success",1579,740
"2017_kk_242","Kusko","Success",1591,1065
"2017_kk_243redo","Kusko","Success",1384,953
"2017_kk_244","Kusko","Success",1407,888
"2017_kk_245","Kusko","Success",1770,953
"2017_kk_246","Kusko","Success",1445,1039
"2017_kk_247","Kusko","Success",1464,792
"2017_kk_248","Kusko","Success",1306,730
"2017_kk_249redo","Kusko","Success",1408,876
"2017_kk_251","Kusko","Success",1325,838
"2017_kk_252","Kusko","Success",1512,964
"2017_kk_253","Kusko","Success",1471,1000
"2017_kk_254","Kusko","Success",1527,937
"2017_kk_255","Kusko","Success",1490,968
"2017_kk_256","Kusko","Success",1256,896
"2017_kk_257redo","Kusko","Success",1614,947
"2017_kk_258redo","Kusko","Success",1597,924
"2017_kk_261","Kusko","Success",1495,934
"2017_kk_263redo","Kusko","Success",1320,829
"2017_kk_264redo","Kusko","Success",1445,941
"2017_kk_266","Kusko","Success",1555,907
"2017_kk_268","Kusko","Success",1719,875
"2017_kk_269redo","Kusko","Success",1442,835
"2017_kk_270redo","Kusko","Success",1277,858
"2017_kk_271redo","Kusko","Success",1442,856
"2017_kk_272redo","Kusko","Success",1766,870
"2017_yk_007","Yukon","Success",1243,924
"2017_yk_008","Yukon","Success",1111,826
"2017_yk_012","Yukon","Success",1271,880
"2017_yk_014","Yukon","Success",1228,1002
"2017_yk_016","Yukon","Success",1664,949
"2017_yk_018","Yukon","Success",1615,883
"2017_yk_019","Yukon","Success",1566,1120
"2017_yk_022","Yukon","Success",1093,718
"2017_yk_023","Yukon","Success",1608,1189
"2017_yk_025","Yukon","Success",1736,1065
"2017_yk_027","Yukon","Success",1435,866
"2017_yk_029","Yukon","Success",1576,940
"2017_yk_030","Yukon","Success",1406,968
"2017_yk_033","Yukon","Success",1754,983
"2017_yk_034","Yukon","Success",1295,833
"2017_yk_035","Yukon","Success",1307,890
"2017_yk_038","Yukon","Success",1438,850
"2017_yk_039","Yukon","Success",1545,896
"2017_yk_041","Yukon","Success",1715,846
"2017_yk_042","Yukon","Success",1206,779
"2017_yk_043","Yukon","Success",1566,936
"2017_yk_044","Yukon","Success",1408,1007
"2017_yk_047","Yukon","Success",1493,959
"2017_yk_049","Yukon","Success",1483,847
"2017_yk_050","Yukon","Success",1241,971
"2017_yk_053","Yukon","Success",1426,997
"2017_yk_055","Yukon","Success",1668,876
"2017_yk_056","Yukon","Success",1340,945
"2017_yk_058","Yukon","Success",1498,1015
"2017_yk_060","Yukon","Success",1265,860
"2017_yk_061","Yukon","Success",1368,968
"2017_yk_064","Yukon","Success",1057,839
"2017_yk_066","Yukon","Success",1361,1239
"2017_yk_070_a","Yukon","Success",1260,1001
"2017_yk_071","Yukon","Success",1349,877
"2017_yk_074","Yukon","Success",1782,1152
"2017_yk_075","Yukon","Success",1610,956
"2017_yk_077","Yukon","Success",1665,897
"2017_yk_079","Yukon","Success",1561,994
"2017_yk_081","Yukon","Success",1330,901
"2017_yk_083","Yukon","Success",1280,810
"2017_yk_086","Yukon","Success",1792,1122
"2017_yk_087","Yukon","Success",1450,1088
"2017_yk_088","Yukon","Success",1371,968
"2017_yk_091","Yukon","Success",1395,1038
"2017_yk_092","Yukon","Success",1630,912
"2017_yk_093","Yukon","Success",1330,922
"2017_yk_094","Yukon","Success",1360,1032
"2017_yk_095","Yukon","Success",1216,999
"2017_yk_098","Yukon","Success",1308,824
"2017_yk_101","Yukon","Success",1606,1164
"2017_yk_102","Yukon","Success",1352,1101
"2017_yk_103","Yukon","Success",1223,711
"2017_yk_104","Yukon","Success",1028,673
"2017_yk_105","Yukon","Success",1253,904
"2017_yk_108","Yukon","Success",1296,1128
"2017_yk_110","Yukon","Success",1042,862
"2017_yk_112","Yukon","Success",1411,885
"2017_yk_114","Yukon","Success",1300,918
"2017_yk_115","Yukon","Success",1473,1075
"2017_yk_116","Yukon","Success",1469,1058
"2017_yk_117","Yukon","Success",1183,737
"2017_yk_118","Yukon","Success",1261,859
"2017_yk_119","Yukon","Success",1402,924
"2017_yk_120","Yukon","Success",1379,1003
"2017_yk_123","Yukon","Success",1206,753
"2017_yk_124","Yukon","Success",1146,796
"2017_yk_125","Yukon","Success",1698,1014
"2017_yk_128","Yukon","Success",1101,844
"2017_yk_129","Yukon","Success",1355,795
"2017_yk_132","Yukon","Success",1575,938
"2017_yk_133","Yukon","Success",1267,843
"2017_yk_134","Yukon","Success",1655,963
"2017_yk_135","Yukon","Success",1047,758
"2017_yk_140","Yukon","Success",1227,1008
"2017_yk_142","Yukon","Success",1194,762
"2017_yk_144","Yukon","Success",1111,775
"2017_yk_145","Yukon","Success",1806,1387
"2017_yk_146","Yukon","Success",1189,789
"2017_yk_147","Yukon","Success",1331,838
"2017_yk_148","Yukon","Success",997,807
"2017_yk_149","Yukon","Success",1462,1070
"2017_yk_159","Yukon","Success",1438,925
"2017_yk_160","Yukon","Success",1458,988
"2017_yk_161","Yukon","Success",1097,930
"2017_yk_163","Yukon","Success",1188,1058
"2017_yk_165","Yukon","Success",1430,834
"2017_yk_166","Yukon","Success",1593,1132
"2017_yk_169","Yukon","Success",1415,1260
"2017_yk_171","Yukon","Success",1441,1003
"2017_yk_172","Yukon","Success",1139,854
"2017_yk_174","Yukon","Success",1371,939
"2017_yk_178","Yukon","Success",1062,872
"2017_yk_181","Yukon","Success",1191,975
"2017_yk_182","Yukon","Success",1010,799
"2017_yk_183","Yukon","Success",1230,992
"2017_yk_184","Yukon","Success",1392,898
"2017_yk_185","Yukon","Success",1177,765
"2017_yk_187","Yukon","Success",1185,923
"2017_yk_192","Yukon","Success",1489,1035
"2017_yk_193","Yukon","Success",1033,866
"2017_yk_201","Yukon","Success",1431,990
"2017_yk_203","Yukon","Success",1354,1170
"2017_yk_204","Yukon","Success",1142,873
"2017_yk_205","Yukon","Success",1311,917
"2017_yk_209","Yukon","Success",1263,885
"2017_yk_213","Yukon","Success",1615,922
"2017_yk_214","Yukon","Success",1622,1057
"2017_yk_215","Yukon","Success",1316,807
"2017_yk_216","Yukon","Success",1355,945
"2017_yk_218","Yukon","Success",1187,866
"2017_yk_219","Yukon","Success",1237,815
"2017_yk_228","Yukon","Success",1264,843
"2017_yk_229","Yukon","Success",1284,891
"2017_yk_230","Yukon","Success",1295,869
"2017_yk_232","Yukon","Success",904,755
"2017_yk_233","Yukon","Success",1251,985
"2017_yk_239","Yukon","Success",1509,901
"2017_yk_245","Yukon","Success",1226,836
"2017_yk_246","Yukon","Success",1165,751
"2017_yk_247","Yukon","Success",1614,940
"2017_yk_248","Yukon","Success",1576,1037
"2017_yk_250","Yukon","Success",1314,680
"2017_yk_251","Yukon","Success",1491,974
"2017_yk_255","Yukon","Success",1231,852
"2017_yk_256","Yukon","Success",1488,979
"2017_yk_258","Yukon","Success",1172,876
"2017_yk_260","Yukon","Success",1319,811
"2017_yk_261","Yukon","Success",1558,990
"2017_yk_262","Yukon","Success",1639,840
"2017_yk_263","Yukon","Success",1061,814
"2017_yk_266","Yukon","Success",1892,1093
"2017_yk_268","Yukon","Success",1267,966
"2017_yk_273","Yukon","Success",1331,1085
"2017_yk_274","Yukon","Success",1380,967
"2017_yk_276","Yukon","Success",1097,929
"2017_yk_277","Yukon","Success",1020,748
"2017_yk_280","Yukon","Success",1103,941
"2017_yk_281","Yukon","Success",1153,817
"2017_yk_284","Yukon","Success",1159,982
"2017_yk_301","Yukon","Success",1331,1003
"2017_yk_302","Yukon","Success",1052,836
"2017_yk_303","Yukon","Success",1083,855
"2017_yk_305","Yukon","Success",1211,676
"2017_yk_306","Yukon","Success",988,776
"2017_yk_307","Yukon","Success",1532,1027
"2017_yk_308","Yukon","Success",1154,815
"2017_yk_309","Yukon","Success",1232,964
"2017_yk_310","Yukon","Success",1146,946
"2017_yk_314","Yukon","Success",1458,992
"2017_yk_316","Yukon","Success",1255,990
"2017_yk_317","Yukon","Success",1201,908
"2017_yk_318","Yukon","Success",1048,886
"2017_yk_321","Yukon","Success",1555,1060
"2017_yk_322","Yukon","Success",1187,879
"2017_yk_326","Yukon","Success",1255,730
"2017_yk_330","Yukon","Success",1112,832
"2017_yk_331","Yukon","Success",1371,1142
"2017_yk_332","Yukon","Success",1725,940
"2017_yk_335","Yukon","Success",1310,835
"2017_yk_336","Yukon","Success",1326,897
"2017_yk_337","Yukon","Success",1869,1311
"2017_yk_338","Yukon","Success",1250,845
"2017_yk_340","Yukon","Success",1352,1018
"2017_yk_341","Yukon","Success",1348,802
"2017_yk_342","Yukon","Success",1419,993
"2017_yk_343","Yukon","Success",1428,924
"2017_yk_344","Yukon","Success",1399,650
"2017_yk_346","Yukon","Success",1053,705
"2017_yk_348","Yukon","Success",1255,731
"2017_yk_349","Yukon","Success",1129,862
"2017_yk_351","Yukon","Success",1269,869
"2017_yk_352","Yukon","Success",1495,837
"2017_yk_355","Yukon","Success",1185,817
"2017_yk_357","Yukon","Success",1160,662
"2017_yk_359","Yukon","Success",1216,895
"2017_yk_360","Yukon","Success",1125,910
"2017_yk_361","Yukon","Success",1487,968
"2017_yk_362","Yukon","Success",1278,919
"2017_yk_365","Yukon","Success",1585,1131
"2017_yk_366","Yukon","Success",1047,826
"2017_yk_367","Yukon","Success",1039,887
"2017_yk_369","Yukon","Success",1080,988
"2017_yk_370","Yukon","Success",1154,896
"2017_yk_371","Yukon","Success",1373,884
"2017_yk_374","Yukon","Success",1166,871
"2019_kk_002","Kusko","Success",2844,1902
"2019_kk_007","Kusko","Success",2153,1082
"2019_kk_009","Kusko","Success",1847,1037
"2019_kk_013","Kusko","Success",3606,1508
"2019_kk_014","Kusko","Success",2595,863
"2019_kk_015","Kusko","Success",2532,1639
"2019_kk_016","Kusko","Success",1900,1223
"2019_kk_021","Kusko","Success",2173,1157
"2019_kk_026","Kusko","Success",2317,938
"2019_kk_031_sld25","Kusko","Missing_Landmarks",2699,0
"2019_kk_034_sld25","Kusko","Success",2519,1446
"2019_kk_035","Kusko","Success",2113,838
"2019_kk_038","Kusko","Success",2133,826
"2019_kk_041","Kusko","Success",2090,996
"2019_kk_046","Kusko","Success",2881,968
"2019_kk_050","Kusko","Success",3498,1705
"2019_kk_051","Kusko","Success",2875,1663
"2019_kk_052_sld24","Kusko","Success",2815,1545
"2019_kk_058","Kusko","Success",1956,971
"2019_kk_064","Kusko","Success",2143,870
"2019_kk_065","Kusko","Success",2539,967
"2019_kk_066","Kusko","Success",2770,819
"2019_kk_067","Kusko","Success",2463,999
"2019_kk_070","Kusko","Success",2887,918
"2019_kk_071","Kusko","Success",2285,941
"2019_kk_072","Kusko","Success",2614,951
"2019_kk_074","Kusko","Success",3073,637
"2019_kk_080","Kusko","Success",2686,1058
"2019_kk_088","Kusko","Success",2343,881
"2019_kk_089","Kusko","Success",2318,920
"2019_kk_091","Kusko","Success",2623,892
"2019_kk_094","Kusko","Success",2830,921
"2019_kk_095","Kusko","Success",2723,880
"2019_kk_096","Kusko","Success",2500,1003
"2019_kk_098a","Kusko","Success",2252,822
"2019_kk_099","Kusko","Success",2601,961
"2019_kk_101a","Kusko","Success",2393,1062
"2019_kk_103","Kusko","Success",2306,963
"2019_kk_109","Kusko","Success",2401,987
"2019_kk_111","Kusko","Success",2704,876
"2019_kk_112","Kusko","Success",2308,1004
"2019_kk_113","Kusko","Success",2448,956
"2019_kk_114","Kusko","Success",2318,880
"2019_kk_115","Kusko","Success",2089,850
"2019_kk_119","Kusko","Success",2639,907
"2019_kk_120","Kusko","Success",2505,786
"2019_kk_123","Kusko","Success",2602,915
"2019_kk_126","Kusko","Success",2535,894
"2019_kk_129","Kusko","Success",2748,936
"2019_kk_131","Kusko","Success",2373,888
"2019_kk_135","Kusko","Success",2256,990
"2019_kk_142","Kusko","Success",2832,876
"2019_kk_143","Kusko","Success",2616,851
"2019_kk_147","Kusko","Success",2030,900
"2019_kk_149","Kusko","Success",2766,967
"2019_kk_152","Kusko","Success",2271,846
"2019_kk_155","Kusko","Success",2913,990
"2019_kk_159","Kusko","Success",2815,825
"2019_kk_161_sld29","Kusko","Success",2740,882
"2019_kk_161","Kusko","Success",2292,974
"2019_kk_163","Kusko","Success",2947,904
"2019_kk_171","Kusko","Success",2457,695
"2019_kk_173","Kusko","Success",2599,846
"2019_kk_176","Kusko","Success",3025,862
"2019_kk_177","Kusko","Success",2010,968
"2019_kk_184","Kusko","Success",2820,1093
"2019_kk_186","Kusko","Success",2265,851
"2019_kk_188","Kusko","Success",2720,938
"2019_kk_190","Kusko","Success",3111,1072
"2019_kk_192","Kusko","Success",2261,918
"2019_kk_194","Kusko","Success",2686,1008
"2019_kk_196","Kusko","Success",2822,950
"2019_kk_213","Kusko","Success",2668,1131
"2019_kk_215","Kusko","Success",2601,954
"2019_kk_222","Kusko","Success",2870,1121
"2019_kk_229","Kusko","Success",2253,882
"2019_kk_232","Kusko","Success",2793,993
"2019_kk_236","Kusko","Success",2569,990
"2019_kk_239","Kusko","Success",2505,954
"2019_kk_253","Kusko","Success",2878,980
"2019_kk_254","Kusko","Success",2264,1012
"2019_kk_255","Kusko","Success",2985,1010
"2019_kk_261","Kusko","Success",2430,782
"2019_kk_264","Kusko","Success",2867,1019
"2019_kk_268_left","Kusko","Success",2367,920
"2019_kk_268","Kusko","Success",2355,743
"2019_kk_294","Kusko","Success",2449,839
"2019_kk_296","Kusko","Success",2654,970
"2019_kk_309","Kusko","Success",2678,888
"2019_kk_312","Kusko","Success",2882,915
"2019_kk_314","Kusko","Success",2534,1010
"2019_kk_321","Kusko","Success",2956,933
"2019_kk_324","Kusko","Success",2341,953
"2019_kk_329","Kusko","Success",2989,1100
"2019_kk_330","Kusko","Success",2463,1038
"2019_kk_332","Kusko","Success",3037,1112
"2019_kk_344","Kusko","Success",2537,1010
"2019_kk_345","Kusko","Success",2330,803
"2019_kk_351","Kusko","Success",2835,1088
"2019_kk_352","Kusko","Success",2883,1003
"2019_kk_354","Kusko","Success",2430,1121
"2019_kk_359","Kusko","Success",2764,847
"2019_kk_360","Kusko","Success",2801,975
"2019_kk_362","Kusko","Success",2882,1085
"2019_kk_365","Kusko","Success",2556,911
"2019_kk_373","Kusko","Success",2695,943
"2019_kk_380","Kusko","Success",2467,1417
"2019_kk_382","Kusko","Success",2825,952
"2019_kk_384","Kusko","Success",2795,924
"2019_kk_391","Kusko","Success",2748,1119
"2019_kk_396","Kusko","Success",2664,899
"2019_kk_400","Kusko","Success",2775,866
"2019_kk_405","Kusko","Success",2418,786
"2019_kk_419","Kusko","Success",2558,1020
"2019_kk_425","Kusko","Success",2519,984
"2019_kk_429","Kusko","Success",2718,906
"2019_kk_430","Kusko","Success",2555,1029
"2019_kk_432","Kusko","Success",3436,1022
"2019_kk_437","Kusko","Success",2480,886
"2019_kk_441","Kusko","Success",2814,1127
"2019_kk_446","Kusko","Success",2576,983
"2019_kk_448","Kusko","Success",3206,962
"2019_kk_453","Kusko","Success",3345,1006
"2019_kk_456","Kusko","Success",2561,1306
"2019_kk_460","Kusko","Success",2691,1056
"2019_kk_466","Kusko","Success",2292,917
"2019_kk_476","Kusko","Success",2712,1002
"2019_kk_478","Kusko","Success",2919,979
"2019_kk_479","Kusko","Success",2931,853
"2019_kk_481","Kusko","Success",2815,922
"2019_kk_489","Kusko","Success",2761,924
"2019_kk_490","Kusko","Success",2234,828
"2019_kk_491","Kusko","Success",2920,1027
"2019_kk_494","Kusko","Success",2437,815
"2019_kk_496","Kusko","Success",2922,1091
"2019_kk_497","Kusko","Success",2306,893
"2019_kk_500","Kusko","Success",1451,736
"2019_yk_004","Yukon","Success",1860,918
"2019_yk_005","Yukon","Success",1772,1253
"2019_yk_007","Yukon","Success",1739,856
"2019_yk_007a","Yukon","Success",1528,873
"2019_yk_009","Yukon","Success",1680,1009
"2019_yk_013","Yukon","Success",1971,1141
"2019_yk_016","Yukon","Success",1796,911
"2019_yk_018","Yukon","Success",1962,1769
"2019_yk_020","Yukon","Success",1474,802
"2019_yk_027","Yukon","Success",1137,825
"2019_yk_028a","Yukon","Success",1781,941
"2019_yk_029","Yukon","Success",1886,1146
"2019_yk_030","Yukon","Success",1696,912
"2019_yk_042","Yukon","Success",1642,954
"2019_yk_043","Yukon","Success",1884,793
"2019_yk_047","Yukon","Success",1289,813
"2019_yk_051","Yukon","Success",1428,915
"2019_yk_051a","Yukon","Success",1349,691
"2019_yk_052","Yukon","Success",1779,995
"2019_yk_053","Yukon","Success",1757,1090
"2019_yk_053a","Yukon","Success",1847,1182
"2019_yk_055","Yukon","Success",1626,1038
"2019_yk_055a","Yukon","Success",1989,1213
"2019_yk_057","Yukon","Success",1402,854
"2019_yk_060","Yukon","Success",1529,987
"2019_yk_061","Yukon","Success",1485,855
"2019_yk_061a","Yukon","Success",1929,865
"2019_yk_064","Yukon","Success",1616,1161
"2019_yk_066","Yukon","Success",1515,868
"2019_yk_069","Yukon","Success",1475,887
"2019_yk_070","Yukon","Success",1562,992
"2019_yk_075","Yukon","Success",1452,941
"2019_yk_076a","Yukon","Success",1653,881
"2019_yk_081","Yukon","Success",1291,854
"2019_yk_081a","Yukon","Success",1746,858
"2019_yk_082","Yukon","Success",1370,898
"2019_yk_085","Yukon","Success",1623,975
"2019_yk_085a","Yukon","Success",1515,794
"2019_yk_087","Yukon","Success",1543,866
"2019_yk_088","Yukon","Success",1418,870
"2019_yk_090","Yukon","Success",1408,974
"2019_yk_104","Yukon","Success",1474,1042
"2019_yk_104a","Yukon","Success",2512,1087
"2019_yk_108","Yukon","Success",1409,1046
"2019_yk_116","Yukon","Success",1080,679
"2019_yk_119","Yukon","Success",1382,788
"2019_yk_123","Yukon","Success",1835,877
"2019_yk_128","Yukon","Success",1450,1042
"2019_yk_132","Yukon","Success",1806,998
"2019_yk_133","Yukon","Success",1731,870
"2019_yk_136","Yukon","Success",1686,927
"2019_yk_138","Yukon","Success",1937,826
"2019_yk_139a","Yukon","Success",1463,871
"2019_yk_140","Yukon","Success",1590,811
"2019_yk_145","Yukon","Success",1565,957
"2019_yk_147","Yukon","Success",1679,1008
"2019_yk_149","Yukon","Success",1544,1047
"2019_yk_152","Yukon","Success",1882,967
"2019_yk_153","Yukon","Success",1822,994
"2019_yk_161","Yukon","Success",1734,1065
"2019_yk_165","Yukon","Success",1436,896
"2019_yk_168","Yukon","Success",1719,977
"2019_yk_170","Yukon","Success",1380,706
"2019_yk_172","Yukon","Success",1492,760
"2019_yk_174","Yukon","Success",1655,920
"2019_yk_176","Yukon","Success",1626,960
"2019_yk_181","Yukon","Success",1597,1097
"2019_yk_185","Yukon","Success",1967,1169
"2019_yk_187","Yukon","Success",2136,900
"2019_yk_188","Yukon","Success",1815,940
"2019_yk_195","Yukon","Success",1786,1132
"2019_yk_196","Yukon","Success",1402,963
"2019_yk_199","Yukon","Success",1813,1041
"2019_yk_200","Yukon","Success",1654,945
"2019_yk_201","Yukon","Success",1688,923
"2019_yk_206","Yukon","Success",2350,1197
"2019_yk_206a","Yukon","Success",2365,1182
"2019_yk_208","Yukon","Success",1554,812
"2019_yk_209","Yukon","Success",1728,984
"2019_yk_216","Yukon","Success",1717,936
"2019_yk_220","Yukon","Success",1648,1150
"2019_yk_222","Yukon","Success",1529,728
"2019_yk_223","Yukon","Success",2115,1026
"2019_yk_224","Yukon","Success",1902,1040
"2019_yk_225","Yukon","Success",1489,858
"2019_yk_227_redo","Yukon","Success",2062,1057
"2019_yk_230","Yukon","Success",2194,1014
"2019_yk_236","Yukon","Success",1085,823
"2019_yk_239_redo","Yukon","Success",2012,987
"2019_yk_243","Yukon","Success",1476,918
"2019_yk_244","Yukon","Success",1316,909
"2019_yk_251","Yukon","Success",1340,975
"2019_yk_253","Yukon","Success",1976,881
"2019_yk_254","Yukon","Success",2101,1059
"2019_yk_256","Yukon","Success",2054,802
"2019_yk_257","Yukon","Success",2025,1230
"2019_yk_261","Yukon","Success",2450,2099
"2019_yk_262","Yukon","Success",1594,1013
"2019_yk_266","Yukon","Success",1844,1030
"2019_yk_268","Yukon","Success",1698,1000
"2019_yk_272","Yukon","Success",2484,941
"2019_yk_273_redo","Yukon","Success",2541,973
"2019_yk_273","Yukon","Success",1601,838
"2019_yk_277","Yukon","Success",1810,1126
"2019_yk_279","Yukon","Success",2073,1011
"2019_yk_280","Yukon","Success",1938,932
"2019_yk_283","Yukon","Success",1994,1045
"2019_yk_284","Yukon","Success",1746,966
"2019_yk_285_redo","Yukon","Success",2496,969
"2019_yk_287","Yukon","Success",2215,1915
"2019_yk_288","Yukon","Success",2168,1009
"2019_yk_289","Yukon","Success",2105,1009
"2019_yk_290","Yukon","Success",1995,1653
"2019_yk_291","Yukon","Success",1920,987
"2019_yk_292","Yukon","Success",2062,884
"2019_yk_295_redo","Yukon","Success",2490,1180
"2019_yk_296","Yukon","Success",2197,1133
"2019_yk_298","Yukon","Success",1868,900
"2019_yk_300","Yukon","Success",2566,1883
"2019_yk_301","Yukon","Success",2367,943
"2019_yk_302","Yukon","Success",1496,870
"2019_yk_303","Yukon","Success",2554,1133
"2019_yk_307","Yukon","Success",1796,999
"2019_yk_311","Yukon","Success",2145,884
"2019_yk_313","Yukon","Success",2078,810
"2019_yk_318","Yukon","Success",1893,908
"2019_yk_319","Yukon","Success",2102,1019
"2019_yk_328","Yukon","Success",1962,1017
"2019_yk_330","Yukon","Success",1838,1008
"2019_yk_332","Yukon","Success",1790,954
"2019_yk_340","Yukon","Success",1917,1110
"2019_yk_344","Yukon","Success",1987,970
"2019_yk_345","Yukon","Success",1615,1140
"2019_yk_346","Yukon","Success",2155,1009
"2019_yk_348","Yukon","Success",2334,1333
"2019_yk_352","Yukon","Success",2095,940
"2019_yk_354","Yukon","Success",1964,1092
"2019_yk_355","Yukon","Success",1797,773
"2019_yk_357","Yukon","Success",2204,905
"2019_yk_358","Yukon","Success",1678,716
"2019_yk_360","Yukon","Success",2339,981
"2019_yk_368","Yukon","Success",2225,861
"2019_yk_374","Yukon","Success",2092,949
"2019_yk_376","Yukon","Success",2146,764
"2019_yk_377_redo","Yukon","Success",2125,1022
"2019_yk_379","Yukon","Success",1942,931
"2019_yk_382_redo","Yukon","Success",1747,909
"2019_yk_383","Yukon","Success",2441,990
"2019_yk_384","Yukon","Success",2152,1084
"2019_yk_385","Yukon","Success",2241,1109
"2019_yk_387","Yukon","Success",2110,919
"2019_yk_388","Yukon","Success",1813,793
"2019_yk_392","Yukon","Success",1991,1078
"2019_yk_395","Yukon","Success",1455,771
"2019_yk_402","Yukon","Success",2200,919
"2019_yk_407","Yukon","Success",2717,980
"2019_yk_408","Yukon","Success",1615,980
"2019_yk_410","Yukon","Success",2157,1011
"2019_yk_415","Yukon","Success",1815,972
"2019_yk_417","Yukon","Success",2057,1071
"2019_yk_418","Yukon","Success",1829,1011
"2019_yk_419","Yukon","Success",1777,916
"2019_yk_420","Yukon","Success",2438,1277
"2019_yk_425","Yukon","Success",1610,827
"2019_yk_427","Yukon","Success",1725,997
"2019_yk_428","Yukon","Success",2251,934
"2019_yk_431","Yukon","Success",1749,965
"2019_yk_435","Yukon","Success",1615,842
"2019_yk_441","Yukon","Success",1516,969
"2019_yk_444","Yukon","Success",1912,1079
"2019_yk_448","Yukon","Success",1923,995
"2019_yk_449","Yukon","Success",1295,842
"2019_yk_450","Yukon","Success",2119,969
"2019_yk_454","Yukon","Success",1586,1026
"2019_yk_455","Yukon","Success",1473,952
"2019_yk_458","Yukon","Success",1696,965
"2019_yk_459","Yukon","Success",2478,1223
"2019_yk_466","Yukon","Success",2394,1031
"2019_yk_469","Yukon","Success",2191,1114
"2019_yk_470","Yukon","Success",2256,1027
"2019_yk_473","Yukon","Success",2570,2164
"2019_yk_475","Yukon","Success",2256,843
"2019_yk_477","Yukon","Success",2108,808
"2019_yk_481","Yukon","Success",1987,851
"2019_yk_482_redo","Yukon","Success",2105,1097
"2019_yk_482","Yukon","Success",1854,853
"2019_yk_487","Yukon","Success",2180,957
"2019_yk_488","Yukon","Success",2231,923
"2019_yk_491","Yukon","Success",1849,917
"2019_yk_492","Yukon","Success",2301,863
"2019_yk_493","Yukon","Success",1820,731
"2019_yk_499","Yukon","Success",2112,988
"2019_yk_500","Yukon","Success",2041,1209
"2020_kk_003","Kusko","Success",1661,964
"2020_kk_004","Kusko","Success",2157,879
"2020_kk_005_redo","Kusko","Missing_Landmarks",2007,0
"2020_kk_006","Kusko","Success",1391,965
"2020_kk_007","Kusko","Success",1434,803
"2020_kk_008_redo","Kusko","Success",2926,1641
"2020_kk_009","Kusko","Success",2453,962
"2020_kk_010","Kusko","Success",1746,845
"2020_kk_014_redo","Kusko","Success",2232,978
"2020_kk_015","Kusko","Success",2135,985
"2020_kk_016","Kusko","Success",1673,906
"2020_kk_017","Kusko","Success",1949,1094
"2020_kk_018_redo","Kusko","Success",2574,933
"2020_kk_019","Kusko","Success",1326,863
"2020_kk_020_redo","Kusko","Success",2299,908
"2020_kk_021_redo","Kusko","Success",2042,876
"2020_kk_023","Kusko","Success",1689,1020
"2020_kk_024","Kusko","Success",1436,972
"2020_kk_027","Kusko","Success",1407,886
"2020_kk_028","Kusko","Success",1247,875
"2020_kk_030","Kusko","Success",1318,728
"2020_kk_031","Kusko","Success",1764,761
"2020_kk_032","Kusko","Success",1781,1021
"2020_kk_033","Kusko","Success",2101,1002
"2020_kk_034","Kusko","Success",2154,927
"2020_kk_035","Kusko","Success",2258,931
"2020_kk_037","Kusko","Success",1952,993
"2020_kk_038","Kusko","Success",1768,680
"2020_kk_039_redo","Kusko","Success",2309,1512
"2020_kk_040","Kusko","Success",2440,967
"2020_kk_041","Kusko","Success",2072,964
"2020_kk_044_redo","Kusko","Success",2519,1089
"2020_kk_046","Kusko","Success",2212,1058
"2020_kk_047","Kusko","Success",2246,908
"2020_kk_050","Kusko","Success",1909,643
"2020_kk_054","Kusko","Success",1829,1046
"2020_kk_056","Kusko","Success",1734,964
"2020_kk_058_redo","Kusko","Success",3009,2140
"2020_kk_061","Kusko","Success",2345,1009
"2020_kk_062","Kusko","Success",2188,1074
"2020_kk_063_redo","Kusko","Success",2176,1081
"2020_kk_065","Kusko","Success",1991,881
"2020_kk_066","Kusko","Success",1751,746
"2020_kk_067_redo","Kusko","Success",2609,870
"2020_kk_070","Kusko","Success",2036,1054
"2020_kk_071_redo","Kusko","Success",3432,3275
"2020_kk_074","Kusko","Success",1861,886
"2020_kk_076","Kusko","Success",2559,986
"2020_kk_077","Kusko","Success",1760,932
"2020_kk_078_redo","Kusko","Success",2960,1031
"2020_kk_084","Kusko","Success",1845,855
"2020_kk_086","Kusko","Success",2086,1315
"2020_kk_088","Kusko","Success",2287,764
"2020_kk_089","Kusko","Success",1946,927
"2020_kk_090","Kusko","Success",2281,919
"2020_kk_091","Kusko","Success",2973,1011
"2020_kk_097","Kusko","Success",2467,903
"2020_kk_101","Kusko","Success",2820,953
"2020_kk_104","Kusko","Success",2021,913
"2020_kk_105","Kusko","Success",2114,792
"2020_kk_106_redo","Kusko","Success",2699,824
"2020_kk_109","Kusko","Success",2342,868
"2020_kk_115_redo","Kusko","Success",2870,947
"2020_kk_117a","Kusko","Success",2348,1091
"2020_kk_120","Kusko","Success",2053,940
"2020_kk_121","Kusko","Success",2440,923
"2020_kk_126","Kusko","Success",2510,1081
"2020_kk_127","Kusko","Success",2512,1010
"2020_kk_128","Kusko","Success",2952,965
"2020_kk_129_redo","Kusko","Success",2194,901
"2020_kk_130_redo","Kusko","Success",2533,795
"2020_kk_131_redo","Kusko","Success",2337,909
"2020_kk_133","Kusko","Success",1811,834
"2020_kk_136","Kusko","Success",2056,894
"2020_kk_138","Kusko","Success",2286,1046
"2020_kk_139","Kusko","Success",1939,975
"2020_kk_140_redo","Kusko","Success",2484,1124
"2020_kk_143","Kusko","Success",2164,837
"2020_kk_144","Kusko","Success",2022,833
"2020_kk_145_redo","Kusko","Success",2341,921
"2020_kk_146_redo","Kusko","Success",2991,763
"2020_kk_152","Kusko","Success",2308,950
"2020_kk_153","Kusko","Success",2520,913
"2020_kk_154_redo","Kusko","Success",2064,941
"2020_kk_155","Kusko","Success",2243,883
"2020_kk_156","Kusko","Success",1796,921
"2020_kk_157","Kusko","Success",2707,875
"2020_kk_158","Kusko","Success",1891,898
"2020_kk_166_redo","Kusko","Success",2341,933
"2020_kk_172","Kusko","Success",2319,2028
"2020_kk_173","Kusko","Success",1926,894
"2020_kk_174_redo","Kusko","Success",2314,880
"2020_kk_176","Kusko","Success",2162,884
"2020_kk_184","Kusko","Success",2159,919
"2020_kk_186_redo","Kusko","Success",2507,933
"2020_kk_187","Kusko","Success",1841,910
"2020_kk_188","Kusko","Success",2075,676
"2020_kk_191_redo","Kusko","Success",2363,1038
"2020_kk_193","Kusko","Success",1680,797
"2020_kk_196_redo","Kusko","Success",2450,1016
"2020_kk_201","Kusko","Success",2306,895
"2020_kk_204","Kusko","Success",2566,1281
"2020_kk_205","Kusko","Success",1756,790
"2020_kk_207_redo","Kusko","Success",2347,937
"2020_kk_210","Kusko","Success",2191,946
"2020_kk_212","Kusko","Success",2299,929
"2020_kk_218","Kusko","Success",2482,942
"2020_kk_234","Kusko","Success",1853,833
"2020_kk_238_redo","Kusko","Success",2470,1289
"2020_kk_239_redo","Kusko","Success",1978,963
"2020_kk_241_sld18","Kusko","Success",1903,926
"2020_kk_242_sld18","Kusko","Success",2351,875
"2020_kk_244","Kusko","Success",2524,891
"2020_kk_245","Kusko","Success",2414,951
"2020_kk_246","Kusko","Success",2804,1055
"2020_kk_248","Kusko","Success",2664,1029
"2020_kk_250_redo","Kusko","Success",3411,2473
"2020_kk_251_sld20","Kusko","Success",2726,991
"2020_kk_251_sld32","Kusko","Success",2748,952
"2020_kk_253_sld20","Kusko","Success",2620,876
"2020_kk_255","Kusko","Success",2855,851
"2020_kk_257","Kusko","Success",2896,855
"2020_kk_258","Kusko","Success",2593,936
"2020_kk_261","Kusko","Success",2770,965
"2020_kk_262","Kusko","Success",2516,809
"2020_kk_263","Kusko","Success",3152,874
"2020_kk_264","Kusko","Success",3043,1020
"2020_kk_267_redo","Kusko","Success",2623,903
"2020_kk_271","Kusko","Success",2496,811
"2020_kk_274","Kusko","Success",2501,1645
"2020_kk_275","Kusko","Success",2376,1067
"2020_kk_277","Kusko","Success",2659,891
"2020_kk_279","Kusko","Success",2680,1036
"2020_kk_284","Kusko","Success",2558,944
"2020_kk_285","Kusko","Success",2977,2420
"2020_kk_287","Kusko","Success",1927,1030
"2020_kk_289","Kusko","Success",2706,1038
"2020_kk_290","Kusko","Success",2587,1045
"2020_kk_293","Kusko","Success",3029,993
"2020_kk_296","Kusko","Success",2721,971
"2020_kk_298","Kusko","Success",2887,1138
"2020_kk_299","Kusko","Success",2851,996
"2020_kk_302","Kusko","Success",2932,944
"2020_kk_303","Kusko","Success",2743,1074
"2020_kk_305_redo","Kusko","Success",2142,1018
"2020_kk_306","Kusko","Success",3105,1975
"2020_kk_307","Kusko","Success",2639,989
"2020_kk_308","Kusko","Success",2418,711
"2020_kk_309","Kusko","Success",2350,925
"2020_kk_310","Kusko","Success",2768,989
"2020_kk_311","Kusko","Success",2560,980
"2020_kk_312","Kusko","Success",2274,892
"2020_kk_314","Kusko","Success",2219,784
"2020_kk_315_redo","Kusko","Success",1946,812
"2020_kk_318","Kusko","Success",2357,935
"2020_kk_319","Kusko","Success",2453,832
"2020_kk_320_redo","Kusko","Success",2946,980
"2020_kk_322","Kusko","Success",2197,932
"2020_kk_324","Kusko","Success",2716,993
"2020_kk_325","Kusko","Success",2488,872
"2020_kk_326","Kusko","Success",2658,1026
"2020_kk_327","Kusko","Success",2639,1110
"2020_kk_328","Kusko","Success",3090,878
"2020_kk_329","Kusko","Success",2117,681
"2020_kk_330","Kusko","Success",2182,803
"2020_kk_331","Kusko","Success",2590,821
"2020_kk_332","Kusko","Success",2513,1043
"2020_kk_333","Kusko","Success",2724,885
"2020_kk_335","Kusko","Success",2835,1123
"2020_kk_336","Kusko","Success",2492,924
"2020_kk_337","Kusko","Success",2244,816
"2020_kk_339","Kusko","Success",2534,928
"2020_kk_340","Kusko","Success",2421,1007
"2020_kk_341","Kusko","Success",2879,1081
"2020_kk_342","Kusko","Success",2255,1008
"2020_kk_344","Kusko","Success",2949,985
"2021_kk_003_R2","Kusko","Success",1901,927
"2021_kk_006_R2","Kusko","Success",1736,781
"2021_kk_018_R1","Kusko","Success",1833,966
"2021_kk_021_R1","Kusko","Success",1510,790
"2021_kk_022_R1","Kusko","Success",1347,1035
"2021_kk_030","Kusko","Success",1407,814
"2021_kk_031","Kusko","Success",1530,938
"2021_kk_034a","Kusko","Success",1398,965
"2021_kk_035","Kusko","Success",1539,782
"2021_kk_037","Kusko","Success",1314,777
"2021_kk_038_R1","Kusko","Success",1317,811
"2021_kk_039","Kusko","Success",1301,855
"2021_kk_044_R1","Kusko","Success",1459,1029
"2021_kk_045","Kusko","Success",1263,886
"2021_kk_047","Kusko","Success",1243,734
"2021_kk_049_R1","Kusko","Success",1328,1014
"2021_kk_055_R1","Kusko","Success",1235,919
"2021_kk_057","Kusko","Success",1625,991
"2021_kk_074","Kusko","Success",1793,983
"2021_kk_081","Kusko","Success",1169,918
"2021_kk_082","Kusko","Success",1456,892
"2021_kk_083_R1","Kusko","Success",1521,946
"2021_kk_085","Kusko","Success",1749,932
"2021_kk_086","Kusko","Success",1360,1162
"2021_kk_087","Kusko","Success",1320,1049
"2021_kk_088","Kusko","Success",1171,788
"2021_kk_089_R1","Kusko","Success",1422,856
"2021_kk_093","Kusko","Success",1413,1081
"2021_kk_094","Kusko","Success",1403,928
"2021_kk_096","Kusko","Success",1347,811
"2021_kk_099","Kusko","Success",1249,985
"2021_kk_104","Kusko","Success",1820,864
"2021_kk_106","Kusko","Success",1519,841
"2021_kk_107","Kusko","Success",1297,964
"2021_kk_108","Kusko","Success",1440,903
"2021_kk_110_r1","Kusko","Success",1555,846
"2021_kk_111","Kusko","Success",1459,877
"2021_kk_113","Kusko","Success",1448,1080
"2021_kk_114","Kusko","Success",1430,919
"2021_kk_115","Kusko","Success",1592,927
"2021_kk_118","Kusko","Success",1514,971
"2021_kk_120","Kusko","Success",1289,867
"2021_kk_121","Kusko","Success",1575,834
"2021_kk_122","Kusko","Success",1290,931
"2021_kk_124","Kusko","Success",1665,1137
"2021_kk_128","Kusko","Success",1544,866
"2021_kk_129","Kusko","Success",2229,1207
"2021_kk_134_r1","Kusko","Success",2020,848
"2021_kk_138","Kusko","Success",1402,897
"2021_kk_139","Kusko","Success",1440,805
"2021_kk_142","Kusko","Success",1692,1094
"2021_kk_144_R1","Kusko","Success",1471,990
"2021_kk_147_R1","Kusko","Success",1748,872
"2021_kk_152","Kusko","Success",1718,812
"2021_kk_153","Kusko","Success",1181,884
"2021_kk_155","Kusko","Success",1787,660
"2021_kk_156_r1","Kusko","Success",1691,964
"2021_kk_157","Kusko","Success",1231,898
"2021_kk_158","Kusko","Success",1352,919
"2021_kk_160","Kusko","Success",1923,816
"2021_kk_161","Kusko","Success",1465,1026
"2021_kk_163","Kusko","Success",1330,940
"2021_kk_171","Kusko","Success",1368,791
"2021_kk_176","Kusko","Success",1603,970
"2021_kk_183","Kusko","Success",1392,827
"2021_kk_186","Kusko","Success",1262,824
"2021_kk_190","Kusko","Success",2308,881
"2021_kk_194","Kusko","Success",1848,954
"2021_kk_195","Kusko","Success",1212,859
"2021_kk_197r1","Kusko","Success",1465,900
"2021_kk_201","Kusko","Success",1581,886
"2021_kk_202","Kusko","Success",1459,973
"2021_kk_206","Kusko","Success",1405,994
"2021_kk_207","Kusko","Success",1590,1041
"2021_kk_209","Kusko","Success",1541,990
"2021_kk_213","Kusko","Success",1530,795
"2021_kk_217","Kusko","Success",1338,811
"2021_kk_218","Kusko","Success",2288,2088
"2021_kk_219","Kusko","Success",1288,861
"2021_kk_225","Kusko","Success",1236,926
"2021_kk_226","Kusko","Success",1817,884
"2021_kk_228","Kusko","Success",2244,1074
"2021_kk_229","Kusko","Success",2121,1804
"2021_kk_231","Kusko","Success",1701,978
"2021_kk_232_a","Kusko","Success",2216,1078
"2021_kk_235","Kusko","Success",1342,856
"2021_kk_237","Kusko","Success",1488,939
"2021_kk_238_R1","Kusko","Success",1728,991
"2021_kk_239","Kusko","Success",1833,1049
"2021_kk_244","Kusko","Success",2409,1686
"2021_kk_247","Kusko","Success",1594,883
"2021_kk_248_R1","Kusko","Success",1750,939
"2021_kk_253_R1","Kusko","Success",1573,684
"2021_kk_263_R2","Kusko","Success",1545,931
"2021_kk_270","Kusko","Success",1281,935
"2021_kk_275","Kusko","Success",1692,1099
"2021_kk_276","Kusko","Success",1789,954
"2021_kk_277_R1","Kusko","Success",1578,993
"2021_kk_284","Kusko","Success",1599,954
"2021_kk_285","Kusko","Success",1574,1246
"2021_kk_286","Kusko","Success",1496,961
"2021_kk_287","Kusko","Success",1841,980
"2021_kk_288","Kusko","Success",1641,988
"2021_kk_290_R1","Kusko","Success",1627,904
"2021_kk_291","Kusko","Success",1526,837
"2021_kk_292","Kusko","Success",1487,752
"2021_kk_294","Kusko","Success",1687,996
"2021_kk_296_R1","Kusko","Success",1719,983
"2021_kk_298","Kusko","Success",1817,926
"2021_kk_299","Kusko","Success",1778,993
"2021_kk_301","Kusko","Success",1342,806
"2021_kk_302","Kusko","Success",1348,728
"2021_kk_304","Kusko","Success",1524,1001
"2021_kk_305","Kusko","Success",1782,905
"2021_kk_306","Kusko","Success",1832,1088
"2021_kk_309","Kusko","Success",1970,917
"2021_kk_311","Kusko","Success",1491,657
"2021_kk_313","Kusko","Success",1843,1028
"2021_kk_315_R1","Kusko","Success",1473,871
"2021_kk_320","Kusko","Success",1514,1045
"2021_kk_322","Kusko","Success",2306,936
"2021_kk_324","Kusko","Success",1980,1004
"2021_kk_326_R1","Kusko","Success",1529,992
"2021_kk_327_R1","Kusko","Success",1529,974
"2021_kk_328","Kusko","Success",1658,863
"2021_kk_332","Kusko","Success",1422,941
"2021_kk_333","Kusko","Success",1199,807
"2021_kk_340","Kusko","Success",1506,874
"2021_kk_342_R1","Kusko","Success",1707,871
"2021_kk_344","Kusko","Success",1234,905
"2021_kk_347","Kusko","Success",1535,917
"2021_kk_354","Kusko","Success",1653,871
"2021_kk_357","Kusko","Success",1536,1068
"2021_kk_363_R1","Kusko","Success",1699,934
"2021_kk_366","Kusko","Success",1473,863
"2021_kk_372","Kusko","Success",2140,940
"2021_kk_374_R1","Kusko","Success",1765,733
"2021_kk_376","Kusko","Success",2510,1353
"2021_kk_377","Kusko","Success",1684,1046
"2021_yk_001","Yukon","Success",1376,899
"2021_yk_003","Yukon","Success",1659,892
"2021_yk_007","Yukon","Success",1806,876
"2021_yk_008","Yukon","Success",1572,824
"2021_yk_011","Yukon","Success",1477,1013
"2021_yk_016","Yukon","Success",1620,993
"2021_yk_017","Yukon","Success",2113,1168
"2021_yk_020","Yukon","Success",2051,1001
"2021_yk_023","Yukon","Success",2101,956
"2021_yk_025","Yukon","Success",1268,999
"2021_yk_026","Yukon","Success",2172,1882
"2021_yk_027","Yukon","Success",1793,962
"2021_yk_031","Yukon","Success",2043,991
"2021_yk_033","Yukon","Success",1756,1123
"2021_yk_036","Yukon","Success",2123,909
"2021_yk_037","Yukon","Success",2074,958
"2021_yk_039","Yukon","Success",2141,1038
"2021_yk_043","Yukon","Success",1909,839
"2021_yk_046","Yukon","Success",2070,1816
"2021_yk_048","Yukon","Success",2364,970
"2021_yk_049","Yukon","Success",2104,1004
"2021_yk_051","Yukon","Success",1553,774
"2021_yk_055","Yukon","Success",1986,943
"2021_yk_056","Yukon","Success",2355,1873
"2021_yk_057","Yukon","Success",2050,910
"2021_yk_061","Yukon","Success",1758,975
"2021_yk_064","Yukon","Success",1704,943
"2021_yk_070","Yukon","Success",2227,902
"2021_yk_076","Yukon","Success",1953,920
"2021_yk_080","Yukon","Success",1681,826
"2021_yk_084","Yukon","Success",2453,1045
"2021_yk_090","Yukon","Success",2132,920
"2021_yk_095","Yukon","Success",2109,1236
"2021_yk_098","Yukon","Success",1775,961
"2021_yk_101","Yukon","Success",2057,864
"2021_yk_102","Yukon","Success",1944,923
"2021_yk_104","Yukon","Success",2142,1044
"2021_yk_105","Yukon","Success",1924,956
"2021_yk_110","Yukon","Success",2076,1120
"2021_yk_112","Yukon","Success",1936,779
"2021_yk_115","Yukon","Success",1983,962
"2021_yk_120","Yukon","Success",1526,985
"2021_yk_122","Yukon","Success",1934,962
"2021_yk_131","Yukon","Success",2244,946
"2021_yk_134","Yukon","Success",1984,880
"2021_yk_138","Yukon","Success",1525,955
"2021_yk_140","Yukon","Success",1646,938
"2021_yk_144","Yukon","Success",1790,969
"2021_yk_145","Yukon","Success",1987,1052
"2021_yk_150","Yukon","Success",2147,1191
"2021_yk_156","Yukon","Success",1876,974
"2021_yk_160","Yukon","Success",1896,924
"2021_yk_162","Yukon","Success",2129,2008
"2021_yk_163","Yukon","Success",2206,1095
"2021_yk_164","Yukon","Success",1950,934
"2021_yk_165","Yukon","Success",1787,1027
"2021_yk_170","Yukon","Success",2033,1279
"2021_yk_171","Yukon","Success",2321,1061
"2021_yk_173","Yukon","Success",1958,985
"2021_yk_175","Yukon","Success",2268,1045
"2021_yk_181","Yukon","Success",2298,1273
"2021_yk_183","Yukon","Success",2058,1048
"2021_yk_184","Yukon","Success",2151,1125
"2021_yk_185","Yukon","Success",1954,1125
"2021_yk_186","Yukon","Success",2164,1342
"2021_yk_188","Yukon","Success",1690,1168
"2021_yk_192","Yukon","Success",1574,702
"2021_yk_195","Yukon","Success",1854,940
"2021_yk_198","Yukon","Success",2252,1198
"2021_yk_200","Yukon","Success",2067,1156
"2021_yk_202","Yukon","Success",1922,949
"2021_yk_203","Yukon","Success",2007,1021
"2021_yk_207","Yukon","Success",1353,811
"2021_yk_208","Yukon","Success",2080,1128
"2021_yk_213","Yukon","Success",2138,1151
"2021_yk_216","Yukon","Success",1939,939
"2021_yk_217","Yukon","Success",2269,1026
"2021_yk_301","Yukon","Success",1553,797
"2021_yk_304","Yukon","Success",1818,850
"2021_yk_305","Yukon","Success",1942,1136
"2021_yk_307","Yukon","Success",1754,808
"2021_yk_308","Yukon","Success",2030,1167
"2021_yk_311","Yukon","Success",1860,1151
"2021_yk_312","Yukon","Success",1699,963
"2021_yk_313","Yukon","Success",1697,911
"2021_yk_314","Yukon","Success",2094,1097
"2021_yk_324","Yukon","Success",2009,1173
"2021_yk_326","Yukon","Success",1748,898
"2021_yk_333","Yukon","Success",1965,1018
"2021_yk_335","Yukon","Success",2235,1152
"2021_yk_364","Yukon","Success",1693,1104
"2021_yk_367","Yukon","Success",1862,1069
"2021_yk_368","Yukon","Success",1782,1156
"2021_yk_372","Yukon","Success",1880,1079
"2021_yk_373","Yukon","Success",1851,966
"2021_yk_378","Yukon","Success",1955,1119
"2021_yk_386","Yukon","Success",2327,1168
"2021_yk_395","Yukon","Success",2028,1106
"2021_yk_396","Yukon","Success",1765,982
"2021_yk_409","Yukon","Success",1679,893
"2021_yk_410","Yukon","Success",1622,896
"2021_yk_414","Yukon","Success",1893,942
"2021_yk_415","Yukon","Success",2323,1072
"2021_yk_425","Yukon","Success",1761,912
"2021_yk_439","Yukon","Success",2409,1005
"2021_yk_440","Yukon","Success",1679,984
"2021_yk_443","Yukon","Success",1945,1026
"2021_yk_450","Yukon","Success",2194,1159
"2021_yk_452","Yukon","Success",1579,987
"2021_yk_464","Yukon","Success",1664,887
"2021_yk_465","Yukon","Success",1816,1227
"2021_yk_468","Yukon","Success",1595,871
"2021_yk_469","Yukon","Success",1619,1020
"2021_yk_472","Yukon","Success",1715,1080
"2021_yk_473","Yukon","Success",2028,951
"2021_yk_477","Yukon","Success",1774,846
"2021_yk_478","Yukon","Success",1431,954
"2021_yk_497","Yukon","Success",1851,1041
"2021_yk_506","Yukon","Success",1815,953
"2021_yk_507","Yukon","Success",1707,1127
"2021_yk_508","Yukon","Success",1601,1040
"2021_yk_509","Yukon","Success",2084,925
"2021_yk_510","Yukon","Success",2041,1037
"2021_yk_514","Yukon","Success",1682,956
"2021_yk_518","Yukon","Success",1757,873
"2021_yk_521","Yukon","Success",1546,854
