Cycle,Sr88,Iso,Time,Microns,Fish_id,Watershed,Year
63,0.493152316522601,0.706308409945026,33.012,66.024,2015_nk_217,Nush,2015
64,1.16312506122091,0.70711988146882,33.536,67.072,2015_nk_217,Nush,2015
65,1.43339826904472,0.706822938813994,34.06,68.12,2015_nk_217,Nush,2015
66,1.52596568142257,0.707175112895999,34.584,69.168,2015_nk_217,Nush,2015
67,1.56411628457932,0.706766124881097,35.108000000000004,70.21600000000001,2015_nk_217,Nush,2015
68,1.52298159359673,0.707265827836818,35.632,71.264,2015_nk_217,Nush,2015
69,1.44773410470538,0.707948985374319,36.156,72.312,2015_nk_217,Nush,2015
70,1.36663944506901,0.707134107384183,36.68,73.36,2015_nk_217,Nush,2015
71,1.40883129537954,0.70715712856793,37.204,74.408,2015_nk_217,Nush,2015
72,1.46979671271064,0.70654769286219,37.728,75.456,2015_nk_217,Nush,2015
73,1.57264891878373,0.707331224423092,38.252,76.504,2015_nk_217,Nush,2015
74,1.42765105710353,0.707267180854802,38.776,77.552,2015_nk_217,Nush,2015
75,1.35209217141649,0.706803800756844,39.3,78.6,2015_nk_217,Nush,2015
76,1.3687523736457201,0.706929939068349,39.824,79.648,2015_nk_217,Nush,2015
77,1.42217694225511,0.706670663136228,40.348,80.696,2015_nk_217,Nush,2015
78,1.43270084211913,0.706802084721795,40.872,81.744,2015_nk_217,Nush,2015
79,1.39888425621282,0.706813460041459,41.396,82.792,2015_nk_217,Nush,2015
80,1.36857317100314,0.70803584278638,41.92,83.84,2015_nk_217,Nush,2015
81,1.39902470938125,0.707623673878791,42.444,84.888,2015_nk_217,Nush,2015
82,1.45548733005621,0.707919865365035,42.968,85.936,2015_nk_217,Nush,2015
83,1.49215050467441,0.707604984065895,43.492000000000004,86.98400000000001,2015_nk_217,Nush,2015
84,1.49011268536175,0.706692292221891,44.016000000000005,88.03200000000001,2015_nk_217,Nush,2015
85,1.44532949995391,0.707324457349999,44.54,89.08,2015_nk_217,Nush,2015
86,1.42498759971896,0.707296685710357,45.064,90.128,2015_nk_217,Nush,2015
87,1.44846783049279,0.706561489359195,45.588,91.176,2015_nk_217,Nush,2015
88,1.45111695610845,0.707149091097717,46.112,92.224,2015_nk_217,Nush,2015
89,1.4730036416684,0.708437734180939,46.636,93.272,2015_nk_217,Nush,2015
90,1.51898136072233,0.707762341206775,47.16,94.32,2015_nk_217,Nush,2015
91,1.53857862636992,0.70716294121755,47.684,95.368,2015_nk_217,Nush,2015
92,1.60248691143422,0.707629003667716,48.208,96.416,2015_nk_217,Nush,2015
93,1.53578742149531,0.707321950562909,48.732,97.464,2015_nk_217,Nush,2015
94,1.53338952044947,0.707102202198477,49.256,98.512,2015_nk_217,Nush,2015
95,1.62202289329003,0.706275098678793,49.78,99.56,2015_nk_217,Nush,2015
96,1.54302491720319,0.707291193920764,50.304,100.608,2015_nk_217,Nush,2015
97,1.47053782861955,0.707135701233502,50.828,101.656,2015_nk_217,Nush,2015
98,1.52342040739806,0.707265903523592,51.352000000000004,102.70400000000001,2015_nk_217,Nush,2015
99,1.47328054617026,0.707121679278689,51.876000000000005,103.75200000000001,2015_nk_217,Nush,2015
100,1.42272772672396,0.70788216078189,52.400000000000006,104.80000000000001,2015_nk_217,Nush,2015
101,1.32382281595504,0.706879073223306,52.924,105.848,2015_nk_217,Nush,2015
102,1.38831921639646,0.706934517185741,53.448,106.896,2015_nk_217,Nush,2015
103,1.50953196049733,0.707331384174628,53.972,107.944,2015_nk_217,Nush,2015
104,1.53021475835158,0.70850561753911,54.496,108.992,2015_nk_217,Nush,2015
105,1.41169675581851,0.707589268923905,55.02,110.04,2015_nk_217,Nush,2015
106,1.31393272484334,0.707213632624428,55.544,111.088,2015_nk_217,Nush,2015
107,1.37731605568867,0.706880917474121,56.068,112.136,2015_nk_217,Nush,2015
108,1.4465326102134901,0.707382732774981,56.592,113.184,2015_nk_217,Nush,2015
109,1.44851615360027,0.707176057287519,57.116,114.232,2015_nk_217,Nush,2015
110,1.3911294538268,0.706750394705359,57.64,115.28,2015_nk_217,Nush,2015
111,1.32403718206999,0.7076148731689,58.164,116.328,2015_nk_217,Nush,2015
112,1.28339433890886,0.706873871980996,58.688,117.376,2015_nk_217,Nush,2015
113,1.29360389980447,0.706992780301925,59.212,118.424,2015_nk_217,Nush,2015
114,1.36712908780905,0.706866756218571,59.736000000000004,119.47200000000001,2015_nk_217,Nush,2015
115,1.38771970900322,0.707876519858664,60.260000000000005,120.52000000000001,2015_nk_217,Nush,2015
116,1.35455626105351,0.707480664473158,60.784000000000006,121.56800000000001,2015_nk_217,Nush,2015
117,1.31353901429168,0.706589240640559,61.308,122.616,2015_nk_217,Nush,2015
118,1.32015772242635,0.708120982492593,61.832,123.664,2015_nk_217,Nush,2015
119,1.35018370774796,0.706716150854242,62.356,124.712,2015_nk_217,Nush,2015
120,1.33845918453749,0.708968346848561,62.88,125.76,2015_nk_217,Nush,2015
121,1.25040226227428,0.706816963568032,63.404,126.808,2015_nk_217,Nush,2015
122,1.20440248987717,0.707090546449022,63.928,127.856,2015_nk_217,Nush,2015
123,1.27115525723437,0.707415725791551,64.452,128.904,2015_nk_217,Nush,2015
124,1.31126048710915,0.707494270909976,64.976,129.952,2015_nk_217,Nush,2015
125,1.27028514704081,0.707144515075026,65.5,131,2015_nk_217,Nush,2015
126,1.2212406630826,0.706004204814609,66.024,132.048,2015_nk_217,Nush,2015
127,1.19773588332098,0.706632227732682,66.548,133.096,2015_nk_217,Nush,2015
128,1.23937466696647,0.706442626188739,67.072,134.144,2015_nk_217,Nush,2015
129,1.27786559897001,0.707329363346883,67.596,135.192,2015_nk_217,Nush,2015
130,1.24506031945039,0.707008954823647,68.12,136.24,2015_nk_217,Nush,2015
131,1.19540605387852,0.708692593474542,68.644,137.288,2015_nk_217,Nush,2015
132,1.18651923583354,0.707786601143846,69.168,138.336,2015_nk_217,Nush,2015
133,1.19687902112849,0.707353598949104,69.69200000000001,139.38400000000001,2015_nk_217,Nush,2015
134,1.18516743929861,0.708119516406355,70.21600000000001,140.43200000000002,2015_nk_217,Nush,2015
135,1.21238253814809,0.707938639357043,70.74000000000001,141.48000000000002,2015_nk_217,Nush,2015
136,1.16649035759822,0.707550632627466,71.26400000000001,142.52800000000002,2015_nk_217,Nush,2015
137,1.15702638762584,0.707319782796499,71.78800000000001,143.57600000000002,2015_nk_217,Nush,2015
138,1.1843773862825,0.707112071595968,72.31200000000001,144.62400000000002,2015_nk_217,Nush,2015
139,1.20309006130785,0.707191890306377,72.836,145.672,2015_nk_217,Nush,2015
140,1.2034922775864,0.706613265283182,73.36,146.72,2015_nk_217,Nush,2015
141,1.18385808767903,0.706917199482967,73.884,147.768,2015_nk_217,Nush,2015
142,1.21296799306097,0.706921890680487,74.408,148.816,2015_nk_217,Nush,2015
143,1.26741599405713,0.708243916775165,74.932,149.864,2015_nk_217,Nush,2015
144,1.26830383798893,0.708183767546189,75.456,150.912,2015_nk_217,Nush,2015
145,1.23965429236914,0.707189728392126,75.98,151.96,2015_nk_217,Nush,2015
146,1.21570702474618,0.707174421843173,76.504,153.008,2015_nk_217,Nush,2015
147,1.2328779083444,0.707523539656167,77.028,154.056,2015_nk_217,Nush,2015
148,1.27978450559831,0.708524905196519,77.55199999999999,155.10399999999998,2015_nk_217,Nush,2015
149,1.2873392311376,0.70761560712338,78.076,156.152,2015_nk_217,Nush,2015
150,1.31327449350981,0.706513272100893,78.6,157.2,2015_nk_217,Nush,2015
151,1.27740558324245,0.706779553359877,79.124,158.248,2015_nk_217,Nush,2015
152,1.278853396789,0.70647302686545,79.648,159.296,2015_nk_217,Nush,2015
153,1.28635562847149,0.7073138883348,80.172,160.344,2015_nk_217,Nush,2015
154,1.32210491060075,0.707295400478921,80.696,161.392,2015_nk_217,Nush,2015
155,1.30868981006194,0.707252867877128,81.22,162.44,2015_nk_217,Nush,2015
156,1.31312611274976,0.707136830469132,81.744,163.488,2015_nk_217,Nush,2015
157,1.28331280930035,0.707715645017561,82.268,164.536,2015_nk_217,Nush,2015
158,1.32449798542996,0.707689325054825,82.792,165.584,2015_nk_217,Nush,2015
159,1.33441835077226,0.706622036903131,83.316,166.632,2015_nk_217,Nush,2015
160,1.31029229721388,0.707073451874119,83.84,167.68,2015_nk_217,Nush,2015
161,1.30990372019539,0.706802964222785,84.364,168.728,2015_nk_217,Nush,2015
162,1.3031976114947,0.707030888231919,84.888,169.776,2015_nk_217,Nush,2015
163,1.2968687943274,0.706608106685196,85.412,170.824,2015_nk_217,Nush,2015
164,1.32462080897949,0.706842812919156,85.936,171.872,2015_nk_217,Nush,2015
165,1.34128020299964,0.707004613288298,86.46000000000001,172.92000000000002,2015_nk_217,Nush,2015
166,1.30093842022132,0.706465666759429,86.98400000000001,173.96800000000002,2015_nk_217,Nush,2015
167,1.2895345453572,0.706772186733074,87.50800000000001,175.01600000000002,2015_nk_217,Nush,2015
168,1.28442336531091,0.707658249686302,88.03200000000001,176.06400000000002,2015_nk_217,Nush,2015
169,1.30113601001366,0.706021197615156,88.55600000000001,177.11200000000002,2015_nk_217,Nush,2015
170,1.32143230954113,0.707123768521772,89.08000000000001,178.16000000000003,2015_nk_217,Nush,2015
171,1.32984255311498,0.707026953587942,89.604,179.208,2015_nk_217,Nush,2015
172,1.28982522284395,0.708103662767159,90.128,180.256,2015_nk_217,Nush,2015
173,1.25062337802161,0.707692288097448,90.652,181.304,2015_nk_217,Nush,2015
174,1.24793201781238,0.706924568578473,91.176,182.352,2015_nk_217,Nush,2015
175,1.25703033331037,0.707996255130635,91.7,183.4,2015_nk_217,Nush,2015
176,1.28558407583608,0.706561365252475,92.224,184.448,2015_nk_217,Nush,2015
177,1.28968456601331,0.706421337062378,92.748,185.496,2015_nk_217,Nush,2015
178,1.27198112596996,0.707015159441229,93.272,186.544,2015_nk_217,Nush,2015
179,1.27060788820661,0.70772344146085,93.796,187.592,2015_nk_217,Nush,2015
180,1.2678072534762,0.706820586121243,94.32,188.64,2015_nk_217,Nush,2015
181,1.31473815516903,0.707657475520612,94.844,189.688,2015_nk_217,Nush,2015
182,1.28819602044652,0.707846475160782,95.368,190.736,2015_nk_217,Nush,2015
183,1.25290034742297,0.707565302604814,95.892,191.784,2015_nk_217,Nush,2015
184,1.27149954508155,0.707719263537862,96.416,192.832,2015_nk_217,Nush,2015
185,1.31584249818674,0.706937035721695,96.94,193.88,2015_nk_217,Nush,2015
186,1.31205556880269,0.706203584329311,97.464,194.928,2015_nk_217,Nush,2015
187,1.25856643533844,0.708295650630575,97.988,195.976,2015_nk_217,Nush,2015
188,1.24529394795086,0.706484562320024,98.512,197.024,2015_nk_217,Nush,2015
189,1.26041418152121,0.707248493627394,99.036,198.072,2015_nk_217,Nush,2015
190,1.29031566253704,0.706711611525862,99.56,199.12,2015_nk_217,Nush,2015
191,1.28957790929288,0.707172078475742,100.084,200.168,2015_nk_217,Nush,2015
192,1.2675242796686,0.706589194472272,100.608,201.216,2015_nk_217,Nush,2015
193,1.24036761409514,0.705293683262571,101.132,202.264,2015_nk_217,Nush,2015
194,1.33576819994216,0.706617415126519,101.656,203.312,2015_nk_217,Nush,2015
195,1.29476180281832,0.706606747337312,102.18,204.36,2015_nk_217,Nush,2015
196,1.22493342306292,0.707019845689593,102.70400000000001,205.40800000000002,2015_nk_217,Nush,2015
197,1.20893372129491,0.706767647734198,103.22800000000001,206.45600000000002,2015_nk_217,Nush,2015
198,1.23817074969418,0.708336616185863,103.75200000000001,207.50400000000002,2015_nk_217,Nush,2015
199,1.21639409285147,0.70662396760263,104.27600000000001,208.55200000000002,2015_nk_217,Nush,2015
200,1.22657642103408,0.708755046721191,104.8,209.6,2015_nk_217,Nush,2015
201,1.21109906808519,0.707349464619532,105.324,210.648,2015_nk_217,Nush,2015
202,1.18756077239433,0.706928900355084,105.848,211.696,2015_nk_217,Nush,2015
203,1.1766912568789,0.707461622368888,106.372,212.744,2015_nk_217,Nush,2015
204,1.17840950950499,0.706541920272587,106.896,213.792,2015_nk_217,Nush,2015
205,1.19917352726971,0.706625742269973,107.42,214.84,2015_nk_217,Nush,2015
206,1.2297611798031,0.706674782183139,107.944,215.888,2015_nk_217,Nush,2015
207,1.2516645324152,0.707065084502599,108.468,216.936,2015_nk_217,Nush,2015
208,1.23071947302734,0.706526749646564,108.992,217.984,2015_nk_217,Nush,2015
209,1.19471921089878,0.707030257990997,109.516,219.032,2015_nk_217,Nush,2015
210,1.17785168034476,0.706934456818679,110.04,220.08,2015_nk_217,Nush,2015
211,1.20733682253756,0.707701305860499,110.56400000000001,221.12800000000001,2015_nk_217,Nush,2015
212,1.19759048191467,0.705584281928321,111.08800000000001,222.17600000000002,2015_nk_217,Nush,2015
213,1.19392686353776,0.706234960556836,111.61200000000001,223.22400000000002,2015_nk_217,Nush,2015
214,1.21010752452591,0.70537746339155,112.13600000000001,224.27200000000002,2015_nk_217,Nush,2015
215,1.28706779309041,0.707727127963911,112.66,225.32,2015_nk_217,Nush,2015
216,1.27706590857481,0.70666647731425,113.184,226.368,2015_nk_217,Nush,2015
217,1.19248110211027,0.707159604114327,113.708,227.416,2015_nk_217,Nush,2015
218,1.17748277432753,0.706785479889334,114.232,228.464,2015_nk_217,Nush,2015
219,1.20157761560047,0.706910406945116,114.756,229.512,2015_nk_217,Nush,2015
220,1.26270692944963,0.707930011867597,115.28,230.56,2015_nk_217,Nush,2015
221,1.24883063033521,0.706623079967305,115.804,231.608,2015_nk_217,Nush,2015
222,1.20952203967564,0.706425240936204,116.328,232.656,2015_nk_217,Nush,2015
223,1.16125298722174,0.706229562166411,116.852,233.704,2015_nk_217,Nush,2015
224,1.23032641554823,0.706493194717919,117.376,234.752,2015_nk_217,Nush,2015
225,1.23817921447662,0.706558914180205,117.9,235.8,2015_nk_217,Nush,2015
226,1.28093969895204,0.706753889157852,118.424,236.848,2015_nk_217,Nush,2015
227,1.19042202850104,0.707692459528214,118.94800000000001,237.89600000000002,2015_nk_217,Nush,2015
228,1.2100644444454,0.70608003273706,119.47200000000001,238.94400000000002,2015_nk_217,Nush,2015
229,1.2444274559886,0.706318116693905,119.99600000000001,239.99200000000002,2015_nk_217,Nush,2015
230,1.33123518187822,0.707519223227024,120.52000000000001,241.04000000000002,2015_nk_217,Nush,2015
231,1.18147286726157,0.706183102605226,121.04400000000001,242.08800000000002,2015_nk_217,Nush,2015
232,1.12937946191581,0.706403185574609,121.568,243.136,2015_nk_217,Nush,2015
233,1.1601903314784,0.708107888042966,122.092,244.184,2015_nk_217,Nush,2015
234,1.23111454639523,0.706609093591512,122.616,245.232,2015_nk_217,Nush,2015
235,1.21779681220719,0.706792126972359,123.14,246.28,2015_nk_217,Nush,2015
236,1.15241723475244,0.706173712467895,123.664,247.328,2015_nk_217,Nush,2015
237,1.10107461511167,0.70579425676466,124.188,248.376,2015_nk_217,Nush,2015
238,1.12198266467462,0.706940046154133,124.712,249.424,2015_nk_217,Nush,2015
239,1.17718416309599,0.706670403632336,125.236,250.472,2015_nk_217,Nush,2015
240,1.2559045786095,0.705509169781785,125.76,251.52,2015_nk_217,Nush,2015
241,1.19703177800808,0.705570553307253,126.284,252.568,2015_nk_217,Nush,2015
242,1.16414971452335,0.707338654252422,126.808,253.616,2015_nk_217,Nush,2015
243,1.1656510868683,0.706802002310694,127.33200000000001,254.66400000000002,2015_nk_217,Nush,2015
244,1.23403863351952,0.706926896009824,127.85600000000001,255.71200000000002,2015_nk_217,Nush,2015
245,1.24187763227389,0.705765727941222,128.38,256.76,2015_nk_217,Nush,2015
246,1.18713907975969,0.705687250332557,128.904,257.808,2015_nk_217,Nush,2015
247,1.17108451535511,0.706134187651503,129.428,258.856,2015_nk_217,Nush,2015
248,1.18531542876774,0.706296432886248,129.952,259.904,2015_nk_217,Nush,2015
249,1.23055978185528,0.706081706374981,130.476,260.952,2015_nk_217,Nush,2015
250,1.20949460032968,0.705844154515577,131,262,2015_nk_217,Nush,2015
251,1.16604828353779,0.705551656662778,131.524,263.048,2015_nk_217,Nush,2015
252,1.17205800262612,0.705375977305746,132.048,264.096,2015_nk_217,Nush,2015
253,1.22402719774709,0.704948880341316,132.572,265.144,2015_nk_217,Nush,2015
254,1.23754332511734,0.705660292514694,133.096,266.192,2015_nk_217,Nush,2015
255,1.19541364495855,0.706102698909017,133.62,267.24,2015_nk_217,Nush,2015
256,1.13712574166294,0.70510980243619,134.144,268.288,2015_nk_217,Nush,2015
257,1.21180076554874,0.706226694776071,134.668,269.336,2015_nk_217,Nush,2015
258,1.28318681698409,0.706289454931017,135.192,270.384,2015_nk_217,Nush,2015
259,1.29577676415983,0.706392386679092,135.716,271.432,2015_nk_217,Nush,2015
260,1.20708345271376,0.705757459787167,136.24,272.48,2015_nk_217,Nush,2015
261,1.19747546095648,0.706541322454642,136.764,273.528,2015_nk_217,Nush,2015
262,1.22501959275153,0.706479311108648,137.288,274.576,2015_nk_217,Nush,2015
263,1.28107097202581,0.705450021666219,137.812,275.624,2015_nk_217,Nush,2015
264,1.25996221289426,0.706297798179933,138.336,276.672,2015_nk_217,Nush,2015
265,1.18133413097508,0.705377188056676,138.86,277.72,2015_nk_217,Nush,2015
266,1.1570083907797999,0.706665105048619,139.38400000000001,278.76800000000003,2015_nk_217,Nush,2015
267,1.17011601770585,0.705892743175604,139.90800000000002,279.81600000000003,2015_nk_217,Nush,2015
268,1.2380353192121,0.705391084769714,140.43200000000002,280.86400000000003,2015_nk_217,Nush,2015
269,1.22947614295632,0.705148863310421,140.95600000000002,281.91200000000003,2015_nk_217,Nush,2015
270,1.20545750796822,0.705332514691246,141.48000000000002,282.96000000000004,2015_nk_217,Nush,2015
271,1.19187735668526,0.706709490215708,142.00400000000002,284.00800000000004,2015_nk_217,Nush,2015
272,1.24066396222698,0.705646521704658,142.52800000000002,285.05600000000004,2015_nk_217,Nush,2015
273,1.24786798803832,0.70593441789102,143.05200000000002,286.10400000000004,2015_nk_217,Nush,2015
274,1.27992869956685,0.705781604988395,143.57600000000002,287.15200000000004,2015_nk_217,Nush,2015
275,1.18684350740087,0.706013576950894,144.10000000000002,288.20000000000005,2015_nk_217,Nush,2015
276,1.21002174674904,0.706255276125374,144.62400000000002,289.24800000000005,2015_nk_217,Nush,2015
277,1.18075247798637,0.70513993417212,145.14800000000002,290.29600000000005,2015_nk_217,Nush,2015
278,1.2694651825817,0.705592598775006,145.67200000000003,291.34400000000005,2015_nk_217,Nush,2015
279,1.24876617908952,0.70516230201822,146.196,292.392,2015_nk_217,Nush,2015
280,1.25152474646013,0.705531875952046,146.72,293.44,2015_nk_217,Nush,2015
281,1.16580717022539,0.705105273641623,147.244,294.488,2015_nk_217,Nush,2015
282,1.198237107315,0.70432126409454,147.768,295.536,2015_nk_217,Nush,2015
283,1.28307292515659,0.704969334979654,148.292,296.584,2015_nk_217,Nush,2015
284,1.32023580260699,0.705300076294383,148.816,297.632,2015_nk_217,Nush,2015
285,1.25483177650873,0.705035232821228,149.34,298.68,2015_nk_217,Nush,2015
286,1.19283238104303,0.705361385701322,149.864,299.728,2015_nk_217,Nush,2015
287,1.1886056440399,0.705460622781355,150.388,300.776,2015_nk_217,Nush,2015
288,1.23266329266306,0.705918707101379,150.912,301.824,2015_nk_217,Nush,2015
289,1.28714980560171,0.704784481400628,151.436,302.872,2015_nk_217,Nush,2015
290,1.24784677391265,0.705237390612504,151.96,303.92,2015_nk_217,Nush,2015
291,1.19016142281409,0.703914460946557,152.484,304.968,2015_nk_217,Nush,2015
292,1.18048534439112,0.705235121437449,153.008,306.016,2015_nk_217,Nush,2015
293,1.26506775385481,0.705532398486368,153.532,307.064,2015_nk_217,Nush,2015
294,1.27467500660655,0.7049709352314,154.056,308.112,2015_nk_217,Nush,2015
295,1.32488978880048,0.70450390880605,154.58,309.16,2015_nk_217,Nush,2015
296,1.18885152919792,0.704558266975514,155.10399999999998,310.20799999999997,2015_nk_217,Nush,2015
297,1.2153260901172,0.704430859482564,155.628,311.256,2015_nk_217,Nush,2015
298,1.22224782166031,0.705115229617933,156.152,312.304,2015_nk_217,Nush,2015
299,1.29882786702884,0.704296050872317,156.676,313.352,2015_nk_217,Nush,2015
300,1.20908916263229,0.704536219079421,157.2,314.4,2015_nk_217,Nush,2015
301,1.20217793483554,0.705788966539868,157.724,315.448,2015_nk_217,Nush,2015
302,1.26587244578686,0.704070220658565,158.248,316.496,2015_nk_217,Nush,2015
303,1.3376494380237,0.704600105874718,158.772,317.544,2015_nk_217,Nush,2015
304,1.35469054609006,0.705054518572151,159.296,318.592,2015_nk_217,Nush,2015
305,1.25833701709168,0.705399109145517,159.82,319.64,2015_nk_217,Nush,2015
306,1.26442418752185,0.705199780155803,160.344,320.688,2015_nk_217,Nush,2015
307,1.32647429333323,0.705483596059556,160.868,321.736,2015_nk_217,Nush,2015
308,1.35418613646641,0.705401972330662,161.392,322.784,2015_nk_217,Nush,2015
309,1.3718550481463,0.70528540846086,161.916,323.832,2015_nk_217,Nush,2015
310,1.38506094081748,0.704406955008808,162.44,324.88,2015_nk_217,Nush,2015
311,1.27044087818247,0.70592144610562,162.964,325.928,2015_nk_217,Nush,2015
312,1.35239930564386,0.705326963688792,163.488,326.976,2015_nk_217,Nush,2015
313,1.32930443782056,0.704293533800054,164.012,328.024,2015_nk_217,Nush,2015
314,1.3741410087707,0.705197130777706,164.536,329.072,2015_nk_217,Nush,2015
315,1.34361519297646,0.704974032944272,165.06,330.12,2015_nk_217,Nush,2015
316,1.26476902053214,0.704014424483327,165.584,331.168,2015_nk_217,Nush,2015
317,1.32960314940154,0.705310830547184,166.108,332.216,2015_nk_217,Nush,2015
318,1.44705112021481,0.704210007723903,166.632,333.264,2015_nk_217,Nush,2015
319,1.36622711987582,0.705076088069101,167.156,334.312,2015_nk_217,Nush,2015
320,1.30116776772901,0.70461384152194,167.68,335.36,2015_nk_217,Nush,2015
321,1.28990337074082,0.704367720980537,168.204,336.408,2015_nk_217,Nush,2015
322,1.4107182893204,0.705258622363647,168.728,337.456,2015_nk_217,Nush,2015
323,1.4211716191588,0.7046918793092,169.252,338.504,2015_nk_217,Nush,2015
324,1.35158160104901,0.704134754313349,169.776,339.552,2015_nk_217,Nush,2015
325,1.31441436043126,0.705521753001018,170.3,340.6,2015_nk_217,Nush,2015
326,1.33339625517986,0.704914743912782,170.824,341.648,2015_nk_217,Nush,2015
327,1.44369995550754,0.703650962031761,171.348,342.696,2015_nk_217,Nush,2015
328,1.44304972999539,0.704186576172004,171.872,343.744,2015_nk_217,Nush,2015
329,1.43179650201908,0.705486930534312,172.39600000000002,344.79200000000003,2015_nk_217,Nush,2015
330,1.40463211697998,0.704507017939212,172.92000000000002,345.84000000000003,2015_nk_217,Nush,2015
331,1.48140933624306,0.704620755548715,173.44400000000002,346.88800000000003,2015_nk_217,Nush,2015
332,1.49471629439384,0.704985694134862,173.96800000000002,347.93600000000004,2015_nk_217,Nush,2015
333,1.47969895633956,0.704805892255971,174.49200000000002,348.98400000000004,2015_nk_217,Nush,2015
334,1.36137114489635,0.704341376960449,175.01600000000002,350.03200000000004,2015_nk_217,Nush,2015
335,1.39330673353586,0.705022653710461,175.54000000000002,351.08000000000004,2015_nk_217,Nush,2015
336,1.44858372632462,0.705450068367801,176.064,352.128,2015_nk_217,Nush,2015
337,1.51757898513053,0.705030917648232,176.588,353.176,2015_nk_217,Nush,2015
338,1.44751570042358,0.704879750401112,177.112,354.224,2015_nk_217,Nush,2015
339,1.37532997383873,0.704653633597988,177.636,355.272,2015_nk_217,Nush,2015
340,1.43802835963046,0.705328943548402,178.16,356.32,2015_nk_217,Nush,2015
341,1.52290539855345,0.705581929915643,178.684,357.368,2015_nk_217,Nush,2015
342,1.49213141756343,0.705187336756615,179.208,358.416,2015_nk_217,Nush,2015
343,1.4707308925562,0.705240699678382,179.732,359.464,2015_nk_217,Nush,2015
344,1.46552352958635,0.704291757906775,180.256,360.512,2015_nk_217,Nush,2015
345,1.63155972645765,0.703975926976417,180.78,361.56,2015_nk_217,Nush,2015
346,1.55472966031156,0.705336681096397,181.304,362.608,2015_nk_217,Nush,2015
347,1.49565342253734,0.705003021344639,181.828,363.656,2015_nk_217,Nush,2015
348,1.41210735267777,0.70450935607158,182.352,364.704,2015_nk_217,Nush,2015
349,1.53049583304386,0.703899770282026,182.876,365.752,2015_nk_217,Nush,2015
350,1.60636956533201,0.704692510219986,183.4,366.8,2015_nk_217,Nush,2015
351,1.61541602104125,0.705514614494895,183.924,367.848,2015_nk_217,Nush,2015
352,1.47556744672205,0.705037730507727,184.448,368.896,2015_nk_217,Nush,2015
353,1.39742919284401,0.704593298612803,184.972,369.944,2015_nk_217,Nush,2015
354,1.49451083299548,0.704626239693966,185.496,370.992,2015_nk_217,Nush,2015
355,1.57963869198753,0.704499037348844,186.02,372.04,2015_nk_217,Nush,2015
356,1.57839704150452,0.705245242862486,186.544,373.088,2015_nk_217,Nush,2015
357,1.40746278176159,0.70414647731776,187.068,374.136,2015_nk_217,Nush,2015
358,1.36711588478302,0.704754554993872,187.592,375.184,2015_nk_217,Nush,2015
359,1.44489823927153,0.704608407095223,188.116,376.232,2015_nk_217,Nush,2015
360,1.57577546480826,0.704391085711641,188.64000000000001,377.28000000000003,2015_nk_217,Nush,2015
361,1.50630434514629,0.705365857214382,189.16400000000002,378.32800000000003,2015_nk_217,Nush,2015
362,1.38823631880504,0.704503173131996,189.68800000000002,379.37600000000003,2015_nk_217,Nush,2015
363,1.3706231423534,0.704725305900951,190.21200000000002,380.42400000000004,2015_nk_217,Nush,2015
364,1.48378904195859,0.704973580711053,190.73600000000002,381.47200000000004,2015_nk_217,Nush,2015
365,1.58089780792164,0.705264724076456,191.26000000000002,382.52000000000004,2015_nk_217,Nush,2015
366,1.42961166140952,0.70516712340285,191.78400000000002,383.56800000000004,2015_nk_217,Nush,2015
367,1.34866396839402,0.705352700676859,192.308,384.616,2015_nk_217,Nush,2015
368,1.4004581585533,0.70445896591161,192.832,385.664,2015_nk_217,Nush,2015
369,1.47108798274535,0.704564712968898,193.356,386.712,2015_nk_217,Nush,2015
370,1.50116390934927,0.703894164348376,193.88,387.76,2015_nk_217,Nush,2015
371,1.43247767003706,0.703785708032258,194.404,388.808,2015_nk_217,Nush,2015
372,1.41457848195709,0.705148893783725,194.928,389.856,2015_nk_217,Nush,2015
373,1.43015221173888,0.70410782907862,195.452,390.904,2015_nk_217,Nush,2015
374,1.5187288085558,0.70491338555169,195.976,391.952,2015_nk_217,Nush,2015
375,1.4849945994832,0.704414625400923,196.5,393,2015_nk_217,Nush,2015
376,1.39239180567467,0.70430376042926,197.024,394.048,2015_nk_217,Nush,2015
377,1.38326955070482,0.704948182353699,197.548,395.096,2015_nk_217,Nush,2015
378,1.49090405788733,0.705026042768269,198.072,396.144,2015_nk_217,Nush,2015
379,1.52964645339333,0.70434039570944,198.596,397.192,2015_nk_217,Nush,2015
380,1.45282251020005,0.704672718011535,199.12,398.24,2015_nk_217,Nush,2015
381,1.38544740490853,0.704419642716421,199.644,399.288,2015_nk_217,Nush,2015
382,1.41542175131736,0.705371275687879,200.168,400.336,2015_nk_217,Nush,2015
383,1.45659306178029,0.70473867355401,200.692,401.384,2015_nk_217,Nush,2015
384,1.52950094650493,0.70415222093222,201.216,402.432,2015_nk_217,Nush,2015
385,1.49729928693774,0.704650962084349,201.74,403.48,2015_nk_217,Nush,2015
386,1.38498695570525,0.704420972235375,202.264,404.528,2015_nk_217,Nush,2015
387,1.4081687647574,0.70520023684772,202.788,405.576,2015_nk_217,Nush,2015
388,1.49564054762485,0.703921311146204,203.312,406.624,2015_nk_217,Nush,2015
389,1.5844212484056,0.704299798974392,203.836,407.672,2015_nk_217,Nush,2015
390,1.48377041868329,0.705348354654554,204.36,408.72,2015_nk_217,Nush,2015
391,1.44318883872222,0.705315383797867,204.88400000000001,409.76800000000003,2015_nk_217,Nush,2015
392,1.41170931950408,0.703848448314821,205.40800000000002,410.81600000000003,2015_nk_217,Nush,2015
393,1.46534647983373,0.704597281557567,205.93200000000002,411.86400000000003,2015_nk_217,Nush,2015
394,1.52441509982632,0.703969348775366,206.45600000000002,412.91200000000003,2015_nk_217,Nush,2015
395,1.49835361796819,0.704248755203579,206.98000000000002,413.96000000000004,2015_nk_217,Nush,2015
396,1.40477086649994,0.704535261511712,207.50400000000002,415.00800000000004,2015_nk_217,Nush,2015
397,1.34387419233403,0.704789037346599,208.02800000000002,416.05600000000004,2015_nk_217,Nush,2015
398,1.39545347387252,0.704841382684583,208.55200000000002,417.10400000000004,2015_nk_217,Nush,2015
399,1.4599361740619,0.704503068633344,209.07600000000002,418.15200000000004,2015_nk_217,Nush,2015
400,1.39479232277495,0.704642443508592,209.6,419.2,2015_nk_217,Nush,2015
401,1.31734892133848,0.705201052133234,210.124,420.248,2015_nk_217,Nush,2015
402,1.31718852284063,0.705627610087809,210.648,421.296,2015_nk_217,Nush,2015
403,1.41274269631614,0.70440625250038,211.172,422.344,2015_nk_217,Nush,2015
404,1.38858202060287,0.703868466414832,211.696,423.392,2015_nk_217,Nush,2015
405,1.32298496186741,0.704285092157296,212.22,424.44,2015_nk_217,Nush,2015
406,1.22553670789971,0.705246380427631,212.744,425.488,2015_nk_217,Nush,2015
407,1.22937372615935,0.704263623591533,213.268,426.536,2015_nk_217,Nush,2015
408,1.32798718759027,0.704429597967072,213.792,427.584,2015_nk_217,Nush,2015
409,1.31943782322906,0.704896784929355,214.316,428.632,2015_nk_217,Nush,2015
410,1.25514948396407,0.705239597491544,214.84,429.68,2015_nk_217,Nush,2015
411,1.22087576228833,0.704223241369357,215.364,430.728,2015_nk_217,Nush,2015
412,1.25234123594988,0.705857847389771,215.888,431.776,2015_nk_217,Nush,2015
413,1.27397819000923,0.704414994639511,216.412,432.824,2015_nk_217,Nush,2015
414,1.28014267567477,0.705615162024977,216.936,433.872,2015_nk_217,Nush,2015
415,1.25331197975952,0.704709233952973,217.46,434.92,2015_nk_217,Nush,2015
416,1.18436755093587,0.705277029136588,217.984,435.968,2015_nk_217,Nush,2015
417,1.18343573918933,0.704607278544349,218.508,437.016,2015_nk_217,Nush,2015
418,1.23518122796356,0.704514204584116,219.032,438.064,2015_nk_217,Nush,2015
419,1.24787300232683,0.70528626505313,219.556,439.112,2015_nk_217,Nush,2015
420,1.18991827986127,0.705572521240057,220.08,440.16,2015_nk_217,Nush,2015
421,1.1794750268815,0.704483746287102,220.604,441.208,2015_nk_217,Nush,2015
422,1.22044288484395,0.705182256648995,221.12800000000001,442.25600000000003,2015_nk_217,Nush,2015
423,1.24757410072087,0.705732366424633,221.65200000000002,443.30400000000003,2015_nk_217,Nush,2015
424,1.26522102145101,0.704945998886846,222.17600000000002,444.35200000000003,2015_nk_217,Nush,2015
425,1.20208819575779,0.705345309866914,222.70000000000002,445.40000000000003,2015_nk_217,Nush,2015
426,1.17558749230643,0.704755223299005,223.22400000000002,446.44800000000004,2015_nk_217,Nush,2015
427,1.17932438423562,0.705082413175351,223.74800000000002,447.49600000000004,2015_nk_217,Nush,2015
428,1.19386088398571,0.704289054450654,224.27200000000002,448.54400000000004,2015_nk_217,Nush,2015
429,1.20738864447038,0.706104419062229,224.79600000000002,449.59200000000004,2015_nk_217,Nush,2015
430,1.17232963155458,0.705367585584589,225.32000000000002,450.64000000000004,2015_nk_217,Nush,2015
431,1.15424933403786,0.705309182637893,225.844,451.688,2015_nk_217,Nush,2015
432,1.18552967837205,0.705108697571599,226.368,452.736,2015_nk_217,Nush,2015
433,1.23782834798668,0.705089837686598,226.892,453.784,2015_nk_217,Nush,2015
434,1.23689922810305,0.705802068952618,227.416,454.832,2015_nk_217,Nush,2015
435,1.18032440585029,0.705144094998659,227.94,455.88,2015_nk_217,Nush,2015
436,1.14385967282478,0.705169113226493,228.464,456.928,2015_nk_217,Nush,2015
437,1.15648432292085,0.705183236264593,228.988,457.976,2015_nk_217,Nush,2015
438,1.16233289295176,0.7042560979441,229.512,459.024,2015_nk_217,Nush,2015
439,1.09709585649278,0.705480392516279,230.036,460.072,2015_nk_217,Nush,2015
440,1.05380869126794,0.704497374114067,230.56,461.12,2015_nk_217,Nush,2015
441,1.06649385245524,0.705188891129879,231.084,462.168,2015_nk_217,Nush,2015
442,1.11199603766775,0.704346426059163,231.608,463.216,2015_nk_217,Nush,2015
443,1.11359931872183,0.705281718592097,232.132,464.264,2015_nk_217,Nush,2015
444,1.07600162748783,0.705096453732435,232.656,465.312,2015_nk_217,Nush,2015
445,1.05278260569831,0.704822933221027,233.18,466.36,2015_nk_217,Nush,2015
446,1.08565412116734,0.705322335400539,233.704,467.408,2015_nk_217,Nush,2015
447,1.08658026466182,0.704355124597294,234.228,468.456,2015_nk_217,Nush,2015
448,1.07973700532146,0.705336423639826,234.752,469.504,2015_nk_217,Nush,2015
449,1.06656378672149,0.704048657051095,235.276,470.552,2015_nk_217,Nush,2015
450,1.0472739469887,0.703250326070926,235.8,471.6,2015_nk_217,Nush,2015
451,1.04916581095427,0.704251023663092,236.324,472.648,2015_nk_217,Nush,2015
452,1.07233101235802,0.703854823907397,236.848,473.696,2015_nk_217,Nush,2015
453,1.07595379493808,0.704404530478424,237.372,474.744,2015_nk_217,Nush,2015
454,1.0582365923883,0.703951731663525,237.89600000000002,475.79200000000003,2015_nk_217,Nush,2015
455,1.04158755723587,0.704051872590359,238.42000000000002,476.84000000000003,2015_nk_217,Nush,2015
456,1.04604898979639,0.705154115056605,238.94400000000002,477.88800000000003,2015_nk_217,Nush,2015
457,1.04660744191622,0.704573519710568,239.46800000000002,478.93600000000004,2015_nk_217,Nush,2015
458,1.05865829198375,0.70408518894358,239.99200000000002,479.98400000000004,2015_nk_217,Nush,2015
459,1.04260885189109,0.704384691755427,240.51600000000002,481.03200000000004,2015_nk_217,Nush,2015
460,1.02767990011061,0.704068247884003,241.04000000000002,482.08000000000004,2015_nk_217,Nush,2015
461,1.04245496362948,0.703599053069992,241.56400000000002,483.12800000000004,2015_nk_217,Nush,2015
462,1.04975657131287,0.704482526143747,242.08800000000002,484.17600000000004,2015_nk_217,Nush,2015
463,1.03511408055689,0.704554183002073,242.61200000000002,485.22400000000005,2015_nk_217,Nush,2015
464,1.01524093571768,0.704511916808771,243.136,486.272,2015_nk_217,Nush,2015
465,1.03236781756241,0.704713452911121,243.66,487.32,2015_nk_217,Nush,2015
466,1.03195007034492,0.704321365677112,244.184,488.368,2015_nk_217,Nush,2015
467,1.03298888977772,0.704763384507733,244.708,489.416,2015_nk_217,Nush,2015
468,1.02735781130555,0.705182760310519,245.232,490.464,2015_nk_217,Nush,2015
469,1.0181270043741,0.704481273509853,245.756,491.512,2015_nk_217,Nush,2015
470,1.0251921324038,0.704116684330084,246.28,492.56,2015_nk_217,Nush,2015
471,1.04521061235975,0.7047826717094,246.804,493.608,2015_nk_217,Nush,2015
472,1.04212556520429,0.705290733106209,247.328,494.656,2015_nk_217,Nush,2015
473,1.00707926545987,0.704758300699175,247.852,495.704,2015_nk_217,Nush,2015
474,0.996548439795871,0.703327884755755,248.376,496.752,2015_nk_217,Nush,2015
475,1.00451857459284,0.70590893031296,248.9,497.8,2015_nk_217,Nush,2015
476,1.01502906963915,0.70575866505969,249.424,498.848,2015_nk_217,Nush,2015
477,0.997559374635659,0.704644871424263,249.948,499.896,2015_nk_217,Nush,2015
478,0.986119300822871,0.704605425540018,250.472,500.944,2015_nk_217,Nush,2015
479,0.995789176491972,0.705481876677032,250.996,501.992,2015_nk_217,Nush,2015
480,1.03269381262737,0.704530967815965,251.52,503.04,2015_nk_217,Nush,2015
481,1.01293537510082,0.704114262206201,252.044,504.088,2015_nk_217,Nush,2015
482,0.953662928200142,0.704578742843754,252.568,505.136,2015_nk_217,Nush,2015
483,0.931980036734761,0.704760294129952,253.092,506.184,2015_nk_217,Nush,2015
484,0.965086553248139,0.70501456162352,253.616,507.232,2015_nk_217,Nush,2015
485,0.982412132108723,0.704861795708586,254.14000000000001,508.28000000000003,2015_nk_217,Nush,2015
486,0.981287036946844,0.704559495402332,254.66400000000002,509.32800000000003,2015_nk_217,Nush,2015
487,0.984710469931297,0.705546313618479,255.18800000000002,510.37600000000003,2015_nk_217,Nush,2015
488,1.0019568344172,0.704606592160891,255.71200000000002,511.42400000000004,2015_nk_217,Nush,2015
489,1.0009452787575,0.704706484649212,256.236,512.472,2015_nk_217,Nush,2015
490,1.03251549722214,0.704756817561302,256.76,513.52,2015_nk_217,Nush,2015
491,1.01784660933025,0.70551180972138,257.284,514.568,2015_nk_217,Nush,2015
492,1.00926274666212,0.705222862182213,257.808,515.616,2015_nk_217,Nush,2015
493,1.01111379382626,0.705277668934818,258.332,516.664,2015_nk_217,Nush,2015
494,1.01033601017209,0.704830192733619,258.856,517.712,2015_nk_217,Nush,2015
495,1.02435143500255,0.704641168707331,259.38,518.76,2015_nk_217,Nush,2015
496,1.01440330867207,0.705937264537691,259.904,519.808,2015_nk_217,Nush,2015
497,0.993599762411782,0.70448870266817,260.428,520.856,2015_nk_217,Nush,2015
498,0.984021603329993,0.70535553192447,260.952,521.904,2015_nk_217,Nush,2015
499,0.984129959137226,0.704618204403683,261.476,522.952,2015_nk_217,Nush,2015
500,1.01032671145456,0.704098187625087,262,524,2015_nk_217,Nush,2015
501,1.02257386298129,0.704407026552406,262.524,525.048,2015_nk_217,Nush,2015
502,1.01302411473681,0.705119926151208,263.048,526.096,2015_nk_217,Nush,2015
503,1.00248498280467,0.705455052853241,263.572,527.144,2015_nk_217,Nush,2015
504,1.01067321318267,0.704885456132523,264.096,528.192,2015_nk_217,Nush,2015
505,1.03684849357748,0.704369969073739,264.62,529.24,2015_nk_217,Nush,2015
506,1.03904592122763,0.704689700649029,265.144,530.288,2015_nk_217,Nush,2015
507,1.0502624475429,0.705073310885933,265.668,531.336,2015_nk_217,Nush,2015
508,1.03924982212062,0.706425691870064,266.192,532.384,2015_nk_217,Nush,2015
509,1.02543832272829,0.704407848762468,266.716,533.432,2015_nk_217,Nush,2015
510,1.00181707212152,0.705472797874403,267.24,534.48,2015_nk_217,Nush,2015
511,0.996242554274283,0.703421904299689,267.764,535.528,2015_nk_217,Nush,2015
512,0.988814059024484,0.704864867510945,268.288,536.576,2015_nk_217,Nush,2015
513,0.999942240434391,0.704370012547344,268.812,537.624,2015_nk_217,Nush,2015
514,1.01273823443623,0.703971959760703,269.336,538.672,2015_nk_217,Nush,2015
515,1.02490933270029,0.704575580396936,269.86,539.72,2015_nk_217,Nush,2015
516,1.00159034270281,0.704184196687076,270.384,540.768,2015_nk_217,Nush,2015
517,1.00235159080072,0.70478002689679,270.908,541.816,2015_nk_217,Nush,2015
518,1.00354150621958,0.703731557732275,271.432,542.864,2015_nk_217,Nush,2015
519,0.991401586682954,0.705483373904622,271.956,543.912,2015_nk_217,Nush,2015
520,0.992352237947398,0.703767384637685,272.48,544.96,2015_nk_217,Nush,2015
521,0.980442536427662,0.704355861858193,273.004,546.008,2015_nk_217,Nush,2015
522,0.984487660166709,0.70553576385832,273.528,547.056,2015_nk_217,Nush,2015
523,0.982735515565997,0.705344127521046,274.052,548.104,2015_nk_217,Nush,2015
524,0.968321772958519,0.704210781228143,274.576,549.152,2015_nk_217,Nush,2015
525,0.965749222963474,0.704871514990207,275.1,550.2,2015_nk_217,Nush,2015
526,0.969950338432073,0.704946248036709,275.624,551.248,2015_nk_217,Nush,2015
527,0.964370950278872,0.705905094634281,276.148,552.296,2015_nk_217,Nush,2015
528,0.985854445129203,0.703295595084521,276.672,553.344,2015_nk_217,Nush,2015
529,0.990433090177298,0.704723729147554,277.196,554.392,2015_nk_217,Nush,2015
530,0.997959169099971,0.704866079252895,277.72,555.44,2015_nk_217,Nush,2015
531,0.977474613694641,0.704918032656738,278.244,556.488,2015_nk_217,Nush,2015
532,0.986146604558565,0.704600050756913,278.76800000000003,557.5360000000001,2015_nk_217,Nush,2015
533,0.98434031942129,0.704739894028283,279.29200000000003,558.5840000000001,2015_nk_217,Nush,2015
534,0.972642106252226,0.704512753401508,279.81600000000003,559.6320000000001,2015_nk_217,Nush,2015
535,0.957251304842183,0.705309348630092,280.34000000000003,560.6800000000001,2015_nk_217,Nush,2015
536,0.967355925450449,0.705002284108957,280.86400000000003,561.7280000000001,2015_nk_217,Nush,2015
537,0.98345408241951,0.704161015192745,281.38800000000003,562.7760000000001,2015_nk_217,Nush,2015
538,0.954834698377627,0.706885484836407,281.91200000000003,563.8240000000001,2015_nk_217,Nush,2015
539,0.935675659409901,0.703617952446093,282.43600000000004,564.8720000000001,2015_nk_217,Nush,2015
540,0.922719397462282,0.704487589268631,282.96000000000004,565.9200000000001,2015_nk_217,Nush,2015
541,0.93603182686807,0.704678050279532,283.48400000000004,566.9680000000001,2015_nk_217,Nush,2015
542,0.930236200633517,0.705011835539824,284.00800000000004,568.0160000000001,2015_nk_217,Nush,2015
543,0.931551326346328,0.705290638221058,284.53200000000004,569.0640000000001,2015_nk_217,Nush,2015
544,0.934887311369663,0.704861712031239,285.05600000000004,570.1120000000001,2015_nk_217,Nush,2015
545,0.918479283791019,0.705737229834749,285.58000000000004,571.1600000000001,2015_nk_217,Nush,2015
546,0.914408989979439,0.704097646714263,286.10400000000004,572.2080000000001,2015_nk_217,Nush,2015
547,0.935776715728607,0.704813184460562,286.62800000000004,573.2560000000001,2015_nk_217,Nush,2015
548,0.947313643003759,0.703604973446725,287.15200000000004,574.3040000000001,2015_nk_217,Nush,2015
549,0.966172036911299,0.704186802938146,287.67600000000004,575.3520000000001,2015_nk_217,Nush,2015
550,0.969721551563068,0.70504862687728,288.20000000000005,576.4000000000001,2015_nk_217,Nush,2015
551,0.980966799051901,0.704642543524819,288.72400000000005,577.4480000000001,2015_nk_217,Nush,2015
552,0.972848472396202,0.705714798505327,289.248,578.496,2015_nk_217,Nush,2015
553,0.947590068349669,0.705588789223066,289.772,579.544,2015_nk_217,Nush,2015
554,0.945843688246042,0.706264676443308,290.296,580.592,2015_nk_217,Nush,2015
555,0.935911933032428,0.705094152444067,290.82,581.64,2015_nk_217,Nush,2015
556,0.936254214121481,0.705367184530728,291.344,582.688,2015_nk_217,Nush,2015
557,0.925627813172394,0.70499234911058,291.868,583.736,2015_nk_217,Nush,2015
558,0.920716839415063,0.704944377448523,292.392,584.784,2015_nk_217,Nush,2015
559,0.917833665333821,0.704826184047603,292.916,585.832,2015_nk_217,Nush,2015
560,0.932720484706453,0.703140186175593,293.44,586.88,2015_nk_217,Nush,2015
561,0.964568858144426,0.705592456394262,293.964,587.928,2015_nk_217,Nush,2015
562,0.968430382122552,0.704962955654438,294.488,588.976,2015_nk_217,Nush,2015
563,0.98421069997,0.705714202538328,295.012,590.024,2015_nk_217,Nush,2015
564,1.01462259946013,0.705565534702854,295.536,591.072,2015_nk_217,Nush,2015
565,1.02070403534887,0.704916326224092,296.06,592.12,2015_nk_217,Nush,2015
566,1.00368018256519,0.705286394449438,296.584,593.168,2015_nk_217,Nush,2015
567,0.960563647327033,0.704580273350366,297.108,594.216,2015_nk_217,Nush,2015
568,0.956986070853782,0.704520558379981,297.632,595.264,2015_nk_217,Nush,2015
569,0.966095280681521,0.703835486935474,298.156,596.312,2015_nk_217,Nush,2015
570,0.995692473714356,0.705263107591001,298.68,597.36,2015_nk_217,Nush,2015
571,0.969614749464488,0.704593311949447,299.204,598.408,2015_nk_217,Nush,2015
572,0.963281875155941,0.704566863857303,299.728,599.456,2015_nk_217,Nush,2015
573,0.968251251797468,0.704173638885724,300.252,600.504,2015_nk_217,Nush,2015
574,0.976370648473559,0.705061464497009,300.776,601.552,2015_nk_217,Nush,2015
575,0.977222281427251,0.704961575606222,301.3,602.6,2015_nk_217,Nush,2015
576,0.959385667340014,0.703970723554231,301.824,603.648,2015_nk_217,Nush,2015
577,0.920647500066112,0.704421372592489,302.348,604.696,2015_nk_217,Nush,2015
578,0.934399456594937,0.705656218491218,302.872,605.744,2015_nk_217,Nush,2015
579,0.938676203362656,0.704992755912321,303.396,606.792,2015_nk_217,Nush,2015
580,0.934259671934293,0.70450235798748,303.92,607.84,2015_nk_217,Nush,2015
581,0.919281247761114,0.704659787560113,304.444,608.888,2015_nk_217,Nush,2015
582,0.921032028389339,0.705079246547282,304.968,609.936,2015_nk_217,Nush,2015
583,0.955090423899131,0.705376404720617,305.492,610.984,2015_nk_217,Nush,2015
584,0.941163643365467,0.704450720077567,306.016,612.032,2015_nk_217,Nush,2015
585,0.924106203016243,0.705417829058557,306.54,613.08,2015_nk_217,Nush,2015
586,0.90606914805523,0.705078905012249,307.064,614.128,2015_nk_217,Nush,2015
587,0.923018352031628,0.706503553422667,307.588,615.176,2015_nk_217,Nush,2015
588,0.90837505878855,0.70542318217308,308.112,616.224,2015_nk_217,Nush,2015
589,0.917740121220233,0.704924150145863,308.636,617.272,2015_nk_217,Nush,2015
590,0.941640532968761,0.70595855082485,309.16,618.32,2015_nk_217,Nush,2015
591,0.935136345813266,0.705688222951803,309.684,619.368,2015_nk_217,Nush,2015
592,0.931552022202809,0.703811085055343,310.208,620.416,2015_nk_217,Nush,2015
593,0.933749797797848,0.705085137217204,310.732,621.464,2015_nk_217,Nush,2015
594,0.931323799051784,0.705424986488743,311.25600000000003,622.5120000000001,2015_nk_217,Nush,2015
595,0.933147796762198,0.705091115275655,311.78000000000003,623.5600000000001,2015_nk_217,Nush,2015
596,0.957818595783848,0.704699230204421,312.30400000000003,624.6080000000001,2015_nk_217,Nush,2015
597,0.96076657561065,0.703791676080615,312.82800000000003,625.6560000000001,2015_nk_217,Nush,2015
598,0.946048349288715,0.705346492849275,313.35200000000003,626.7040000000001,2015_nk_217,Nush,2015
599,0.93179976817536,0.70554413394682,313.87600000000003,627.7520000000001,2015_nk_217,Nush,2015
600,0.930345846051297,0.70582774704202,314.40000000000003,628.8000000000001,2015_nk_217,Nush,2015
601,0.942396634327973,0.70474145096062,314.92400000000004,629.8480000000001,2015_nk_217,Nush,2015
602,0.940113635909178,0.705411563414408,315.44800000000004,630.8960000000001,2015_nk_217,Nush,2015
603,0.935334558771883,0.703685574596994,315.97200000000004,631.9440000000001,2015_nk_217,Nush,2015
604,0.922199064285466,0.703823136489729,316.49600000000004,632.9920000000001,2015_nk_217,Nush,2015
605,0.920961286969622,0.705316079702937,317.02000000000004,634.0400000000001,2015_nk_217,Nush,2015
606,0.927961263878818,0.705079122543522,317.54400000000004,635.0880000000001,2015_nk_217,Nush,2015
607,0.929819623121404,0.70484047785431,318.06800000000004,636.1360000000001,2015_nk_217,Nush,2015
608,0.904281981235893,0.704857051238596,318.592,637.184,2015_nk_217,Nush,2015
609,0.914802913904622,0.705435438229322,319.116,638.232,2015_nk_217,Nush,2015
610,0.92696663739075,0.704144480333661,319.64,639.28,2015_nk_217,Nush,2015
611,0.938410851301519,0.705622939320373,320.164,640.328,2015_nk_217,Nush,2015
612,0.93274903793286,0.705952544697084,320.688,641.376,2015_nk_217,Nush,2015
613,0.908505521090919,0.705222654143333,321.212,642.424,2015_nk_217,Nush,2015
614,0.90803894813106,0.704650676454236,321.736,643.472,2015_nk_217,Nush,2015
615,0.916714648879918,0.704340826496521,322.26,644.52,2015_nk_217,Nush,2015
616,0.925034189294592,0.705131721347199,322.784,645.568,2015_nk_217,Nush,2015
617,0.940641862875955,0.704203392231619,323.308,646.616,2015_nk_217,Nush,2015
618,0.94476685955639494,0.703816662032789,323.832,647.664,2015_nk_217,Nush,2015
619,0.961637465449987,0.704467212521936,324.356,648.712,2015_nk_217,Nush,2015
620,0.932343773641989,0.70464096104668,324.88,649.76,2015_nk_217,Nush,2015
621,0.931568026993354,0.705092247828552,325.404,650.808,2015_nk_217,Nush,2015
622,0.924965429302855,0.704225811426277,325.928,651.856,2015_nk_217,Nush,2015
623,0.938127721151148,0.705123821717638,326.452,652.904,2015_nk_217,Nush,2015
624,0.961282519033499,0.704937787246731,326.976,653.952,2015_nk_217,Nush,2015
625,0.945433574560097,0.704890623254659,327.5,655,2015_nk_217,Nush,2015
626,0.923184703647558,0.704931985096842,328.024,656.048,2015_nk_217,Nush,2015
627,0.911956121638223,0.706352270442898,328.548,657.096,2015_nk_217,Nush,2015
628,0.917036308190911,0.705356444218276,329.072,658.144,2015_nk_217,Nush,2015
629,0.91165570912283,0.704811382049374,329.596,659.192,2015_nk_217,Nush,2015
630,0.892357973830594,0.705429533469977,330.12,660.24,2015_nk_217,Nush,2015
631,0.877737077202404,0.704963325687924,330.644,661.288,2015_nk_217,Nush,2015
632,0.876393853015371,0.705112341586293,331.168,662.336,2015_nk_217,Nush,2015
633,0.898632899385344,0.70480771631359,331.692,663.384,2015_nk_217,Nush,2015
634,0.900272030020853,0.705600410657091,332.216,664.432,2015_nk_217,Nush,2015
635,0.911313304039764,0.705487566676488,332.74,665.48,2015_nk_217,Nush,2015
636,0.918624873448218,0.705373178395147,333.264,666.528,2015_nk_217,Nush,2015
637,0.91166504857539,0.703628996778434,333.788,667.576,2015_nk_217,Nush,2015
638,0.902263606051493,0.705086110598536,334.312,668.624,2015_nk_217,Nush,2015
639,0.915343088734743,0.706249886258392,334.836,669.672,2015_nk_217,Nush,2015
640,0.923082248074748,0.705301815167904,335.36,670.72,2015_nk_217,Nush,2015
641,0.928957264400523,0.704296471428111,335.884,671.768,2015_nk_217,Nush,2015
642,0.920825708858027,0.70430510671214,336.408,672.816,2015_nk_217,Nush,2015
643,0.906414905491791,0.704170654046807,336.932,673.864,2015_nk_217,Nush,2015
644,0.925362406673743,0.704386170325472,337.456,674.912,2015_nk_217,Nush,2015
645,0.947079596900181,0.703476091121462,337.98,675.96,2015_nk_217,Nush,2015
646,0.941508106302587,0.705100482190669,338.504,677.008,2015_nk_217,Nush,2015
647,0.934217495147387,0.704051746333557,339.028,678.056,2015_nk_217,Nush,2015
648,0.937491206285783,0.703753893558677,339.552,679.104,2015_nk_217,Nush,2015
649,0.955251108192557,0.705149049049777,340.076,680.152,2015_nk_217,Nush,2015
650,0.960553800564064,0.70503071236345,340.6,681.2,2015_nk_217,Nush,2015
651,0.943324979228091,0.705117008523048,341.124,682.248,2015_nk_217,Nush,2015
652,0.923845584409987,0.705607106797601,341.648,683.296,2015_nk_217,Nush,2015
653,0.923355012216893,0.704613960217153,342.172,684.344,2015_nk_217,Nush,2015
654,0.940582152860133,0.705305475166094,342.696,685.392,2015_nk_217,Nush,2015
655,0.935546735620591,0.704434262945236,343.22,686.44,2015_nk_217,Nush,2015
656,0.912183148214744,0.704861814738587,343.744,687.488,2015_nk_217,Nush,2015
657,0.887096064284465,0.704514553879353,344.26800000000003,688.5360000000001,2015_nk_217,Nush,2015
658,0.878283835201898,0.705837710395708,344.79200000000003,689.5840000000001,2015_nk_217,Nush,2015
659,0.889859635306949,0.706320763910006,345.31600000000003,690.6320000000001,2015_nk_217,Nush,2015
660,0.899446378221921,0.703290533304541,345.84000000000003,691.6800000000001,2015_nk_217,Nush,2015
661,0.890690560777481,0.705928540902403,346.36400000000003,692.7280000000001,2015_nk_217,Nush,2015
662,0.881120347095583,0.7043296477314,346.88800000000003,693.7760000000001,2015_nk_217,Nush,2015
663,0.898107118789112,0.705176466682988,347.41200000000003,694.8240000000001,2015_nk_217,Nush,2015
664,0.89515405350856,0.704128434817471,347.93600000000004,695.8720000000001,2015_nk_217,Nush,2015
665,0.888951723438096,0.704073643361916,348.46000000000004,696.9200000000001,2015_nk_217,Nush,2015
666,0.873363998679103,0.704289602407485,348.98400000000004,697.9680000000001,2015_nk_217,Nush,2015
667,0.872689731291931,0.704774477021281,349.50800000000004,699.0160000000001,2015_nk_217,Nush,2015
668,0.902362846241788,0.704758579948997,350.03200000000004,700.0640000000001,2015_nk_217,Nush,2015
669,0.90866050347871,0.703784907124752,350.55600000000004,701.1120000000001,2015_nk_217,Nush,2015
670,0.900345611777884,0.705081242157191,351.08000000000004,702.1600000000001,2015_nk_217,Nush,2015
671,0.891055743226187,0.703704260765362,351.604,703.208,2015_nk_217,Nush,2015
672,0.915696818791394,0.705481700972905,352.128,704.256,2015_nk_217,Nush,2015
673,0.928134341863872,0.704784578512142,352.652,705.304,2015_nk_217,Nush,2015
674,0.897207404588131,0.703607142587216,353.176,706.352,2015_nk_217,Nush,2015
675,0.876332711883919,0.7036367572529,353.7,707.4,2015_nk_217,Nush,2015
676,0.886964446845028,0.704585402872408,354.224,708.448,2015_nk_217,Nush,2015
677,0.926657589105552,0.705260954208928,354.748,709.496,2015_nk_217,Nush,2015
678,0.92902055860632,0.704918832984516,355.272,710.544,2015_nk_217,Nush,2015
679,0.900023630408189,0.704323592832652,355.796,711.592,2015_nk_217,Nush,2015
680,0.88225640847504,0.706391658885363,356.32,712.64,2015_nk_217,Nush,2015
681,0.904524255610546,0.705135972623212,356.844,713.688,2015_nk_217,Nush,2015
682,0.928876237912449,0.703708636902907,357.368,714.736,2015_nk_217,Nush,2015
683,0.909546879245244,0.703115022339841,357.892,715.784,2015_nk_217,Nush,2015
684,0.859686471290545,0.705329242187953,358.416,716.832,2015_nk_217,Nush,2015
685,0.874467965581219,0.704418568582328,358.94,717.88,2015_nk_217,Nush,2015
686,0.906193707838202,0.705613288153847,359.464,718.928,2015_nk_217,Nush,2015
687,0.915671563798609,0.706618110142588,359.988,719.976,2015_nk_217,Nush,2015
688,0.872951074580414,0.705953860140958,360.512,721.024,2015_nk_217,Nush,2015
689,0.87102521471785,0.704820898541564,361.036,722.072,2015_nk_217,Nush,2015
690,0.888959606915067,0.704280668646044,361.56,723.12,2015_nk_217,Nush,2015
691,0.905227873815491,0.704529333892435,362.084,724.168,2015_nk_217,Nush,2015
692,0.904585261382501,0.704496662752521,362.608,725.216,2015_nk_217,Nush,2015
693,0.876786038040732,0.704507581071953,363.132,726.264,2015_nk_217,Nush,2015
694,0.870412674710728,0.70334873444415,363.656,727.312,2015_nk_217,Nush,2015
695,0.876668507922729,0.703607725544628,364.18,728.36,2015_nk_217,Nush,2015
696,0.868402506980836,0.705177862235821,364.704,729.408,2015_nk_217,Nush,2015
697,0.852913287221849,0.704155156942723,365.228,730.456,2015_nk_217,Nush,2015
698,0.875032628839703,0.704330170173514,365.752,731.504,2015_nk_217,Nush,2015
699,0.890989838795473,0.707263142915833,366.276,732.552,2015_nk_217,Nush,2015
700,0.897873538175097,0.705260853159104,366.8,733.6,2015_nk_217,Nush,2015
701,0.885411996069731,0.704699863140252,367.324,734.648,2015_nk_217,Nush,2015
702,0.89479106348948,0.704624866250593,367.848,735.696,2015_nk_217,Nush,2015
703,0.907790125266888,0.704161408325951,368.372,736.744,2015_nk_217,Nush,2015
704,0.954310056383652,0.704249035778487,368.896,737.792,2015_nk_217,Nush,2015
705,0.946007799586881,0.706031429951808,369.42,738.84,2015_nk_217,Nush,2015
706,0.899956456155865,0.704759226405002,369.944,739.888,2015_nk_217,Nush,2015
707,0.88550067219045,0.705772785673421,370.468,740.936,2015_nk_217,Nush,2015
708,0.899340321158999,0.705187616343802,370.992,741.984,2015_nk_217,Nush,2015
709,0.92040899793203,0.703794342280927,371.516,743.032,2015_nk_217,Nush,2015
710,0.903628066085166,0.70437570458903,372.04,744.08,2015_nk_217,Nush,2015
711,0.864030038062653,0.702232169163715,372.564,745.128,2015_nk_217,Nush,2015
712,0.853050806057425,0.704882842853664,373.088,746.176,2015_nk_217,Nush,2015
713,0.887015858474087,0.705025160867578,373.612,747.224,2015_nk_217,Nush,2015
714,0.904256481029337,0.706016679682048,374.136,748.272,2015_nk_217,Nush,2015
715,0.8919983004424,0.704873675725219,374.66,749.32,2015_nk_217,Nush,2015
716,0.872174008311979,0.704662516717298,375.184,750.368,2015_nk_217,Nush,2015
717,0.88698912419767,0.703544863718757,375.708,751.416,2015_nk_217,Nush,2015
718,0.913913102394596,0.706822885609355,376.232,752.464,2015_nk_217,Nush,2015
719,0.924650147245677,0.705591194385293,376.75600000000003,753.5120000000001,2015_nk_217,Nush,2015
720,0.893037898522029,0.704376335974475,377.28000000000003,754.5600000000001,2015_nk_217,Nush,2015
721,0.890440752436135,0.705954379044648,377.80400000000003,755.6080000000001,2015_nk_217,Nush,2015
722,0.931076133784069,0.705001132096416,378.32800000000003,756.6560000000001,2015_nk_217,Nush,2015
723,0.956320912450235,0.705574000754897,378.85200000000003,757.7040000000001,2015_nk_217,Nush,2015
724,0.918186415420067,0.705059568839952,379.37600000000003,758.7520000000001,2015_nk_217,Nush,2015
725,0.864611539981535,0.704968376789574,379.90000000000003,759.8000000000001,2015_nk_217,Nush,2015
726,0.887580821916701,0.705040942906244,380.42400000000004,760.8480000000001,2015_nk_217,Nush,2015
727,0.92156582081155,0.705897434751572,380.94800000000004,761.8960000000001,2015_nk_217,Nush,2015
728,0.914793566493145,0.704768506416869,381.47200000000004,762.9440000000001,2015_nk_217,Nush,2015
729,0.872895117172747,0.703444140929733,381.99600000000004,763.9920000000001,2015_nk_217,Nush,2015
730,0.878023236837883,0.704411379697921,382.52000000000004,765.0400000000001,2015_nk_217,Nush,2015
731,0.940332863641951,0.70499147337395,383.04400000000004,766.0880000000001,2015_nk_217,Nush,2015
732,0.917879400202083,0.703808192983275,383.56800000000004,767.1360000000001,2015_nk_217,Nush,2015
733,0.853985676954674,0.705540137815285,384.09200000000004,768.1840000000001,2015_nk_217,Nush,2015
734,0.838615298272582,0.705080417859994,384.61600000000004,769.2320000000001,2015_nk_217,Nush,2015
735,0.893784038342255,0.704225526489228,385.14000000000004,770.2800000000001,2015_nk_217,Nush,2015
736,0.933514263239279,0.703458394603235,385.664,771.328,2015_nk_217,Nush,2015
737,0.898345210371219,0.705355435263783,386.188,772.376,2015_nk_217,Nush,2015
738,0.848202565417087,0.704838264689726,386.712,773.424,2015_nk_217,Nush,2015
739,0.834912606847288,0.706073680859214,387.236,774.472,2015_nk_217,Nush,2015
740,0.890178980573294,0.704350096327868,387.76,775.52,2015_nk_217,Nush,2015
741,0.93032774528795,0.705373910720178,388.284,776.568,2015_nk_217,Nush,2015
742,0.902366636800745,0.703775142927933,388.808,777.616,2015_nk_217,Nush,2015
743,0.871188103202122,0.705822853571654,389.332,778.664,2015_nk_217,Nush,2015
744,0.886784177916614,0.705513727300336,389.856,779.712,2015_nk_217,Nush,2015
745,0.912051489206905,0.703800891247512,390.38,780.76,2015_nk_217,Nush,2015
746,0.869442674111419,0.70432827545391,390.904,781.808,2015_nk_217,Nush,2015
747,0.831992951651836,0.705626790364339,391.428,782.856,2015_nk_217,Nush,2015
748,0.855820351624527,0.704558618126054,391.952,783.904,2015_nk_217,Nush,2015
749,0.904958245235124,0.704218166866721,392.476,784.952,2015_nk_217,Nush,2015
750,0.892450053655949,0.703971870319452,393,786,2015_nk_217,Nush,2015
751,0.848715450163845,0.705154142685204,393.524,787.048,2015_nk_217,Nush,2015
752,0.86633736453352,0.706086003851428,394.048,788.096,2015_nk_217,Nush,2015
753,0.900437837629337,0.706296783192083,394.572,789.144,2015_nk_217,Nush,2015
754,0.883271686347187,0.704380326892817,395.096,790.192,2015_nk_217,Nush,2015
755,0.828814259961058,0.706513628686818,395.62,791.24,2015_nk_217,Nush,2015
756,0.809315333222854,0.704317055882325,396.144,792.288,2015_nk_217,Nush,2015
757,0.85817521903264,0.704187240662413,396.668,793.336,2015_nk_217,Nush,2015
758,0.929792829806043,0.703972091773154,397.192,794.384,2015_nk_217,Nush,2015
759,0.904398805494078,0.705444231861059,397.716,795.432,2015_nk_217,Nush,2015
760,0.850616463391263,0.705519699301976,398.24,796.48,2015_nk_217,Nush,2015
761,0.814190437329221,0.704343216180227,398.764,797.528,2015_nk_217,Nush,2015
762,0.838508103122761,0.70254850039412,399.288,798.576,2015_nk_217,Nush,2015
763,0.862641853074995,0.704277390686445,399.812,799.624,2015_nk_217,Nush,2015
764,0.839438121254037,0.706226143816133,400.336,800.672,2015_nk_217,Nush,2015
765,0.78696159073113,0.704580127898989,400.86,801.72,2015_nk_217,Nush,2015
766,0.793989295256884,0.704334654392041,401.384,802.768,2015_nk_217,Nush,2015
767,0.846183145722121,0.704656764296783,401.908,803.816,2015_nk_217,Nush,2015
768,0.844870953259084,0.704716940197736,402.432,804.864,2015_nk_217,Nush,2015
769,0.807099524718691,0.704753221128801,402.956,805.912,2015_nk_217,Nush,2015
770,0.791709246956662,0.70502775199323,403.48,806.96,2015_nk_217,Nush,2015
771,0.842410891757063,0.704460329870937,404.004,808.008,2015_nk_217,Nush,2015
772,0.867349823433548,0.704973575038198,404.528,809.056,2015_nk_217,Nush,2015
773,0.822960731890225,0.704642356575533,405.052,810.104,2015_nk_217,Nush,2015
774,0.779714270450501,0.705135912547365,405.576,811.152,2015_nk_217,Nush,2015
775,0.787615175002625,0.704897214429227,406.1,812.2,2015_nk_217,Nush,2015
776,0.815702943722819,0.705842694373913,406.624,813.248,2015_nk_217,Nush,2015
777,0.804238723050971,0.704481628914833,407.148,814.296,2015_nk_217,Nush,2015
778,0.767813756217272,0.704365174274299,407.672,815.344,2015_nk_217,Nush,2015
779,0.74747054760608,0.705467498855693,408.196,816.392,2015_nk_217,Nush,2015
780,0.77170491155207,0.702356124794192,408.72,817.44,2015_nk_217,Nush,2015
781,0.821691621548282,0.705243512089866,409.244,818.488,2015_nk_217,Nush,2015
782,0.842186434798887,0.70500007723214,409.76800000000003,819.5360000000001,2015_nk_217,Nush,2015
783,0.795145549783706,0.704640202185922,410.29200000000003,820.5840000000001,2015_nk_217,Nush,2015
784,0.741142187101552,0.70533903297937,410.81600000000003,821.6320000000001,2015_nk_217,Nush,2015
785,0.773445016114316,0.706599849248643,411.34000000000003,822.6800000000001,2015_nk_217,Nush,2015
786,0.821031052105472,0.704588296686701,411.86400000000003,823.7280000000001,2015_nk_217,Nush,2015
787,0.81408656669232,0.704987896850092,412.38800000000003,824.7760000000001,2015_nk_217,Nush,2015
788,0.740222223866645,0.706581191981698,412.91200000000003,825.8240000000001,2015_nk_217,Nush,2015
789,0.732728572697086,0.705566171512902,413.43600000000004,826.8720000000001,2015_nk_217,Nush,2015
790,0.782296527921013,0.70666055064156,413.96000000000004,827.9200000000001,2015_nk_217,Nush,2015
791,0.818644938340051,0.702828321624686,414.48400000000004,828.9680000000001,2015_nk_217,Nush,2015
792,0.775331897488391,0.703538308588931,415.00800000000004,830.0160000000001,2015_nk_217,Nush,2015
793,0.742557864688822,0.705716611400006,415.53200000000004,831.0640000000001,2015_nk_217,Nush,2015
794,0.760724602061636,0.704237690386042,416.05600000000004,832.1120000000001,2015_nk_217,Nush,2015
795,0.855233090067693,0.705290714539478,416.58000000000004,833.1600000000001,2015_nk_217,Nush,2015
796,0.854479960002021,0.704196736930492,417.10400000000004,834.2080000000001,2015_nk_217,Nush,2015
797,0.780600563839123,0.705466539047184,417.62800000000004,835.2560000000001,2015_nk_217,Nush,2015
798,0.755755839975742,0.70512126686082,418.15200000000004,836.3040000000001,2015_nk_217,Nush,2015
799,0.894191436356515,0.704822615549037,418.676,837.352,2015_nk_217,Nush,2015
800,0.992522374216715,0.70652459541871,419.2,838.4,2015_nk_217,Nush,2015
801,0.95781473459918,0.705644481894996,419.724,839.448,2015_nk_217,Nush,2015
802,0.881335511630544,0.705039204902688,420.248,840.496,2015_nk_217,Nush,2015
803,0.90863219810855,0.70734800963742,420.772,841.544,2015_nk_217,Nush,2015
804,0.98056880949473,0.706603463542794,421.296,842.592,2015_nk_217,Nush,2015
805,1.04030440965302,0.707379471081263,421.82,843.64,2015_nk_217,Nush,2015
806,0.996224772159628,0.707080665291073,422.344,844.688,2015_nk_217,Nush,2015
807,0.919424550440992,0.707283016085531,422.868,845.736,2015_nk_217,Nush,2015
808,0.960085451898034,0.706280812870823,423.392,846.784,2015_nk_217,Nush,2015
809,1.05201457954772,0.706859068698592,423.916,847.832,2015_nk_217,Nush,2015
810,1.12506381164096,0.707586701435196,424.44,848.88,2015_nk_217,Nush,2015
811,1.05901215925959,0.706420510099365,424.964,849.928,2015_nk_217,Nush,2015
812,1.04039289696534,0.707680788484609,425.488,850.976,2015_nk_217,Nush,2015
813,1.08514179208834,0.70783304564863,426.012,852.024,2015_nk_217,Nush,2015
814,1.16239301379473,0.70747466952285,426.536,853.072,2015_nk_217,Nush,2015
815,1.18228647706683,0.706951584027152,427.06,854.12,2015_nk_217,Nush,2015
816,1.14644853908008,0.707255218177962,427.584,855.168,2015_nk_217,Nush,2015
817,1.14826449766045,0.707009360659169,428.108,856.216,2015_nk_217,Nush,2015
818,1.23622118528896,0.707365914918146,428.632,857.264,2015_nk_217,Nush,2015
819,1.31190808407377,0.707392627605186,429.156,858.312,2015_nk_217,Nush,2015
820,1.30576883960263,0.707248132860324,429.68,859.36,2015_nk_217,Nush,2015
821,1.24944787125009,0.707698434424127,430.204,860.408,2015_nk_217,Nush,2015
822,1.29021560874808,0.708177904437951,430.728,861.456,2015_nk_217,Nush,2015
823,1.32345849666348,0.706978098023811,431.252,862.504,2015_nk_217,Nush,2015
824,1.39924631003426,0.707280600787312,431.776,863.552,2015_nk_217,Nush,2015
825,1.33535813866591,0.707790886327475,432.3,864.6,2015_nk_217,Nush,2015
826,1.25532537068088,0.707500858747525,432.824,865.648,2015_nk_217,Nush,2015
827,1.3518974034722,0.70840798588972,433.348,866.696,2015_nk_217,Nush,2015
828,1.44573344472642,0.707778608861314,433.872,867.744,2015_nk_217,Nush,2015
829,1.49689027274137,0.707958776725721,434.396,868.792,2015_nk_217,Nush,2015
830,1.45665874982532,0.707108095545534,434.92,869.84,2015_nk_217,Nush,2015
831,1.37416345698829,0.708342699795799,435.444,870.888,2015_nk_217,Nush,2015
832,1.43998236059271,0.707672961205731,435.968,871.936,2015_nk_217,Nush,2015
833,1.58752115539016,0.707757385911268,436.492,872.984,2015_nk_217,Nush,2015
834,1.62400270839598,0.707923088634423,437.016,874.032,2015_nk_217,Nush,2015
835,1.54515665416704,0.707866493320073,437.54,875.08,2015_nk_217,Nush,2015
836,1.53525519097886,0.708704167685975,438.064,876.128,2015_nk_217,Nush,2015
837,1.66962761109242,0.707404577530133,438.588,877.176,2015_nk_217,Nush,2015
838,1.74618227637013,0.70784356732018,439.112,878.224,2015_nk_217,Nush,2015
839,1.694282913419,0.708440595294245,439.636,879.272,2015_nk_217,Nush,2015
840,1.67359114841196,0.708275006421414,440.16,880.32,2015_nk_217,Nush,2015
841,1.70359023197678,0.708903621025403,440.684,881.368,2015_nk_217,Nush,2015
842,1.83490707303093,0.708592906651592,441.208,882.416,2015_nk_217,Nush,2015
843,1.87390782354617,0.708520994841086,441.732,883.464,2015_nk_217,Nush,2015
844,1.78203990540194,0.708738864444831,442.25600000000003,884.5120000000001,2015_nk_217,Nush,2015
845,1.66698737780516,0.709397026071082,442.78000000000003,885.5600000000001,2015_nk_217,Nush,2015
846,1.71322697660921,0.7092897912465,443.30400000000003,886.6080000000001,2015_nk_217,Nush,2015
847,1.87373832272842,0.70851916749978,443.82800000000003,887.6560000000001,2015_nk_217,Nush,2015
848,1.85964072502766,0.707961266213784,444.35200000000003,888.7040000000001,2015_nk_217,Nush,2015
849,1.73127892658106,0.708717535804408,444.87600000000003,889.7520000000001,2015_nk_217,Nush,2015
850,1.61410919760067,0.708549567851585,445.40000000000003,890.8000000000001,2015_nk_217,Nush,2015
851,1.68150703494994,0.708524881937408,445.92400000000004,891.8480000000001,2015_nk_217,Nush,2015
852,1.83399512365482,0.708948758641354,446.44800000000004,892.8960000000001,2015_nk_217,Nush,2015
853,1.89320843720707,0.708693969765082,446.97200000000004,893.9440000000001,2015_nk_217,Nush,2015
854,1.67069031756913,0.70964714397919,447.49600000000004,894.9920000000001,2015_nk_217,Nush,2015
855,1.60640170838789,0.708646184152118,448.02000000000004,896.0400000000001,2015_nk_217,Nush,2015
856,1.67979347691385,0.70885211268172,448.54400000000004,897.0880000000001,2015_nk_217,Nush,2015
857,1.7533897729988701,0.70840234101822,449.06800000000004,898.1360000000001,2015_nk_217,Nush,2015
858,1.67732435531436,0.708634497721447,449.59200000000004,899.1840000000001,2015_nk_217,Nush,2015
859,1.58995954547043,0.708865520829081,450.11600000000004,900.2320000000001,2015_nk_217,Nush,2015
860,1.66213269416267,0.709224245729467,450.64000000000004,901.2800000000001,2015_nk_217,Nush,2015
861,1.76929074357104,0.708934328503694,451.16400000000004,902.3280000000001,2015_nk_217,Nush,2015
862,1.83656306028292,0.709091729045635,451.68800000000005,903.3760000000001,2015_nk_217,Nush,2015
863,1.79572219680981,0.709066258460281,452.21200000000005,904.4240000000001,2015_nk_217,Nush,2015
864,1.69584872081818,0.708829432777802,452.736,905.472,2015_nk_217,Nush,2015
865,1.69108304800863,0.709955115608654,453.26,906.52,2015_nk_217,Nush,2015
866,1.78153192788572,0.708746440261636,453.784,907.568,2015_nk_217,Nush,2015
867,1.79108102138351,0.709262233166996,454.308,908.616,2015_nk_217,Nush,2015
868,1.73106433831603,0.709249612685476,454.832,909.664,2015_nk_217,Nush,2015
869,1.71708392245248,0.70872640766073,455.356,910.712,2015_nk_217,Nush,2015
870,1.77604232779795,0.709188039345222,455.88,911.76,2015_nk_217,Nush,2015
871,1.87627570868943,0.708478358245602,456.404,912.808,2015_nk_217,Nush,2015
872,1.83917838778369,0.708942750915844,456.928,913.856,2015_nk_217,Nush,2015
873,1.78862756574247,0.709365432218807,457.452,914.904,2015_nk_217,Nush,2015
874,1.7765372227186,0.709022178930803,457.976,915.952,2015_nk_217,Nush,2015
875,1.82484940071458,0.709106834720223,458.5,917,2015_nk_217,Nush,2015
876,1.88958802754811,0.709686583549843,459.024,918.048,2015_nk_217,Nush,2015
877,1.8884836992651,0.709466833056182,459.548,919.096,2015_nk_217,Nush,2015
878,1.82414605072335,0.709152409474367,460.072,920.144,2015_nk_217,Nush,2015
879,1.82277622787237,0.709174843627877,460.596,921.192,2015_nk_217,Nush,2015
880,1.90916418565465,0.708380990248055,461.12,922.24,2015_nk_217,Nush,2015
881,1.94577140630971,0.709256096239004,461.644,923.288,2015_nk_217,Nush,2015
882,1.89361131827129,0.70840802509482,462.168,924.336,2015_nk_217,Nush,2015
883,1.8597406978643,0.709342812535549,462.692,925.384,2015_nk_217,Nush,2015
884,1.91324406870623,0.708958703627035,463.216,926.432,2015_nk_217,Nush,2015
885,1.95440472865512,0.708898767735694,463.74,927.48,2015_nk_217,Nush,2015
886,1.93982183567811,0.709794500637492,464.264,928.528,2015_nk_217,Nush,2015
887,1.87192218929694,0.708521392677401,464.788,929.576,2015_nk_217,Nush,2015
888,1.88736991971802,0.709296975891035,465.312,930.624,2015_nk_217,Nush,2015
889,1.93322303100676,0.708557630955024,465.836,931.672,2015_nk_217,Nush,2015
890,1.98526467465252,0.708820705978408,466.36,932.72,2015_nk_217,Nush,2015
891,1.91491929504321,0.708834177431865,466.884,933.768,2015_nk_217,Nush,2015
892,1.88036938486789,0.709065145351722,467.408,934.816,2015_nk_217,Nush,2015
893,1.91721234620562,0.708969784249756,467.932,935.864,2015_nk_217,Nush,2015
894,2.00623580590803,0.709201527827173,468.456,936.912,2015_nk_217,Nush,2015
895,1.98680294778648,0.709042914592766,468.98,937.96,2015_nk_217,Nush,2015
896,1.97315634505668,0.708870212845645,469.504,939.008,2015_nk_217,Nush,2015
897,1.96869126427563,0.708721319762595,470.028,940.056,2015_nk_217,Nush,2015
898,2.0054205437305,0.708837770808444,470.552,941.104,2015_nk_217,Nush,2015
899,2.01102465753193,0.709223244754133,471.076,942.152,2015_nk_217,Nush,2015
900,1.99390080969367,0.708864314793501,471.6,943.2,2015_nk_217,Nush,2015
901,1.98269085166304,0.709542621199647,472.124,944.248,2015_nk_217,Nush,2015
902,2.0696256962384,0.708804278562356,472.648,945.296,2015_nk_217,Nush,2015
903,2.16469235000583,0.709408574556799,473.172,946.344,2015_nk_217,Nush,2015
904,2.229131679511,0.709004707085114,473.696,947.392,2015_nk_217,Nush,2015
905,2.14231663896873,0.70921908122619,474.22,948.44,2015_nk_217,Nush,2015
906,2.09081435240096,0.708698073309283,474.744,949.488,2015_nk_217,Nush,2015
907,2.14103427100049,0.709057166728474,475.26800000000003,950.5360000000001,2015_nk_217,Nush,2015
908,2.12925893150876,0.709084861151808,475.79200000000003,951.5840000000001,2015_nk_217,Nush,2015
909,2.05406954183624,0.709457161295796,476.31600000000003,952.6320000000001,2015_nk_217,Nush,2015
910,2.02469557369068,0.708866291043243,476.84000000000003,953.6800000000001,2015_nk_217,Nush,2015
911,2.1186890860415,0.709145878287151,477.36400000000003,954.7280000000001,2015_nk_217,Nush,2015
912,2.16144856987439,0.709270977339178,477.88800000000003,955.7760000000001,2015_nk_217,Nush,2015
913,2.05040295513635,0.709117091336957,478.41200000000003,956.8240000000001,2015_nk_217,Nush,2015
914,2.02623165978205,0.708716530156324,478.93600000000004,957.8720000000001,2015_nk_217,Nush,2015
915,2.12268891583029,0.709155003115625,479.46000000000004,958.9200000000001,2015_nk_217,Nush,2015
916,2.16965486589802,0.709689246061057,479.98400000000004,959.9680000000001,2015_nk_217,Nush,2015
917,2.11752633547592,0.708915489129757,480.50800000000004,961.0160000000001,2015_nk_217,Nush,2015
918,2.07392663220987,0.709730299044087,481.03200000000004,962.0640000000001,2015_nk_217,Nush,2015
919,2.08952423998741,0.709488268765686,481.55600000000004,963.1120000000001,2015_nk_217,Nush,2015
920,2.15625196174137,0.709068033354492,482.08000000000004,964.1600000000001,2015_nk_217,Nush,2015
921,2.18625336381008,0.708689955657931,482.60400000000004,965.2080000000001,2015_nk_217,Nush,2015
922,2.17326068643885,0.708608995183577,483.12800000000004,966.2560000000001,2015_nk_217,Nush,2015
923,2.16274711889011,0.70872207057685,483.65200000000004,967.3040000000001,2015_nk_217,Nush,2015
924,2.16422063122718,0.70870727731891,484.17600000000004,968.3520000000001,2015_nk_217,Nush,2015
925,2.17371523254535,0.709257455755502,484.70000000000005,969.4000000000001,2015_nk_217,Nush,2015
926,2.1651824966145,0.709576033194799,485.22400000000005,970.4480000000001,2015_nk_217,Nush,2015
927,2.1243840753758,0.708930020858266,485.748,971.496,2015_nk_217,Nush,2015
928,2.1153812219688,0.708867972146295,486.272,972.544,2015_nk_217,Nush,2015
929,2.14023374852457,0.708680207216788,486.796,973.592,2015_nk_217,Nush,2015
930,2.17418526612268,0.709485860186527,487.32,974.64,2015_nk_217,Nush,2015
931,2.15113142194404,0.708607037701213,487.844,975.688,2015_nk_217,Nush,2015
932,2.11223290925992,0.708873983745481,488.368,976.736,2015_nk_217,Nush,2015
933,2.14319925229226,0.708896077377665,488.892,977.784,2015_nk_217,Nush,2015
934,2.20467011062062,0.70888993521745,489.416,978.832,2015_nk_217,Nush,2015
935,2.20811332447947,0.7091843408303,489.94,979.88,2015_nk_217,Nush,2015
936,2.17505095934368,0.709116205416598,490.464,980.928,2015_nk_217,Nush,2015
937,2.10243965776968,0.709207860009497,490.988,981.976,2015_nk_217,Nush,2015
938,2.08136262618681,0.709111082503454,491.512,983.024,2015_nk_217,Nush,2015
939,2.14194292251108,0.708734301394587,492.036,984.072,2015_nk_217,Nush,2015
940,2.18767807677192,0.708501317440929,492.56,985.12,2015_nk_217,Nush,2015
941,2.18728435474709,0.709652428510737,493.084,986.168,2015_nk_217,Nush,2015
942,2.10804806279306,0.709231267899246,493.608,987.216,2015_nk_217,Nush,2015
943,2.10252935074938,0.709267169181117,494.132,988.264,2015_nk_217,Nush,2015
944,2.12183892089598,0.708905560969984,494.656,989.312,2015_nk_217,Nush,2015
945,2.11597516792942,0.709329359967809,495.18,990.36,2015_nk_217,Nush,2015
946,2.09851506643445,0.708994907860877,495.704,991.408,2015_nk_217,Nush,2015
947,2.06885432885199,0.709126540352149,496.228,992.456,2015_nk_217,Nush,2015
948,2.08255061006416,0.709336241898855,496.752,993.504,2015_nk_217,Nush,2015
949,2.07205865536923,0.708659214309042,497.276,994.552,2015_nk_217,Nush,2015
950,2.09495950457394,0.709478048072744,497.8,995.6,2015_nk_217,Nush,2015
951,2.03573944720938,0.709315744177639,498.324,996.648,2015_nk_217,Nush,2015
952,2.02496734375609,0.70928695802048,498.848,997.696,2015_nk_217,Nush,2015
953,2.01892920147853,0.709486920512346,499.372,998.744,2015_nk_217,Nush,2015
954,2.05146229443496,0.709252028562134,499.896,999.792,2015_nk_217,Nush,2015
955,2.10820531258974,0.709808435287365,500.42,1000.84,2015_nk_217,Nush,2015
956,2.0805011892397,0.709243619676957,500.944,1001.888,2015_nk_217,Nush,2015
957,2.04334730795223,0.709302453038879,501.468,1002.936,2015_nk_217,Nush,2015
958,2.05774697618798,0.709778201213641,501.992,1003.984,2015_nk_217,Nush,2015
959,2.07562615143863,0.709452387203464,502.516,1005.032,2015_nk_217,Nush,2015
960,2.03575191968257,0.708747664152311,503.04,1006.08,2015_nk_217,Nush,2015
961,2.02736806066156,0.709167290047713,503.564,1007.128,2015_nk_217,Nush,2015
962,2.05550296003726,0.709510683629352,504.088,1008.176,2015_nk_217,Nush,2015
963,2.06796097311873,0.70808208272764,504.612,1009.224,2015_nk_217,Nush,2015
964,2.07073223755535,0.70898343142204,505.136,1010.272,2015_nk_217,Nush,2015
965,2.06245927206158,0.709354733876386,505.66,1011.32,2015_nk_217,Nush,2015
966,2.04695930744201,0.70919154567691,506.184,1012.368,2015_nk_217,Nush,2015
967,2.05384936552048,0.708139320193188,506.708,1013.416,2015_nk_217,Nush,2015
968,2.09411723256078,0.708728582302396,507.232,1014.464,2015_nk_217,Nush,2015
969,2.11799067163779,0.708891707504573,507.75600000000003,1015.5120000000001,2015_nk_217,Nush,2015
970,2.07470405001,0.709910213810395,508.28000000000003,1016.5600000000001,2015_nk_217,Nush,2015
971,2.03016401752862,0.709433032867993,508.80400000000003,1017.6080000000001,2015_nk_217,Nush,2015
972,1.98635370774238,0.709474559282852,509.32800000000003,1018.6560000000001,2015_nk_217,Nush,2015
973,1.98639256204853,0.709466743764763,509.85200000000003,1019.7040000000001,2015_nk_217,Nush,2015
974,1.99410874834576,0.708990449243688,510.37600000000003,1020.7520000000001,2015_nk_217,Nush,2015
975,1.94258430763145,0.708609737758544,510.90000000000003,1021.8000000000001,2015_nk_217,Nush,2015
976,1.92837032340365,0.709153156776696,511.42400000000004,1022.8480000000001,2015_nk_217,Nush,2015
977,1.91232821030489,0.709253417961436,511.94800000000004,1023.8960000000001,2015_nk_217,Nush,2015
978,1.96308177197883,0.70987713879889,512.472,1024.944,2015_nk_217,Nush,2015
979,1.99940511614526,0.708916378846512,512.9960000000001,1025.9920000000002,2015_nk_217,Nush,2015
980,2.02327942428185,0.709316778809776,513.52,1027.04,2015_nk_217,Nush,2015
981,1.9910969388906,0.708624102070635,514.0440000000001,1028.0880000000002,2015_nk_217,Nush,2015
982,1.90984710928713,0.708475737454694,514.568,1029.136,2015_nk_217,Nush,2015
983,1.88910001901128,0.709597048262471,515.0920000000001,1030.1840000000002,2015_nk_217,Nush,2015
984,1.89550843374847,0.708877035823163,515.616,1031.232,2015_nk_217,Nush,2015
985,1.89882561352227,0.708972405778739,516.1400000000001,1032.2800000000002,2015_nk_217,Nush,2015
986,1.85962926058468,0.709577328537409,516.664,1033.328,2015_nk_217,Nush,2015
987,1.87382813788556,0.70903593073411,517.1880000000001,1034.3760000000002,2015_nk_217,Nush,2015
988,1.90348584160125,0.708937664462329,517.712,1035.424,2015_nk_217,Nush,2015
989,1.94170948673206,0.709186259776896,518.2360000000001,1036.4720000000002,2015_nk_217,Nush,2015
990,1.94705452653085,0.709198769382952,518.76,1037.52,2015_nk_217,Nush,2015
991,1.93021179955175,0.708930334856912,519.2840000000001,1038.5680000000002,2015_nk_217,Nush,2015
992,1.93063142922522,0.70853949755802,519.808,1039.616,2015_nk_217,Nush,2015
993,1.93880662667542,0.709349638207765,520.332,1040.664,2015_nk_217,Nush,2015
994,1.95088019767036,0.70895605631194,520.856,1041.712,2015_nk_217,Nush,2015
995,1.93531642820341,0.70865334217623,521.38,1042.76,2015_nk_217,Nush,2015
996,1.94972349557866,0.709090386459937,521.904,1043.808,2015_nk_217,Nush,2015
997,1.93628918195901,0.708918540763682,522.428,1044.856,2015_nk_217,Nush,2015
998,1.92347360808074,0.709001149455828,522.952,1045.904,2015_nk_217,Nush,2015
999,1.93404788890514,0.708732299275485,523.476,1046.952,2015_nk_217,Nush,2015
1000,1.95603103956609,0.708630993199333,524,1048,2015_nk_217,Nush,2015
1001,1.93536552200945,0.709360056465728,524.524,1049.048,2015_nk_217,Nush,2015
1002,1.89314276302909,0.709092488346803,525.048,1050.096,2015_nk_217,Nush,2015
1003,1.91032948110957,0.70973049233117,525.572,1051.144,2015_nk_217,Nush,2015
1004,1.95352686281546,0.708564992103382,526.096,1052.192,2015_nk_217,Nush,2015
1005,1.96906555446888,0.709244801817798,526.62,1053.24,2015_nk_217,Nush,2015
1006,1.8967650943944,0.709719172898521,527.144,1054.288,2015_nk_217,Nush,2015
1007,1.85307242733062,0.708763196619325,527.668,1055.336,2015_nk_217,Nush,2015
1008,1.84344709351429,0.708476160208185,528.192,1056.384,2015_nk_217,Nush,2015
1009,1.88949561131088,0.708555402398863,528.716,1057.432,2015_nk_217,Nush,2015
1010,1.90856136753777,0.708516921851839,529.24,1058.48,2015_nk_217,Nush,2015
1011,1.91332451741435,0.708842509483741,529.764,1059.528,2015_nk_217,Nush,2015
1012,1.91863032200913,0.709058996816118,530.288,1060.576,2015_nk_217,Nush,2015
1013,1.9465297937419,0.709007365109562,530.812,1061.624,2015_nk_217,Nush,2015
1014,1.97361852832842,0.709157337013489,531.336,1062.672,2015_nk_217,Nush,2015
1015,1.93578824710548,0.709871966175408,531.86,1063.72,2015_nk_217,Nush,2015
1016,1.89494961270975,0.7094897636064,532.384,1064.768,2015_nk_217,Nush,2015
1017,1.88003085396439,0.709560817751494,532.908,1065.816,2015_nk_217,Nush,2015
1018,1.87756757057665,0.70921869170593,533.432,1066.864,2015_nk_217,Nush,2015
1019,1.92075182763313,0.709583217290885,533.956,1067.912,2015_nk_217,Nush,2015
1020,1.91258618783873,0.70920364221174,534.48,1068.96,2015_nk_217,Nush,2015
1021,1.86194462858333,0.709354333969238,535.004,1070.008,2015_nk_217,Nush,2015
1022,1.83614832976442,0.709019757756602,535.528,1071.056,2015_nk_217,Nush,2015
1023,1.806594159538,0.709022739349865,536.052,1072.104,2015_nk_217,Nush,2015
1024,1.8591771574004201,0.708858293902266,536.576,1073.152,2015_nk_217,Nush,2015
1025,1.88082100533132,0.70982958054274,537.1,1074.2,2015_nk_217,Nush,2015
1026,1.8351076599691,0.708617020385215,537.624,1075.248,2015_nk_217,Nush,2015
1027,1.5235443670285,0.7090443021743,538.148,1076.296,2015_nk_217,Nush,2015
1028,0.896382815233342,0.70876355742738,538.672,1077.344,2015_nk_217,Nush,2015
1029,0.425098130232452,0.707307992041793,539.196,1078.392,2015_nk_217,Nush,2015
