Cycle,Time,Iso,Sr88,Microns,Fish_id,Watershed,Year,MA
434,227.416,0.705593131531305,0.8156716027654538,454.832,2017_kk_139,Kusko,2017,0.7056834394811082
435,227.94,0.7055521873627133,0.825595419340942,455.88,2017_kk_139,Kusko,2017,0.705656090294813
436,228.464,0.7060430050039733,0.8527134221426542,456.928,2017_kk_139,Kusko,2017,0.7056540841689035
437,228.988,0.7059793947082861,0.8396719522024692,457.976,2017_kk_139,Kusko,2017,0.7056260771909036
438,229.512,0.7049758209394147,0.8390612085506132,459.024,2017_kk_139,Kusko,2017,0.7056132962384066
439,230.036,0.7051617751060985,0.8300769000183637,460.072,2017_kk_139,Kusko,2017,0.70563315141246
440,230.56,0.7050833653067671,0.8296807741053329,461.12,2017_kk_139,Kusko,2017,0.7056499460220683
441,231.084,0.7070650412386722,0.831944890865072,462.168,2017_kk_139,Kusko,2017,0.7056330482156009
442,231.608,0.705356408461367,0.8361494149992024,463.216,2017_kk_139,Kusko,2017,0.7056340718128844
443,232.132,0.7051887914783938,0.8268379673759795,464.264,2017_kk_139,Kusko,2017,0.7056104629740946
444,232.656,0.7059923551049578,0.8265421508632994,465.312,2017_kk_139,Kusko,2017,0.7056199716306181
445,233.18,0.7066065484917057,0.8182035140703842,466.36,2017_kk_139,Kusko,2017,0.7056413781112983
446,233.704,0.7052905030762908,0.8076556826093588,467.408,2017_kk_139,Kusko,2017,0.7056352869107205
447,234.228,0.7060508134051586,0.8188769082393256,468.456,2017_kk_139,Kusko,2017,0.7056328738347396
448,234.752,0.7048666940639281,0.8129857858977151,469.504,2017_kk_139,Kusko,2017,0.7056050185539855
449,235.276,0.7048148731078469,0.8185993531392045,470.552,2017_kk_139,Kusko,2017,0.7056142734106974
450,235.8,0.7068169617445536,0.8188645341324972,471.6,2017_kk_139,Kusko,2017,0.7056005587841387
451,236.324,0.7051026587543064,0.8187147157637349,472.648,2017_kk_139,Kusko,2017,0.7055744996538613
452,236.848,0.7061167514155291,0.8044341501467367,473.696,2017_kk_139,Kusko,2017,0.7055625357051521
453,237.372,0.7053262867320197,0.8022101126296761,474.744,2017_kk_139,Kusko,2017,0.705567161726894
454,237.896,0.706364510789386,0.8134513737821032,475.792,2017_kk_139,Kusko,2017,0.7056024353761781
455,238.42,0.7063588986310717,0.8108705465455884,476.84,2017_kk_139,Kusko,2017,0.7056277957507363
456,238.944,0.7064087235142571,0.8096831959615847,477.888,2017_kk_139,Kusko,2017,0.7056496548334117
457,239.468,0.7048922591483089,0.8068750639321904,478.936,2017_kk_139,Kusko,2017,0.705638063408692
458,239.992,0.7045606636716064,0.7993077391345262,479.984,2017_kk_139,Kusko,2017,0.7056444267095029
459,240.516,0.7048646076253499,0.7975895231878185,481.032,2017_kk_139,Kusko,2017,0.7056311656362643
460,241.04,0.7054331265746082,0.8091045116400797,482.08,2017_kk_139,Kusko,2017,0.7056324499948278
461,241.564,0.7067611310552031,0.7966560233734279,483.128,2017_kk_139,Kusko,2017,0.7056269798224084
462,242.088,0.7064682255652491,0.7947829448663025,484.176,2017_kk_139,Kusko,2017,0.705652715754902
463,242.612,0.7062397988348851,0.8019765560181367,485.2240000000001,2017_kk_139,Kusko,2017,0.70566266372369435
464,243.136,0.7071277982029496,0.800841601757059,486.2720000000001,2017_kk_139,Kusko,2017,0.7056753690946562
465,243.66000000000005,0.7051267956486312,0.7827888850343139,487.3200000000001,2017_kk_139,Kusko,2017,0.7056703347879232
466,244.184,0.7047900246136289,0.7880604508318955,488.368,2017_kk_139,Kusko,2017,0.7056701523229598
467,244.708,0.7036495769973178,0.7955427501489727,489.416,2017_kk_139,Kusko,2017,0.7056591633607925
468,245.232,0.7052475095946417,0.7786248116300297,490.464,2017_kk_139,Kusko,2017,0.7056459231672885
469,245.756,0.7063710014101506,0.7785080579873427,491.512,2017_kk_139,Kusko,2017,0.7056518512965606
470,246.28,0.7065653156608986,0.7742050066115991,492.56,2017_kk_139,Kusko,2017,0.7056468656890122
471,246.804,0.7060287871669069,0.7653181851659614,493.608,2017_kk_139,Kusko,2017,0.7056153637266346
472,247.328,0.7052134961344132,0.7640675955077446,494.656,2017_kk_139,Kusko,2017,0.7056228072693717
473,247.852,0.7051514117210693,0.7693199506316756,495.704,2017_kk_139,Kusko,2017,0.7056267068391286
474,248.376,0.7069138286255131,0.7527856028599657,496.752,2017_kk_139,Kusko,2017,0.7056251998654097
475,248.9,0.7068230703559563,0.7595720446032793,497.8,2017_kk_139,Kusko,2017,0.7056252317176598
476,249.424,0.704972518114998,0.7554502051856997,498.848,2017_kk_139,Kusko,2017,0.7056241645772392
477,249.948,0.7051385143867047,0.7533079272079801,499.896,2017_kk_139,Kusko,2017,0.7056077459730757
478,250.472,0.7040438552155616,0.7384874608461962,500.944,2017_kk_139,Kusko,2017,0.7056171303850823
479,250.996,0.7052640150690732,0.7338460261310512,501.992,2017_kk_139,Kusko,2017,0.7056394592533571
480,251.52,0.7048776609565458,0.7486466854219427,503.04,2017_kk_139,Kusko,2017,0.705615310643268
481,252.044,0.7048049316477362,0.7474995487413206,504.088,2017_kk_139,Kusko,2017,0.7056434402952633
482,252.568,0.7057091600959376,0.7500908495301088,505.136,2017_kk_139,Kusko,2017,0.7056149292484499
483,253.092,0.7052148646702475,0.7574962873038306,506.184,2017_kk_139,Kusko,2017,0.7056392915320782
484,253.616,0.7054937577214936,0.7626024443628195,507.232,2017_kk_139,Kusko,2017,0.7056263388709649
485,254.14,0.7064732486936238,0.7536958770857036,508.28,2017_kk_139,Kusko,2017,0.7056286448037762
486,254.664,0.7070729967040144,0.7627440698409907,509.328,2017_kk_139,Kusko,2017,0.7056149222744771
487,255.188,0.7057454023627955,0.767279137303765,510.376,2017_kk_139,Kusko,2017,0.7056444813554413
488,255.712,0.7055273455515928,0.7559725575677071,511.424,2017_kk_139,Kusko,2017,0.7056514469462497
489,256.236,0.7047276850522424,0.7531335814479729,512.472,2017_kk_139,Kusko,2017,0.7056565753571712
490,256.76,0.7058589441605367,0.7503635774736684,513.52,2017_kk_139,Kusko,2017,0.7056738016140207
491,257.284,0.7057058560985798,0.7564483099643391,514.568,2017_kk_139,Kusko,2017,0.7056283628296687
492,257.808,0.7059033385327506,0.7479387848959169,515.616,2017_kk_139,Kusko,2017,0.7056078004562374
493,258.332,0.7068817998119317,0.7497024038567429,516.664,2017_kk_139,Kusko,2017,0.7056128280188395
494,258.856,0.7063554537890223,0.7467681275472173,517.712,2017_kk_139,Kusko,2017,0.7055904234033633
495,259.38,0.7052501289587289,0.7454275526061708,518.76,2017_kk_139,Kusko,2017,0.7056169384694704
496,259.904,0.7060320571061711,0.7478735590330156,519.808,2017_kk_139,Kusko,2017,0.7056292094731937
497,260.428,0.7053200569782433,0.743988298579856,520.856,2017_kk_139,Kusko,2017,0.7056571254661185
498,260.952,0.7041814093291711,0.734995238708507,521.904,2017_kk_139,Kusko,2017,0.7056615925607969
499,261.476,0.7055174628624331,0.7315453273512915,522.952,2017_kk_139,Kusko,2017,0.7056337488126071
500,262,0.7047842288538619,0.7372813361959131,524,2017_kk_139,Kusko,2017,0.7056306135625958
501,262.524,0.7051749234960103,0.7387976712661486,525.048,2017_kk_139,Kusko,2017,0.7056175342348502
502,263.048,0.70580302102559,0.7520932053576072,526.096,2017_kk_139,Kusko,2017,0.7056280795287793
503,263.572,0.7054227656638129,0.7491474862765154,527.144,2017_kk_139,Kusko,2017,0.7056208703727356
504,264.096,0.7059019366818218,0.7485758788912248,528.192,2017_kk_139,Kusko,2017,0.7056012808110081
505,264.62,0.7066084596267038,0.7459439547782478,529.24,2017_kk_139,Kusko,2017,0.7055806159829044
506,265.144,0.705226474651056,0.7307043740373776,530.288,2017_kk_139,Kusko,2017,0.705578762725366
507,265.668,0.7050656971553476,0.7208683495605552,531.336,2017_kk_139,Kusko,2017,0.7055929736412349
508,266.192,0.7054297587843212,0.7236167472826801,532.384,2017_kk_139,Kusko,2017,0.7056166066085708
509,266.716,0.7061546052043355,0.7099589211813159,533.432,2017_kk_139,Kusko,2017,0.7056347992519783
510,267.24,0.705368045139209,0.7191412006186955,534.48,2017_kk_139,Kusko,2017,0.7056355647579811
511,267.764,0.7067904378740196,0.7272752378933259,535.528,2017_kk_139,Kusko,2017,0.7056718494370268
512,268.288,0.7044060886067343,0.7345709747146864,536.576,2017_kk_139,Kusko,2017,0.7056529269578439
513,268.812,0.7067880237497149,0.7290671906840558,537.624,2017_kk_139,Kusko,2017,0.7056527617711942
514,269.336,0.7055873511225897,0.7320502786771245,538.672,2017_kk_139,Kusko,2017,0.7056537025823589
515,269.86,0.7064972545997513,0.7346789743377914,539.72,2017_kk_139,Kusko,2017,0.7056569088226312
516,270.384,0.7055853717563075,0.733617533654069,540.768,2017_kk_139,Kusko,2017,0.7056550457232456
517,270.908,0.7066658040061639,0.7308128653749798,541.816,2017_kk_139,Kusko,2017,0.7056447210697457
518,271.432,0.7049785991201073,0.7329858087872397,542.864,2017_kk_139,Kusko,2017,0.7056699099906322
519,271.956,0.7051723122806441,0.7278556805264444,543.912,2017_kk_139,Kusko,2017,0.7056732591393129
520,272.48,0.7064667019855808,0.7351918461930982,544.96,2017_kk_139,Kusko,2017,0.7056552412997321
521,273.004,0.704034803994079,0.7594698526055264,546.008,2017_kk_139,Kusko,2017,0.7056756077373212
522,273.528,0.7052344831593791,0.7568452729929716,547.056,2017_kk_139,Kusko,2017,0.7056605583513238
523,274.052,0.7065414525910113,0.7506109064584351,548.104,2017_kk_139,Kusko,2017,0.7056365909258868
524,274.576,0.7057835212743778,0.7687070779525218,549.152,2017_kk_139,Kusko,2017,0.7056234053937381
525,275.1,0.7067176996150515,0.7655845584820671,550.2,2017_kk_139,Kusko,2017,0.7056172183333026
526,275.624,0.7055262848370243,0.7525927812557328,551.248,2017_kk_139,Kusko,2017,0.7055866406093754
527,276.148,0.7053245365728089,0.746642352082266,552.296,2017_kk_139,Kusko,2017,0.7055937593861175
528,276.672,0.7055155352753449,0.7414016704843561,553.344,2017_kk_139,Kusko,2017,0.7056167158659454
529,277.196,0.7047003765187639,0.7471921347109513,554.392,2017_kk_139,Kusko,2017,0.7056251213266967
530,277.72,0.7063772006602262,0.74385153302364,555.44,2017_kk_139,Kusko,2017,0.7056605719979713
531,278.244,0.7052440275021649,0.7369752618932444,556.488,2017_kk_139,Kusko,2017,0.7056567286200177
532,278.76800000000003,0.7058462137701597,0.7379383503010096,557.5360000000001,2017_kk_139,Kusko,2017,0.7056787942870034
533,279.29200000000003,0.7047188623584474,0.7504506922191603,558.5840000000001,2017_kk_139,Kusko,2017,0.7056890080253843
534,279.81600000000003,0.7057384549218693,0.7522856299738526,559.6320000000001,2017_kk_139,Kusko,2017,0.7056706586920449
535,280.34000000000003,0.7055831806697321,0.7395333631030124,560.6800000000001,2017_kk_139,Kusko,2017,0.7056524594155185
536,280.86400000000003,0.7048613226626941,0.7419219935650302,561.7280000000001,2017_kk_139,Kusko,2017,0.7056631981494826
537,281.38800000000003,0.7059911693388408,0.7280184690053282,562.7760000000001,2017_kk_139,Kusko,2017,0.7056834216377261
538,281.91200000000003,0.7054618332557219,0.7185660591524551,563.8240000000001,2017_kk_139,Kusko,2017,0.7057019730402628
539,282.43600000000004,0.7063555736735189,0.7309074380193932,564.8720000000001,2017_kk_139,Kusko,2017,0.7056876125196213
540,282.96000000000004,0.7049235913167095,0.7319193233629022,565.9200000000001,2017_kk_139,Kusko,2017,0.705705174312448
541,283.48400000000004,0.706982012390481,0.7288631462087786,566.9680000000001,2017_kk_139,Kusko,2017,0.7056852171855412
542,284.00800000000004,0.7045738113449574,0.7274363392398758,568.0160000000001,2017_kk_139,Kusko,2017,0.7056807138220744
543,284.53200000000004,0.7052049534712684,0.7304492106241017,569.0640000000001,2017_kk_139,Kusko,2017,0.7056671880041454
544,285.05600000000004,0.7055502063913807,0.7310415351652153,570.1120000000001,2017_kk_139,Kusko,2017,0.7056574774448503
545,285.58000000000004,0.7066656231099633,0.7388853875310664,571.1600000000001,2017_kk_139,Kusko,2017,0.7056372778514386
546,286.104,0.7069612107408739,0.7487207588463584,572.208,2017_kk_139,Kusko,2017,0.7056135964849649
547,286.628,0.7051259231528078,0.7198168914601139,573.256,2017_kk_139,Kusko,2017,0.7055975816542753
548,287.152,0.70703868080478,0.719098316111371,574.304,2017_kk_139,Kusko,2017,0.7056314477537017
549,287.676,0.7049286339730818,0.7249008664903753,575.352,2017_kk_139,Kusko,2017,0.7056522004425961
550,288.2,0.7047778737856889,0.7070561336630045,576.4,2017_kk_139,Kusko,2017,0.7056323212097446
551,288.724,0.706927842353926,0.7084247235795458,577.448,2017_kk_139,Kusko,2017,0.7056745836182383
552,289.248,0.7050003753729038,0.7088880454233915,578.496,2017_kk_139,Kusko,2017,0.7056564130859447
553,289.772,0.7054437542857152,0.7059687126834948,579.544,2017_kk_139,Kusko,2017,0.7056419927921019
554,290.296,0.7055643218601032,0.6902266620792535,580.592,2017_kk_139,Kusko,2017,0.7056212264648073
555,290.82,0.7048789053325941,0.6889671411772713,581.64,2017_kk_139,Kusko,2017,0.7056235556575223
556,291.344,0.704197393670531,0.6773927006341267,582.688,2017_kk_139,Kusko,2017,0.7056840888416152
557,291.868,0.7057471835827734,0.681448875219633,583.736,2017_kk_139,Kusko,2017,0.705675366023787
558,292.392,0.7055587981188463,0.6885536207826958,584.784,2017_kk_139,Kusko,2017,0.7056797415606832
559,292.916,0.7060217905075109,0.6879283497853115,585.832,2017_kk_139,Kusko,2017,0.7057145937752417
560,293.44,0.7069112691303411,0.681598021689884,586.88,2017_kk_139,Kusko,2017,0.7056784663369696
561,293.964,0.7049443208187939,0.6773234922015708,587.928,2017_kk_139,Kusko,2017,0.7056807943096893
562,294.488,0.7071269610447318,0.6790239481000055,588.976,2017_kk_139,Kusko,2017,0.7056664998961788
563,295.012,0.7060355899666632,0.6734745620884275,590.024,2017_kk_139,Kusko,2017,0.7056784861907538
564,295.536,0.704800976681467,0.6726743183042244,591.072,2017_kk_139,Kusko,2017,0.7056691600219046
565,296.06,0.7055165030351204,0.6708573459383627,592.12,2017_kk_139,Kusko,2017,0.7056600623863972
566,296.584,0.7058707986889079,0.6717615589031986,593.168,2017_kk_139,Kusko,2017,0.7056689017747657
567,297.108,0.7062791064499546,0.6704290656318717,594.216,2017_kk_139,Kusko,2017,0.7056980323924017
568,297.632,0.7065428429365243,0.6581282101581731,595.264,2017_kk_139,Kusko,2017,0.7056996663365
569,298.156,0.7052929739658449,0.6575980791947601,596.312,2017_kk_139,Kusko,2017,0.7057129410011573
570,298.68,0.7064217527088118,0.6566059565522888,597.36,2017_kk_139,Kusko,2017,0.7057122001769194
571,299.204,0.7055930102596093,0.6653327101995241,598.408,2017_kk_139,Kusko,2017,0.7056978656411002
572,299.728,0.7041358867987266,0.6656684185442903,599.456,2017_kk_139,Kusko,2017,0.7057060475501189
573,300.252,0.7059764746739741,0.6622256687847221,600.504,2017_kk_139,Kusko,2017,0.7056794786149944
574,300.776,0.7050047175648809,0.662459604867511,601.552,2017_kk_139,Kusko,2017,0.7057012017584531
575,301.3,0.7052852789950493,0.6637730649904361,602.6,2017_kk_139,Kusko,2017,0.7056969356075362
576,301.824,0.7041644897678908,0.6629955087892793,603.648,2017_kk_139,Kusko,2017,0.7056670670906072
577,302.348,0.7057049141647821,0.6775117602430146,604.696,2017_kk_139,Kusko,2017,0.7056558564802783
578,302.872,0.7070105650856947,0.6695156296712427,605.744,2017_kk_139,Kusko,2017,0.7056348911723425
579,303.396,0.7064174736143083,0.6596320232862932,606.792,2017_kk_139,Kusko,2017,0.7056534133341452
580,303.92,0.7052739480144885,0.662243662402453,607.84,2017_kk_139,Kusko,2017,0.7056691921105489
581,304.444,0.7065705485037022,0.6732577535698261,608.888,2017_kk_139,Kusko,2017,0.7056461311154117
582,304.968,0.704144251221761,0.672518235839085,609.936,2017_kk_139,Kusko,2017,0.7056779930966353
583,305.492,0.7056762349604427,0.6615833118685326,610.984,2017_kk_139,Kusko,2017,0.7056659284067383
584,306.016,0.7045375416367037,0.6481341033018658,612.032,2017_kk_139,Kusko,2017,0.7056717966437802
585,306.54,0.7068574511779504,0.6579889203569443,613.08,2017_kk_139,Kusko,2017,0.7057100645981073
586,307.064,0.7091582758825938,0.657994907626069,614.128,2017_kk_139,Kusko,2017,0.7057449006928265
587,307.588,0.7048011675031169,0.6586246674591295,615.176,2017_kk_139,Kusko,2017,0.7057479821258956
588,308.112,0.7057780674891212,0.6608223463827059,616.224,2017_kk_139,Kusko,2017,0.7057653818446646
589,308.636,0.7067915093922748,0.6461412426774142,617.272,2017_kk_139,Kusko,2017,0.7057478853618709
590,309.16,0.7042095543639003,0.6528689888582355,618.32,2017_kk_139,Kusko,2017,0.7057166147462663
591,309.684,0.7053837058653498,0.6530821284818702,619.368,2017_kk_139,Kusko,2017,0.705737943938608
592,310.208,0.7049885489595287,0.6582035336006842,620.416,2017_kk_139,Kusko,2017,0.7057026009247834
593,310.732,0.7054380400329459,0.6547139682492278,621.464,2017_kk_139,Kusko,2017,0.7057115752597063
594,311.25600000000003,0.7051788847909127,0.6422035240111889,622.5120000000001,2017_kk_139,Kusko,2017,0.7057340670652967
595,311.78000000000003,0.7050373225392986,0.6383138074221112,623.5600000000001,2017_kk_139,Kusko,2017,0.7057364127922289
596,312.30400000000003,0.7053916859648013,0.6324191461637546,624.6080000000001,2017_kk_139,Kusko,2017,0.7057170433191465
597,312.82800000000003,0.7077390063969997,0.6279047047509688,625.6560000000001,2017_kk_139,Kusko,2017,0.7057267047191378
598,313.35200000000003,0.7055598699016239,0.6423512479385329,626.7040000000001,2017_kk_139,Kusko,2017,0.7057116056738949
599,313.87600000000003,0.7071520535529554,0.6490123856167533,627.7520000000001,2017_kk_139,Kusko,2017,0.7057362571077906
600,314.40000000000003,0.7048791418624388,0.653560164811836,628.8000000000001,2017_kk_139,Kusko,2017,0.7057238053370996
601,314.92400000000004,0.7061219402413244,0.6563553630525982,629.8480000000001,2017_kk_139,Kusko,2017,0.7057055142934746
602,315.44800000000004,0.7050647258860848,0.658075895980001,630.8960000000001,2017_kk_139,Kusko,2017,0.7057542095287906
603,315.97200000000004,0.7036108173637993,0.659179659147827,631.9440000000001,2017_kk_139,Kusko,2017,0.7057368891499998
604,316.49600000000004,0.7068535949989031,0.6498943986148517,632.9920000000001,2017_kk_139,Kusko,2017,0.7057344856778852
605,317.02000000000004,0.7064096540549502,0.6658672244438084,634.0400000000001,2017_kk_139,Kusko,2017,0.7057248589544068
606,317.54400000000004,0.705169099725138,0.6766518093771368,635.0880000000001,2017_kk_139,Kusko,2017,0.7057484702105724
607,318.06800000000004,0.7044532865330669,0.6707093962447842,636.1360000000001,2017_kk_139,Kusko,2017,0.7057007479177898
608,318.59200000000004,0.705780762328634,0.6705034979417328,637.1840000000001,2017_kk_139,Kusko,2017,0.7056588678693941
609,319.116,0.7060399636812512,0.657790850468422,638.232,2017_kk_139,Kusko,2017,0.7056919981884623
610,319.64,0.7057246003699148,0.656775567518577,639.28,2017_kk_139,Kusko,2017,0.7056754471100704
611,320.164,0.7055441826456971,0.6578534262455377,640.328,2017_kk_139,Kusko,2017,0.7056365041406578
612,320.688,0.7069120942463101,0.6579656017774702,641.376,2017_kk_139,Kusko,2017,0.7056454663576448
613,321.212,0.7047198728918989,0.6531750139652991,642.424,2017_kk_139,Kusko,2017,0.7056506027395523
614,321.736,0.7059164160826203,0.6544316307994562,643.472,2017_kk_139,Kusko,2017,0.705672962600326
615,322.26,0.7071749825922142,0.6519312054036112,644.52,2017_kk_139,Kusko,2017,0.7056641934825145
616,322.784,0.7062875593536888,0.6460328802925961,645.568,2017_kk_139,Kusko,2017,0.7055939982537095
617,323.308,0.7059320695669173,0.6454635745505476,646.616,2017_kk_139,Kusko,2017,0.7056252662562059
618,323.832,0.7066027812449946,0.642238336436515,647.664,2017_kk_139,Kusko,2017,0.7056350632045919
619,324.356,0.7049720015398844,0.6389168063129268,648.712,2017_kk_139,Kusko,2017,0.7056450513617682
620,324.88,0.7050350321940679,0.6419294475431172,649.76,2017_kk_139,Kusko,2017,0.7056654445449548
621,325.404,0.7062240723592947,0.6492258384152197,650.808,2017_kk_139,Kusko,2017,0.7056952298234653
622,325.928,0.705006380215254,0.6388232709931897,651.856,2017_kk_139,Kusko,2017,0.7057106057070883
623,326.452,0.7065740500620374,0.6440688267011332,652.904,2017_kk_139,Kusko,2017,0.7056972581189799
624,326.976,0.7061504850168896,0.6369066513651322,653.952,2017_kk_139,Kusko,2017,0.705672440253555
625,327.5,0.7056572466510489,0.6342827161638486,655,2017_kk_139,Kusko,2017,0.7056743820086929
626,328.024,0.7047086303039638,0.6285931499067937,656.048,2017_kk_139,Kusko,2017,0.7057182200611536
627,328.548,0.7068587904494276,0.623174982954032,657.096,2017_kk_139,Kusko,2017,0.7056571993253581
628,329.072,0.7056369002219544,0.634891879393247,658.144,2017_kk_139,Kusko,2017,0.7056775477840836
629,329.596,0.7067720599995831,0.6302039486129053,659.192,2017_kk_139,Kusko,2017,0.705638698315809
630,330.12,0.7056746464673501,0.6272567107040409,660.24,2017_kk_139,Kusko,2017,0.705614991825491
631,330.644,0.7044955476421088,0.6293983015270301,661.288,2017_kk_139,Kusko,2017,0.7055945920042014
632,331.168,0.7070576009176874,0.6291322535878296,662.336,2017_kk_139,Kusko,2017,0.7056049679119678
633,331.692,0.7049372519465215,0.6282960985895822,663.384,2017_kk_139,Kusko,2017,0.7056699073479851
634,332.216,0.7048605092380091,0.6296269650534491,664.432,2017_kk_139,Kusko,2017,0.7056758127485827
635,332.74,0.7047076755863506,0.6209000542256443,665.48,2017_kk_139,Kusko,2017,0.7056641155430807
636,333.264,0.7055811651378245,0.6252186628266082,666.528,2017_kk_139,Kusko,2017,0.7056520532893483
637,333.788,0.7028415765978243,0.6225502504497442,667.576,2017_kk_139,Kusko,2017,0.7056662547819479
638,334.312,0.7044977621819568,0.6248515910344062,668.624,2017_kk_139,Kusko,2017,0.7056636064320304
639,334.836,0.7084052927584014,0.6190002591524149,669.672,2017_kk_139,Kusko,2017,0.7056705650543367
640,335.36,0.7042808833109674,0.6211847864927231,670.72,2017_kk_139,Kusko,2017,0.7056570623771236
641,335.884,0.7042339703389503,0.6114490773110958,671.768,2017_kk_139,Kusko,2017,0.7056361134512557
642,336.408,0.7046819842409858,0.6104140613767516,672.816,2017_kk_139,Kusko,2017,0.7056404403037229
643,336.932,0.7059844178748855,0.6238443079758792,673.864,2017_kk_139,Kusko,2017,0.7056549435889578
644,337.456,0.7058791332831229,0.6317970881862556,674.912,2017_kk_139,Kusko,2017,0.7056868364027212
645,337.98,0.7063313041092683,0.6310035330738003,675.96,2017_kk_139,Kusko,2017,0.7056564952263342
646,338.504,0.7049465621542874,0.6213585783052555,677.008,2017_kk_139,Kusko,2017,0.705659933880124
647,339.028,0.7066772476528983,0.6371634950738536,678.056,2017_kk_139,Kusko,2017,0.7056437151439774
648,339.552,0.7063658843922749,0.6407553910271399,679.104,2017_kk_139,Kusko,2017,0.7056413723465164
649,340.076,0.7073907988228559,0.6462668913825228,680.152,2017_kk_139,Kusko,2017,0.7056554996868639
650,340.6,0.7054331453550954,0.6483109696595816,681.2,2017_kk_139,Kusko,2017,0.7056816424445901
651,341.124,0.7071708225759834,0.6485485042558593,682.248,2017_kk_139,Kusko,2017,0.7056546098983607
652,341.648,0.705911101976908,0.6358850923811439,683.296,2017_kk_139,Kusko,2017,0.7056973117032898
653,342.172,0.7046371847464402,0.624823263230457,684.344,2017_kk_139,Kusko,2017,0.7057201090607147
654,342.696,0.7036898128654185,0.6354972520799589,685.392,2017_kk_139,Kusko,2017,0.7057077512427816
655,343.22,0.7051538278475715,0.6340938954788913,686.44,2017_kk_139,Kusko,2017,0.7057009527184032
656,343.744,0.7080219691124406,0.6287113034314945,687.488,2017_kk_139,Kusko,2017,0.7056856959290175
657,344.26800000000003,0.704077762249269,0.6192212632725315,688.5360000000001,2017_kk_139,Kusko,2017,0.7056751099825125
658,344.79200000000003,0.7067807774251532,0.6174278911559381,689.5840000000001,2017_kk_139,Kusko,2017,0.7056475601716088
659,345.31600000000003,0.7048210854564807,0.6221597499141549,690.6320000000001,2017_kk_139,Kusko,2017,0.7056409756395735
660,345.84000000000003,0.7034567524433544,0.6215924098839584,691.6800000000001,2017_kk_139,Kusko,2017,0.7056507353799456
661,346.36400000000003,0.7048979509639491,0.6246277869921876,692.7280000000001,2017_kk_139,Kusko,2017,0.7056461411520163
662,346.88800000000003,0.7056872803520675,0.6213619984121029,693.7760000000001,2017_kk_139,Kusko,2017,0.7056161302060432
663,347.41200000000003,0.7075071835248335,0.6201577422868625,694.8240000000001,2017_kk_139,Kusko,2017,0.7056350152106675
664,347.93600000000004,0.7072079190347669,0.6196257573928897,695.8720000000001,2017_kk_139,Kusko,2017,0.7056458474509169
665,348.46000000000004,0.7057078217248288,0.6265121745529857,696.9200000000001,2017_kk_139,Kusko,2017,0.7056702829393422
666,348.98400000000004,0.7044453645011979,0.6253890017174547,697.9680000000001,2017_kk_139,Kusko,2017,0.7056540262039234
667,349.50800000000004,0.7053053760890473,0.6234480665425957,699.0160000000001,2017_kk_139,Kusko,2017,0.7057154878906897
668,350.03200000000004,0.7056218613335813,0.6192007465450714,700.0640000000001,2017_kk_139,Kusko,2017,0.705715733555435
669,350.55600000000004,0.7064574810196272,0.6196428602158418,701.1120000000001,2017_kk_139,Kusko,2017,0.7056788354042266
670,351.08000000000004,0.7049144397371252,0.6153021439870778,702.1600000000001,2017_kk_139,Kusko,2017,0.7057153435505257
671,351.60400000000004,0.7042872470936253,0.6056885654312697,703.2080000000001,2017_kk_139,Kusko,2017,0.7057379112328345
672,352.12800000000004,0.7071717053943429,0.603036015673531,704.2560000000001,2017_kk_139,Kusko,2017,0.7057447778823842
673,352.65200000000004,0.7055900700059937,0.6073111896778907,705.3040000000001,2017_kk_139,Kusko,2017,0.7057338182549245
674,353.176,0.7078299849084295,0.6095188071872165,706.352,2017_kk_139,Kusko,2017,0.7057082302499579
675,353.7,0.7053545120089945,0.6071605291797098,707.4,2017_kk_139,Kusko,2017,0.7056805594278257
676,354.224,0.706493878581079,0.603284327957209,708.448,2017_kk_139,Kusko,2017,0.7056946510068786
677,354.748,0.7049589453981159,0.60554890682992,709.496,2017_kk_139,Kusko,2017,0.7056807645533602
678,355.272,0.7064622133973345,0.6064025422255995,710.544,2017_kk_139,Kusko,2017,0.7056988399180217
679,355.796,0.7058196419607387,0.6081861085282596,711.592,2017_kk_139,Kusko,2017,0.7056825073751047
680,356.32,0.70660359765764,0.6110948920179307,712.64,2017_kk_139,Kusko,2017,0.7057041570064828
681,356.844,0.7046021195855376,0.6129583962321689,713.688,2017_kk_139,Kusko,2017,0.7057081401076929
682,357.368,0.7075684885109961,0.6110778514140293,714.736,2017_kk_139,Kusko,2017,0.7057548110273568
683,357.892,0.7079418915075292,0.6162732756575333,715.784,2017_kk_139,Kusko,2017,0.705792738902673
684,358.416,0.7054090159409048,0.5982172228238674,716.832,2017_kk_139,Kusko,2017,0.7058546448438335
685,358.94,0.7052493351883378,0.6047387510440254,717.88,2017_kk_139,Kusko,2017,0.7058460413924826
686,359.464,0.7037932229408242,0.610067897586901,718.928,2017_kk_139,Kusko,2017,0.7058307218739622
687,359.988,0.7062236336591243,0.6133175300800711,719.976,2017_kk_139,Kusko,2017,0.705869671437817
688,360.512,0.7039839115677302,0.6083752529667209,721.024,2017_kk_139,Kusko,2017,0.7058692200376452
689,361.036,0.7063769880774726,0.5968016028107519,722.072,2017_kk_139,Kusko,2017,0.7058986071691441
690,361.56,0.7062602308896775,0.5919445814349172,723.12,2017_kk_139,Kusko,2017,0.705950240529934
691,362.084,0.7042198939663507,0.5919882517343518,724.168,2017_kk_139,Kusko,2017,0.705955888190548
692,362.608,0.7052569441593008,0.5882592299994953,725.216,2017_kk_139,Kusko,2017,0.7059232467665166
693,363.132,0.7060703522239768,0.5882979260357432,726.264,2017_kk_139,Kusko,2017,0.7059201432253682
694,363.656,0.7055104436529706,0.5883258738956967,727.312,2017_kk_139,Kusko,2017,0.7059141065108464
695,364.18,0.7061738048918684,0.5831969780471902,728.36,2017_kk_139,Kusko,2017,0.705941106586086
696,364.704,0.7046057610126951,0.5866988443812522,729.408,2017_kk_139,Kusko,2017,0.705969128724433
697,365.228,0.7065292778038089,0.5837148195116304,730.456,2017_kk_139,Kusko,2017,0.7059911645142055
698,365.752,0.7045125020666781,0.5898393974168029,731.504,2017_kk_139,Kusko,2017,0.7059778069109635
699,366.276,0.7061914036858955,0.5960885397390083,732.552,2017_kk_139,Kusko,2017,0.7059521110186057
700,366.8,0.7064713720889103,0.5944134347447316,733.6,2017_kk_139,Kusko,2017,0.705951303703812
701,367.324,0.7055880312774795,0.5871473690877546,734.648,2017_kk_139,Kusko,2017,0.705975668997734
702,367.848,0.7050939832139693,0.5923776593118568,735.696,2017_kk_139,Kusko,2017,0.7059518750875948
703,368.372,0.705326840227309,0.5995236997820249,736.744,2017_kk_139,Kusko,2017,0.705984902486972
704,368.896,0.7043438529851201,0.5987087694761948,737.792,2017_kk_139,Kusko,2017,0.7059592662236234
705,369.42,0.7046710547813357,0.6032957564088859,738.84,2017_kk_139,Kusko,2017,0.7059557969368361
706,369.944,0.7057920568974626,0.5946337435510531,739.888,2017_kk_139,Kusko,2017,0.7059316089359081
707,370.468,0.7058440604417878,0.5910659538556602,740.936,2017_kk_139,Kusko,2017,0.7059519404821735
708,370.992,0.707450406271971,0.594958736854977,741.984,2017_kk_139,Kusko,2017,0.7059637641662684
709,371.516,0.7064108462478358,0.5999000420690166,743.032,2017_kk_139,Kusko,2017,0.7059502753778921
710,372.04,0.7067321232377768,0.5894882021988742,744.08,2017_kk_139,Kusko,2017,0.7059049372589755
711,372.564,0.7074098086485902,0.5884757584748687,745.128,2017_kk_139,Kusko,2017,0.7059246593974482
712,373.088,0.7087113571567463,0.588405421122423,746.176,2017_kk_139,Kusko,2017,0.7058685315839824
713,373.612,0.7069128572654082,0.5866957770345909,747.224,2017_kk_139,Kusko,2017,0.7058297158287616
714,374.136,0.7074041693350457,0.584746834082221,748.272,2017_kk_139,Kusko,2017,0.7058191438315576
715,374.66,0.7046376207665167,0.5938511407356661,749.32,2017_kk_139,Kusko,2017,0.7058566886312245
716,375.184,0.7071027980012168,0.5885955558157412,750.368,2017_kk_139,Kusko,2017,0.7058743677460033
717,375.708,0.7064147360805509,0.5921921685369695,751.416,2017_kk_139,Kusko,2017,0.7058732422888894
718,376.232,0.7067536934148451,0.5981463568936531,752.464,2017_kk_139,Kusko,2017,0.7058932063013923
719,376.756,0.7065843133464091,0.5958233214879121,753.5120000000001,2017_kk_139,Kusko,2017,0.7058770782051516
720,377.28,0.7065547540907537,0.5977594357662824,754.5600000000001,2017_kk_139,Kusko,2017,0.7058568748964266
721,377.804,0.7052368106007865,0.5939652407826566,755.6080000000001,2017_kk_139,Kusko,2017,0.7058785418239337
722,378.328,0.7037287949101874,0.5887264240986104,756.6560000000001,2017_kk_139,Kusko,2017,0.7058791632553667
723,378.852,0.707320971055926,0.5835600580602377,757.7040000000001,2017_kk_139,Kusko,2017,0.7058763230761519
724,379.376,0.7068457161634564,0.5824490805849984,758.7520000000001,2017_kk_139,Kusko,2017,0.7058851445016908
725,379.9,0.7073278262392033,0.5832171975300213,759.8000000000001,2017_kk_139,Kusko,2017,0.705891717468153
726,380.424,0.706126692802016,0.5884582505654079,760.8480000000001,2017_kk_139,Kusko,2017,0.7059140528590129
727,380.948,0.7066275234754038,0.5829310907899806,761.8960000000001,2017_kk_139,Kusko,2017,0.7059152064256033
728,381.472,0.7048204051390593,0.5760355873358955,762.9440000000001,2017_kk_139,Kusko,2017,0.7059177054047933
729,381.996,0.7049157274781582,0.5756656165358583,763.9920000000001,2017_kk_139,Kusko,2017,0.7058947948306273
730,382.52,0.7048660008495108,0.5835281887070283,765.0400000000001,2017_kk_139,Kusko,2017,0.7058958378339215
731,383.044,0.7057491647289421,0.5753525537037104,766.0880000000001,2017_kk_139,Kusko,2017,0.7059096301927977
732,383.568,0.7057440707859922,0.5710989027953752,767.1360000000001,2017_kk_139,Kusko,2017,0.7059033222222373
733,384.092,0.7075717139686246,0.5758809870506308,768.1840000000001,2017_kk_139,Kusko,2017,0.7059139859820805
734,384.616,0.7062918091075108,0.576024587490303,769.2320000000001,2017_kk_139,Kusko,2017,0.7059399726328073
735,385.14,0.7051463548017542,0.5849403906497063,770.2800000000001,2017_kk_139,Kusko,2017,0.705935110538162
736,385.664,0.7050425985254022,0.5829240461378788,771.3280000000001,2017_kk_139,Kusko,2017,0.7059447707724187
737,386.188,0.706178838174036,0.5809653250483829,772.376,2017_kk_139,Kusko,2017,0.7059255915041265
738,386.712,0.707171634443025,0.5835174636215085,773.424,2017_kk_139,Kusko,2017,0.7059177674408496
739,387.236,0.7050103146581591,0.5817499663960007,774.472,2017_kk_139,Kusko,2017,0.7059077613534764
740,387.76,0.7038833105226457,0.576492469802676,775.52,2017_kk_139,Kusko,2017,0.7058689348816827
741,388.284,0.7057854478938935,0.5674767537298362,776.568,2017_kk_139,Kusko,2017,0.7058504614108592
742,388.808,0.7042008197030485,0.5761795106745382,777.616,2017_kk_139,Kusko,2017,0.7058036530275626
743,389.332,0.705612946194286,0.5782530675813703,778.664,2017_kk_139,Kusko,2017,0.7058054233314095
744,389.856,0.7047746961086636,0.5788280832148563,779.712,2017_kk_139,Kusko,2017,0.7057862191290634
745,390.38,0.7075020231683558,0.5755461855015394,780.76,2017_kk_139,Kusko,2017,0.7058128556026023
746,390.904,0.7048539698275429,0.5775498826943701,781.808,2017_kk_139,Kusko,2017,0.7057858665696435
747,391.428,0.7061561062322854,0.5931928788656948,782.856,2017_kk_139,Kusko,2017,0.7057951018059049
748,391.952,0.7051817523179077,0.5937819475043854,783.904,2017_kk_139,Kusko,2017,0.7057802028216488
749,392.476,0.7054093023030253,0.604966025425518,784.952,2017_kk_139,Kusko,2017,0.7057592944881672
750,393,0.7050480323661791,0.6115339969606989,786,2017_kk_139,Kusko,2017,0.7057650723423717
751,393.524,0.7055199096167765,0.6112281262574657,787.048,2017_kk_139,Kusko,2017,0.7057800427570934
752,394.048,0.7052942300452788,0.6136336746815995,788.096,2017_kk_139,Kusko,2017,0.7058139794695618
753,394.572,0.705899941471082,0.6053885651625872,789.144,2017_kk_139,Kusko,2017,0.705796967918613
754,395.096,0.7060397291853092,0.6058749033024224,790.192,2017_kk_139,Kusko,2017,0.7057852605663862
755,395.62,0.7065681828796022,0.595415589137158,791.24,2017_kk_139,Kusko,2017,0.7057433860888374
756,396.144,0.7059458844642831,0.5920057817772557,792.288,2017_kk_139,Kusko,2017,0.7057488646282144
757,396.668,0.7065984917992366,0.5976079026652571,793.336,2017_kk_139,Kusko,2017,0.7057355752215313
758,397.192,0.7046624408180665,0.5977763765455358,794.384,2017_kk_139,Kusko,2017,0.7057220206174423
759,397.716,0.7048167692359447,0.6072053852002178,795.432,2017_kk_139,Kusko,2017,0.7057044423441284
760,398.24,0.7065339522865606,0.6090689365083988,796.48,2017_kk_139,Kusko,2017,0.7057057731893771
761,398.764,0.7064155728100523,0.6161234771648104,797.528,2017_kk_139,Kusko,2017,0.7057392233101321
762,399.288,0.7047155049803445,0.6201161182088947,798.576,2017_kk_139,Kusko,2017,0.7057413771913147
763,399.812,0.7059666658179028,0.6186863795662194,799.624,2017_kk_139,Kusko,2017,0.7057041392617973
764,400.336,0.7059030520287228,0.6141669552751353,800.672,2017_kk_139,Kusko,2017,0.7057003756026746
765,400.86,0.7043793291026198,0.6147317888158338,801.72,2017_kk_139,Kusko,2017,0.7057083114723098
766,401.384,0.7063716709528598,0.6252139920545348,802.768,2017_kk_139,Kusko,2017,0.7057363737458483
767,401.908,0.7046933043442605,0.6317708764711444,803.816,2017_kk_139,Kusko,2017,0.7057356692522485
768,402.432,0.7069809624753527,0.6336985230049857,804.864,2017_kk_139,Kusko,2017,0.705704046582939
769,402.956,0.7058104810054502,0.6277302356722665,805.912,2017_kk_139,Kusko,2017,0.7056924726101724
770,403.48,0.7044025349301509,0.6319902597318942,806.96,2017_kk_139,Kusko,2017,0.7057132204360983
771,404.004,0.7063014003991718,0.6308427027652269,808.008,2017_kk_139,Kusko,2017,0.7056824262786345
772,404.528,0.7059028541589587,0.6405517772720843,809.056,2017_kk_139,Kusko,2017,0.7057174679626131
773,405.052,0.707019075496219,0.6409888025013207,810.104,2017_kk_139,Kusko,2017,0.7057247917105579
774,405.576,0.7062519171942732,0.6484033391407371,811.152,2017_kk_139,Kusko,2017,0.7057514691354083
775,406.1,0.7062358091788526,0.644428589871974,812.2,2017_kk_139,Kusko,2017,0.7057481969714419
776,406.624,0.7054834560236835,0.647071519867056,813.248,2017_kk_139,Kusko,2017,0.7057340693861711
777,407.148,0.7069688502562386,0.6526228349269777,814.296,2017_kk_139,Kusko,2017,0.705734247209768
778,407.672,0.7058597543594752,0.6505660019666089,815.344,2017_kk_139,Kusko,2017,0.7057617301866091
779,408.196,0.7053298133375139,0.6385784435148842,816.392,2017_kk_139,Kusko,2017,0.7057471814368169
780,408.72,0.7069014253430269,0.6459995881322128,817.44,2017_kk_139,Kusko,2017,0.7057913676699045
781,409.244,0.7061350354840903,0.6397720716190509,818.488,2017_kk_139,Kusko,2017,0.7057999620285689
782,409.768,0.7057649976582896,0.6480587145526702,819.5360000000001,2017_kk_139,Kusko,2017,0.7058318983656846
783,410.292,0.7063002779990021,0.6494107120481579,820.5840000000001,2017_kk_139,Kusko,2017,0.7058498998689327
784,410.816,0.7061432750298422,0.653833271088029,821.6320000000001,2017_kk_139,Kusko,2017,0.7058576144433636
785,411.34,0.7048153575862747,0.6540404869332175,822.6800000000001,2017_kk_139,Kusko,2017,0.7058516310316703
786,411.864,0.7064554051646401,0.670045251097158,823.7280000000001,2017_kk_139,Kusko,2017,0.7058705378245258
787,412.388,0.7058301590744185,0.6671764835578702,824.7760000000001,2017_kk_139,Kusko,2017,0.705871810440579
788,412.912,0.7040071288937215,0.6655211507020546,825.8240000000001,2017_kk_139,Kusko,2017,0.7059144960158787
789,413.436,0.7038610310793285,0.6717117842666497,826.8720000000001,2017_kk_139,Kusko,2017,0.705911452362221
790,413.96,0.7049458515644265,0.6613861580718333,827.9200000000001,2017_kk_139,Kusko,2017,0.7058946311045271
791,414.484,0.70775617197424,0.6649805862593348,828.9680000000001,2017_kk_139,Kusko,2017,0.7058750770890018
792,415.008,0.7058733036569547,0.6573217490689691,830.0160000000001,2017_kk_139,Kusko,2017,0.7058934286061039
793,415.532,0.705337438197578,0.6479707664595022,831.0640000000001,2017_kk_139,Kusko,2017,0.70586619246332
794,416.056,0.7060659895601535,0.6333807487057125,832.1120000000001,2017_kk_139,Kusko,2017,0.7058768884789525
795,416.58,0.7056225069798627,0.6461148579716004,833.1600000000001,2017_kk_139,Kusko,2017,0.7059133696727434
796,417.104,0.7067263349377113,0.6435752924837106,834.2080000000001,2017_kk_139,Kusko,2017,0.7059183781452647
797,417.628,0.7061365685580451,0.6539299900737119,835.2560000000001,2017_kk_139,Kusko,2017,0.7059187420699111
798,418.152,0.7052742742844549,0.6562961101464363,836.3040000000001,2017_kk_139,Kusko,2017,0.7058707326141529
799,418.676,0.704315876292166,0.6552413485027567,837.3520000000001,2017_kk_139,Kusko,2017,0.7058837813468377
800,419.2000000000001,0.7051281800781929,0.6494091398842322,838.4000000000001,2017_kk_139,Kusko,2017,0.7059013534869916
801,419.7240000000001,0.7039377984460701,0.6541307890361097,839.4480000000001,2017_kk_139,Kusko,2017,0.7059007827148966
802,420.248,0.7063033207417725,0.6645934526869504,840.496,2017_kk_139,Kusko,2017,0.7059073266389854
803,420.772,0.706052371070971,0.661101853285118,841.544,2017_kk_139,Kusko,2017,0.7058770843961747
804,421.296,0.7063753415996844,0.6651406597743895,842.592,2017_kk_139,Kusko,2017,0.7058768785810493
805,421.82,0.7073056933303731,0.6609783576543812,843.64,2017_kk_139,Kusko,2017,0.7058829325343765
806,422.344,0.7040063147112944,0.660375257952644,844.688,2017_kk_139,Kusko,2017,0.7058819812632571
807,422.868,0.7061667756480904,0.6562330780537351,845.736,2017_kk_139,Kusko,2017,0.7058876680609814
808,423.392,0.706830730928381,0.6532650718896439,846.784,2017_kk_139,Kusko,2017,0.7059063815210836
809,423.916,0.7045363773154939,0.6517946844248942,847.832,2017_kk_139,Kusko,2017,0.7059087195504488
810,424.44,0.7076992063514271,0.6425623557118004,848.88,2017_kk_139,Kusko,2017,0.7058888992426401
811,424.964,0.7060355711366427,0.6401239778745195,849.928,2017_kk_139,Kusko,2017,0.7058937137411413
812,425.488,0.7072104102722307,0.63634058383652925,850.976,2017_kk_139,Kusko,2017,0.7059000533427581
813,426.012,0.7069800316659663,0.6313047699694028,852.024,2017_kk_139,Kusko,2017,0.7058847435328149
814,426.536,0.7065026036511592,0.6183856232948386,853.072,2017_kk_139,Kusko,2017,0.70588437543909
815,427.06,0.7062091781780033,0.6178423872723906,854.12,2017_kk_139,Kusko,2017,0.7059074980901314
816,427.584,0.7070802920356218,0.6261257316173352,855.168,2017_kk_139,Kusko,2017,0.7058976904347621
817,428.108,0.7066748487624268,0.6320991848376205,856.216,2017_kk_139,Kusko,2017,0.7059193832803011
818,428.632,0.7072235753360463,0.628398640689544,857.264,2017_kk_139,Kusko,2017,0.7059607277923207
819,429.156,0.704634150016481,0.6242904413742781,858.312,2017_kk_139,Kusko,2017,0.7060247244451003
820,429.68,0.7055246768249273,0.6245832797698497,859.36,2017_kk_139,Kusko,2017,0.7060428225303383
821,430.204,0.7052423318785312,0.6147978726724019,860.408,2017_kk_139,Kusko,2017,0.7060502611017552
822,430.728,0.70581659600648206,0.6292722884950135,861.456,2017_kk_139,Kusko,2017,0.7060652916013016
823,431.252,0.7043324972508634,0.6238875457596069,862.504,2017_kk_139,Kusko,2017,0.7061205252069571
824,431.776,0.7065448129666648,0.6218017122338727,863.552,2017_kk_139,Kusko,2017,0.7061293339016271
825,432.3,0.70656820073008,0.6058541977728703,864.6,2017_kk_139,Kusko,2017,0.706144733547207
826,432.824,0.7066721793041348,0.6028010275917348,865.648,2017_kk_139,Kusko,2017,0.706144288125781
827,433.348,0.7047151398230436,0.6030959274670654,866.696,2017_kk_139,Kusko,2017,0.7061680671834911
828,433.872,0.7041003951298624,0.5975041188954776,867.744,2017_kk_139,Kusko,2017,0.7061890545780497
829,434.396,0.7065934049665408,0.5848259709673973,868.792,2017_kk_139,Kusko,2017,0.7062411443373036
830,434.92,0.7054568633393821,0.5919860989384825,869.84,2017_kk_139,Kusko,2017,0.7062691734161918
831,435.444,0.7062671540734716,0.5931744363788007,870.888,2017_kk_139,Kusko,2017,0.7063340941403834
832,435.968,0.7062954896042821,0.5854847136166408,871.936,2017_kk_139,Kusko,2017,0.7063354157686799
833,436.492,0.7052045409275787,0.585501593149073,872.984,2017_kk_139,Kusko,2017,0.7063878154230351
834,437.016,0.7062395682867451,0.5945952791108366,874.032,2017_kk_139,Kusko,2017,0.7064071497730111
835,437.54,0.7065990463784878,0.5883215741854829,875.08,2017_kk_139,Kusko,2017,0.7064202344983822
836,438.064,0.7054263797565167,0.5814557639986666,876.128,2017_kk_139,Kusko,2017,0.7065064989530657
837,438.588,0.7073100581196947,0.5692689054684515,877.176,2017_kk_139,Kusko,2017,0.706539295193895
838,439.112,0.7069825619656102,0.557052769225149,878.224,2017_kk_139,Kusko,2017,0.7065285387186274
839,439.636,0.7054700950994253,0.5656188774277011,879.272,2017_kk_139,Kusko,2017,0.7065752429022841
840,440.16,0.7057122068745124,0.568580139358374,880.32,2017_kk_139,Kusko,2017,0.706558247870779
841,440.684,0.7064239053941613,0.5666115837364698,881.368,2017_kk_139,Kusko,2017,0.7066047931519406
842,441.208,0.7061453737552944,0.569383227766548,882.416,2017_kk_139,Kusko,2017,0.7065944508042127
843,441.732,0.7053816894024142,0.5823618235946889,883.464,2017_kk_139,Kusko,2017,0.7066080460431909
844,442.256,0.7061211894063408,0.5856364458824348,884.5120000000001,2017_kk_139,Kusko,2017,0.706610954279845
845,442.78,0.706202716648765,0.578272933575926,885.5600000000001,2017_kk_139,Kusko,2017,0.7066424100005749
846,443.304,0.7058669458424808,0.580232313172168,886.6080000000001,2017_kk_139,Kusko,2017,0.7066689828287239
847,443.828,0.7071317298067582,0.580505077006036,887.6560000000001,2017_kk_139,Kusko,2017,0.7066988842344626
848,444.352,0.706487799614899,0.5703142082468611,888.7040000000001,2017_kk_139,Kusko,2017,0.7067057595428986
849,444.876,0.7077008302461032,0.5624734807849983,889.7520000000001,2017_kk_139,Kusko,2017,0.7067685798534827
850,445.4,0.7060317366787058,0.5724072883023383,890.8000000000001,2017_kk_139,Kusko,2017,0.7068092438361269
851,445.924,0.7082024862592513,0.5711616991465871,891.8480000000001,2017_kk_139,Kusko,2017,0.7068387049711727
852,446.448,0.7067751336297389,0.5711440183089441,892.8960000000001,2017_kk_139,Kusko,2017,0.7068822992624822
853,446.972,0.7086514545369101,0.5665793375786436,893.9440000000001,2017_kk_139,Kusko,2017,0.706948961585105
854,447.496,0.7065945112403574,0.5761245062180483,894.9920000000001,2017_kk_139,Kusko,2017,0.7069570708827417
855,448.02,0.7065464857146522,0.5763537070168258,896.0400000000001,2017_kk_139,Kusko,2017,0.7069936318929589
856,448.544,0.7066996096521552,0.5776884689712753,897.0880000000001,2017_kk_139,Kusko,2017,0.7070339154987413
857,449.068,0.707563312020653,0.5706868400789945,898.1360000000001,2017_kk_139,Kusko,2017,0.7070882050094341
858,449.592,0.7065335179579719,0.5710589707957439,899.1840000000001,2017_kk_139,Kusko,2017,0.7071595833018579
859,450.116,0.707441261847398,0.5710638479197567,900.2320000000001,2017_kk_139,Kusko,2017,0.7071941780257031
860,450.64,0.7068099248114839,0.564498157552605,901.28,2017_kk_139,Kusko,2017,0.7072431206929974
861,451.164,0.7078330418975715,0.5568171320515505,902.328,2017_kk_139,Kusko,2017,0.7072878659207931
862,451.6880000000001,0.7063826184395614,0.5623472721178633,903.376,2017_kk_139,Kusko,2017,0.7073182002800542
863,452.2120000000001,0.7091963503322808,0.5704561794538296,904.424,2017_kk_139,Kusko,2017,0.7073477910791136
864,452.7360000000001,0.7075354025982509,0.5779642813070518,905.472,2017_kk_139,Kusko,2017,0.7073833627337291
865,453.26,0.7080907768526296,0.5870537857177701,906.52,2017_kk_139,Kusko,2017,0.7074123505675046
866,453.784,0.7091821819923063,0.5799458357507168,907.568,2017_kk_139,Kusko,2017,0.7074434781070146
867,454.308,0.7081345500978482,0.5863302016420555,908.616,2017_kk_139,Kusko,2017,0.707465242944301
868,454.832,0.7061853424123222,0.5966650611561547,909.664,2017_kk_139,Kusko,2017,0.7074628403146817
869,455.356,0.7073386283348972,0.6001277514298254,910.712,2017_kk_139,Kusko,2017,0.7075059850378994
870,455.88,0.7066795044611194,0.6110124795329536,911.76,2017_kk_139,Kusko,2017,0.7075354071669302
871,456.404,0.7088282880063356,0.6303812450221994,912.808,2017_kk_139,Kusko,2017,0.7075918255264895
872,456.928,0.7065898694085603,0.637226384076756,913.856,2017_kk_139,Kusko,2017,0.7076301677692773
873,457.452,0.7077957460046618,0.6572135670336773,914.904,2017_kk_139,Kusko,2017,0.7076707401194751
874,457.976,0.7066770978504034,0.6738718190088567,915.952,2017_kk_139,Kusko,2017,0.7077168863956479
875,458.5,0.7080965214218014,0.6772146073078075,917,2017_kk_139,Kusko,2017,0.7077666525690935
876,459.024,0.7086746617245587,0.6902739012014275,918.048,2017_kk_139,Kusko,2017,0.707821762992712
877,459.548,0.7084689331067441,0.708056621496962,919.096,2017_kk_139,Kusko,2017,0.7078653237532296
878,460.072,0.7076360938422075,0.7193556435299108,920.144,2017_kk_139,Kusko,2017,0.7078988438800796
879,460.596,0.7084033686515313,0.7140411722120237,921.192,2017_kk_139,Kusko,2017,0.7079150120939508
880,461.12,0.7079645157835793,0.723126433047173,922.24,2017_kk_139,Kusko,2017,0.7079541520770375
881,461.644,0.7070099999812853,0.7302352081863227,923.288,2017_kk_139,Kusko,2017,0.7079787382825484
882,462.168,0.7084322534850511,0.7397004438236986,924.336,2017_kk_139,Kusko,2017,0.7080217293636417
883,462.692,0.7083322366082248,0.7440706901525599,925.384,2017_kk_139,Kusko,2017,0.7080173540391045
884,463.216,0.7070313708248677,0.7471875712901984,926.432,2017_kk_139,Kusko,2017,0.7080521850611639
885,463.74,0.708761861343115,0.7567919891551192,927.48,2017_kk_139,Kusko,2017,0.7080833920161258
886,464.264,0.7090891956510734,0.770609974819882,928.528,2017_kk_139,Kusko,2017,0.7081048348099497
887,464.788,0.7079725104646162,0.7756865419554096,929.576,2017_kk_139,Kusko,2017,0.7081201870624739
888,465.312,0.70838309267529,0.7744871821935024,930.624,2017_kk_139,Kusko,2017,0.7081733697568412
889,465.836,0.7086690883972441,0.7816218635215827,931.672,2017_kk_139,Kusko,2017,0.7081727388319086
890,466.36,0.7083934233770526,0.7941331414495526,932.72,2017_kk_139,Kusko,2017,0.7082126821121001
891,466.884,0.708951867741208,0.8027677837155528,933.768,2017_kk_139,Kusko,2017,0.7082332658831557
892,467.408,0.7081155511599484,0.8029416447948843,934.816,2017_kk_139,Kusko,2017,0.7082629540421961
893,467.932,0.7069799888711451,0.7990842954880263,935.864,2017_kk_139,Kusko,2017,0.7082451207498391
894,468.456,0.7083738675636801,0.8149741215473087,936.912,2017_kk_139,Kusko,2017,0.7082640015153118
895,468.98,0.7083383164050121,0.8232606659634978,937.96,2017_kk_139,Kusko,2017,0.7082821180357094
896,469.504,0.7072940321271133,0.8257908149466474,939.008,2017_kk_139,Kusko,2017,0.708281242439326
897,470.028,0.7086159483568854,0.8423762318887659,940.056,2017_kk_139,Kusko,2017,0.7082813624078287
898,470.552,0.706838404188446,0.8449029217580158,941.104,2017_kk_139,Kusko,2017,0.7083298271927857
899,471.076,0.7080587784924861,0.8341186422087687,942.152,2017_kk_139,Kusko,2017,0.7083449360292721
900,471.6,0.7074775346163646,0.8439729895104803,943.2,2017_kk_139,Kusko,2017,0.7083866226742533
901,472.124,0.7098090069677164,0.8423246229754768,944.248,2017_kk_139,Kusko,2017,0.7083987352198455
902,472.648,0.7084459083225657,0.8432552214762865,945.296,2017_kk_139,Kusko,2017,0.7084281762888356
903,473.172,0.707816030414275,0.8580566115407883,946.344,2017_kk_139,Kusko,2017,0.7084472789242606
904,473.696,0.7088899659767085,0.8643197280716238,947.392,2017_kk_139,Kusko,2017,0.7084682154656843
905,474.22,0.7091886870555061,0.8480237001466021,948.44,2017_kk_139,Kusko,2017,0.7085095343798058
906,474.744,0.7091735712595937,0.8535817451300292,949.488,2017_kk_139,Kusko,2017,0.7085076703951375
907,475.268,0.7097453754378089,0.8708847407073724,950.536,2017_kk_139,Kusko,2017,0.708520484661482
908,475.792,0.708499007225905,0.8835554624521247,951.584,2017_kk_139,Kusko,2017,0.7085541053361482
909,476.316,0.7086709230783719,0.8869536901022622,952.632,2017_kk_139,Kusko,2017,0.7085548382543932
910,476.84,0.7083801356639073,0.8775963389842483,953.68,2017_kk_139,Kusko,2017,0.7085757104950203
911,477.364,0.7096776585899072,0.8680670522457364,954.728,2017_kk_139,Kusko,2017,0.70861480066915294
912,477.888,0.7093545984953347,0.8715597511254893,955.776,2017_kk_139,Kusko,2017,0.7086273790128385
913,478.412,0.7083889350646781,0.8781464789384053,956.824,2017_kk_139,Kusko,2017,0.7086371442925535
914,478.936,0.7086843725639214,0.8802622457812885,957.872,2017_kk_139,Kusko,2017,0.7086583377111259
915,479.46,0.7084189030123618,0.874117256716463,958.92,2017_kk_139,Kusko,2017,0.7086622562755243
916,479.984,0.7079861772815909,0.8768247903670112,959.968,2017_kk_139,Kusko,2017,0.7086617612642637
917,480.508,0.7084844471721142,0.8823235646110147,961.016,2017_kk_139,Kusko,2017,0.7086740925520986
918,481.032,0.7097244796200061,0.8860740574033673,962.064,2017_kk_139,Kusko,2017,0.7086996983081056
919,481.556,0.7074034063514396,0.8952544839000136,963.112,2017_kk_139,Kusko,2017,0.7086875402815415
920,482.08,0.7092065216229791,0.8765171747837012,964.16,2017_kk_139,Kusko,2017,0.7086926164098578
921,482.604,0.709068068160912,0.8878438000448313,965.208,2017_kk_139,Kusko,2017,0.7087040081986598
922,483.128,0.7081639079819813,0.9206676917369816,966.256,2017_kk_139,Kusko,2017,0.708711417879585
923,483.652,0.7081263527908658,0.9234483079042436,967.304,2017_kk_139,Kusko,2017,0.7087631189953405
924,484.176,0.7086682485266063,0.9333369195427303,968.352,2017_kk_139,Kusko,2017,0.7088015626095217
925,484.7000000000001,0.7091777680764839,0.9525005270844884,969.4,2017_kk_139,Kusko,2017,0.7088056296037307
926,485.2240000000001,0.7091296462092984,0.9480660948881364,970.448,2017_kk_139,Kusko,2017,0.708846770882208
927,485.7480000000001,0.7081417482080096,0.9337634360261524,971.496,2017_kk_139,Kusko,2017,0.7088586627538574
928,486.2720000000001,0.7090932295097443,0.9560311380294668,972.544,2017_kk_139,Kusko,2017,0.7089041122774772
929,486.7960000000001,0.7082451585240783,0.9703127385310728,973.592,2017_kk_139,Kusko,2017,0.7089091892335393
930,487.32,0.7091807031600013,0.974333590847265,974.64,2017_kk_139,Kusko,2017,0.7089152843067515
931,487.844,0.7095550407418637,0.975806678740222,975.688,2017_kk_139,Kusko,2017,0.7088980411552886
932,488.368,0.7083563335479609,0.998631902120396,976.736,2017_kk_139,Kusko,2017,0.708915098084876
933,488.892,0.7089419041301611,1.0042724462146593,977.784,2017_kk_139,Kusko,2017,0.7089306040295096
934,489.416,0.7079332903358222,1.0066856058059626,978.832,2017_kk_139,Kusko,2017,0.7089359450607462
935,489.94,0.7105756562690922,1.008157763935955,979.88,2017_kk_139,Kusko,2017,0.7089386116844961
936,490.464,0.7085628226444622,1.0153387471069757,980.928,2017_kk_139,Kusko,2017,0.7089482624121105
937,490.988,0.7092377890874111,1.0185174413005873,981.976,2017_kk_139,Kusko,2017,0.7089416786644506
938,491.512,0.709653334322179,1.0227518319002729,983.024,2017_kk_139,Kusko,2017,0.7089570476776023
939,492.036,0.7084473437462331,1.0345135875688067,984.072,2017_kk_139,Kusko,2017,0.7089693356983555
940,492.56,0.7092168502212032,1.039504870083739,985.12,2017_kk_139,Kusko,2017,0.7089790774758401
941,493.084,0.7093554104292441,1.0219812194148756,986.168,2017_kk_139,Kusko,2017,0.7089735625689769
942,493.608,0.7091869541061795,1.0460692679234689,987.216,2017_kk_139,Kusko,2017,0.7089685650980844
943,494.132,0.708918153391129,1.0490204644113237,988.264,2017_kk_139,Kusko,2017,0.7089849948931534
944,494.656,0.7083029759392045,1.0389688980970453,989.312,2017_kk_139,Kusko,2017,0.7089912906297664
945,495.18,0.7089969752070205,1.0571828945863289,990.36,2017_kk_139,Kusko,2017,0.7089871949316058
946,495.704,0.7090594949754383,1.0893330210518124,991.408,2017_kk_139,Kusko,2017,0.7090121254946705
947,496.228,0.7087123877347099,1.0755697407675493,992.456,2017_kk_139,Kusko,2017,0.7090284804408711
948,496.752,0.7099194380357132,1.0683869195597586,993.504,2017_kk_139,Kusko,2017,0.7090362879789242
949,497.276,0.7079396068033923,1.1069767849742238,994.552,2017_kk_139,Kusko,2017,0.7090567506520836
950,497.8,0.7086979910760356,1.1120166756261054,995.6,2017_kk_139,Kusko,2017,0.7090633632767442
951,498.324,0.7096353750693221,1.128956161359593,996.648,2017_kk_139,Kusko,2017,0.7090436889898464
952,498.848,0.7085601320154699,1.126515995414343,997.696,2017_kk_139,Kusko,2017,0.7090621844393542
953,499.372,0.7100820558164678,1.115024531324352,998.744,2017_kk_139,Kusko,2017,0.7090825572946916
954,499.896,0.7106804844145522,1.1299591862264302,999.792,2017_kk_139,Kusko,2017,0.7090969895160855
955,500.42,0.7085823360575518,1.1548453012123117,1000.84,2017_kk_139,Kusko,2017,0.7091066252993737
956,500.944,0.7097625088357562,1.1727207432126947,1001.888,2017_kk_139,Kusko,2017,0.7091000290955187
957,501.468,0.7093294606558453,1.1811673836915138,1002.936,2017_kk_139,Kusko,2017,0.7091174162936389
958,501.992,0.7095653756056343,1.1667094322158826,1003.984,2017_kk_139,Kusko,2017,0.7091350656586005
959,502.516,0.7083633958562101,1.1755611273949675,1005.032,2017_kk_139,Kusko,2017,0.709148237659652
960,503.04,0.7078432390090968,1.1767343602578657,1006.08,2017_kk_139,Kusko,2017,0.7091408295457544
961,503.564,0.7087744178799442,1.1620221688930084,1007.128,2017_kk_139,Kusko,2017,0.7091479141437933
962,504.088,0.7094693240978006,1.1519447072797566,1008.176,2017_kk_139,Kusko,2017,0.7091688909661343
963,504.612,0.7087463870922938,1.1480183137069615,1009.224,2017_kk_139,Kusko,2017,0.7091822703313917
964,505.136,0.7092104278509073,1.1435926468499364,1010.272,2017_kk_139,Kusko,2017,0.7092005683482523
965,505.66,0.7093486844805015,1.146245053220478,1011.32,2017_kk_139,Kusko,2017,0.7091796503871243
966,506.184,0.7097526149164592,1.151076700805244,1012.368,2017_kk_139,Kusko,2017,0.7091836251440429
967,506.708,0.7093503505782138,1.1620961339343936,1013.416,2017_kk_139,Kusko,2017,0.7091923190894895
968,507.232,0.7094211480150026,1.181420493792294,1014.464,2017_kk_139,Kusko,2017,0.7091884796115626
969,507.756,0.70940820432356555,1.1766883495272489,1015.512,2017_kk_139,Kusko,2017,0.7091871247081568
970,508.28,0.7089646423129823,1.1600601723927393,1016.56,2017_kk_139,Kusko,2017,0.709180529855429
971,508.804,0.7093467641781164,1.158116533228983,1017.608,2017_kk_139,Kusko,2017,0.7091987944315389
972,509.328,0.7090547502417799,1.1685418002489607,1018.656,2017_kk_139,Kusko,2017,0.7092078273565676
973,509.852,0.7093747227688154,1.1443730820253073,1019.704,2017_kk_139,Kusko,2017,0.7092201667931978
974,510.376,0.7090621167607017,1.1525941811546314,1020.752,2017_kk_139,Kusko,2017,0.7092366747160799
975,510.9,0.7081731611227238,1.1572854433246194,1021.8,2017_kk_139,Kusko,2017,0.7092432496963034
976,511.424,0.7094820110654776,1.145978770244641,1022.848,2017_kk_139,Kusko,2017,0.7092338510659747
977,511.948,0.7094657439441472,1.1599874277883613,1023.896,2017_kk_139,Kusko,2017,0.7092583470638523
978,512.472,0.710192931903191,1.1928981352788657,1024.944,2017_kk_139,Kusko,2017,0.7092593109415745
979,512.996,0.7086311667410066,1.2072660827452333,1025.992,2017_kk_139,Kusko,2017,0.7092794795933803
980,513.52,0.7096032791026134,1.207006020777597,1027.04,2017_kk_139,Kusko,2017,0.7093032092442203
981,514.044,0.7078876109470448,1.1834954095487575,1028.088,2017_kk_139,Kusko,2017,0.7092953905927636
982,514.568,0.7092736349524522,1.1804551145941775,1029.136,2017_kk_139,Kusko,2017,0.7092976694041351
983,515.092,0.7093487241111106,1.201481074149262,1030.184,2017_kk_139,Kusko,2017,0.70929516654426
984,515.616,0.7095341818102319,1.1747185685072792,1031.232,2017_kk_139,Kusko,2017,0.7092623041670173
985,516.14,0.7097559150737829,1.175947459261032,1032.28,2017_kk_139,Kusko,2017,0.709276522658081
986,516.664,0.708733873977998,1.2074488748995165,1033.328,2017_kk_139,Kusko,2017,0.7092622373504149
987,517.188,0.7091849800952175,1.2052716315665286,1034.376,2017_kk_139,Kusko,2017,0.709267295721517
988,517.712,0.7101521914074443,1.1783791790762994,1035.424,2017_kk_139,Kusko,2017,0.7092753878144396
989,518.236,0.7090354785871608,1.1706903941675135,1036.472,2017_kk_139,Kusko,2017,0.7092986944426729
990,518.76,0.708736216326153,1.1660788178194907,1037.52,2017_kk_139,Kusko,2017,0.7093330570411979
991,519.284,0.7099801166241951,1.1710384184303964,1038.568,2017_kk_139,Kusko,2017,0.7093545579723465
992,519.808,0.7096149428884202,1.1476706041001172,1039.616,2017_kk_139,Kusko,2017,0.7093578798174207
993,520.332,0.7097446660456072,1.1282687702911207,1040.664,2017_kk_139,Kusko,2017,0.7093781262852262
994,520.856,0.7090311713474551,1.1436475259914436,1041.712,2017_kk_139,Kusko,2017,0.7093797860051158
